<?xml version="1.0" encoding="utf-8"?>
<COLLADA xmlns="http://www.collada.org/2005/11/COLLADASchema" version="1.4.1" xmlns:xsi="http://www.w3.org/2001/XMLSchema-instance">
  <asset>
    <contributor>
      <author>Blender User</author>
      <authoring_tool>Blender 2.79.0 commit date:2018-03-22, commit time:14:10, hash:f4dc9f9d68b</authoring_tool>
    </contributor>
    <created>2019-05-13T15:40:36</created>
    <modified>2019-05-13T15:40:36</modified>
    <unit name="meter" meter="1"/>
    <up_axis>Z_UP</up_axis>
  </asset>
  <library_images>
    <image id="gigasquash_body_default_color_png" name="gigasquash_body_default_color_png">
      <init_from>gigasquash_body_default_color.png</init_from>
    </image>
  </library_images>
  <library_effects>
    <effect id="gigasquash_body_default_color-effect">
      <profile_COMMON>
        <newparam sid="gigasquash_body_default_color_png-surface">
          <surface type="2D">
            <init_from>gigasquash_body_default_color_png</init_from>
          </surface>
        </newparam>
        <newparam sid="gigasquash_body_default_color_png-sampler">
          <sampler2D>
            <source>gigasquash_body_default_color_png-surface</source>
          </sampler2D>
        </newparam>
        <technique sid="common">
          <phong>
            <emission>
              <color sid="emission">0 0 0 1</color>
            </emission>
            <ambient>
              <color sid="ambient">0 0 0 1</color>
            </ambient>
            <diffuse>
              <texture texture="gigasquash_body_default_color_png-sampler"/>
            </diffuse>
            <specular>
              <color sid="specular">0.1 0.1 0.1 1</color>
            </specular>
            <shininess>
              <float sid="shininess">50</float>
            </shininess>
            <index_of_refraction>
              <float sid="index_of_refraction">1</float>
            </index_of_refraction>
          </phong>
        </technique>
      </profile_COMMON>
    </effect>
  </library_effects>
  <library_materials>
    <material id="gigasquash_body_default_color-material" name="gigasquash_body_default_color">
      <instance_effect url="#gigasquash_body_default_color-effect"/>
    </material>
  </library_materials>
  <library_geometries>
    <geometry id="Body_Default_M_002-mesh" name="Body_Default_M.002">
      <mesh>
        <source id="Body_Default_M_002-mesh-positions">
          <float_array id="Body_Default_M_002-mesh-positions-array" count="8301">-0.3251953 0.05618286 -0.5019531 -0.4482422 0.0460205 -0.4562988 -0.4257813 0.044281 -0.7431641 -0.5712891 0.03363037 -0.7104492 -0.5620117 0.02719116 -0.5014649 -0.5117188 0.07098388 -0.9799805 -0.6459961 0.07043457 -0.9233399 -0.6582031 0.02296447 -0.6782227 -0.7856445 0.05484008 -0.8725586 -0.737793 0.1368408 -1.104492 -0.5864258 0.1362304 -1.18457 -0.9116211 0.04675292 -0.7734375 -0.7851563 0.02098083 -0.5737305 -0.5820313 0.04156494 -0.3762207 -0.890625 0.1219482 -1.023437 -1.030273 0.1121215 -0.909668 -0.8256836 0.2687988 -1.251953 -0.9824219 0.2443847 -1.161133 -1.132812 0.2467041 -1.043945 -1.149414 0.1205444 -0.7792969 -1.017578 0.06011962 -0.6591797 -0.675293 0.3395996 -1.396484 -0.8535156 0.03756713 -0.5200195 -0.6367188 0.05801391 -0.3146973 -1.03418 0.3603516 -1.235352 -0.890625 0.4072266 -1.338867 -1.30957 0.2941895 -0.9287109 -1.189453 0.3933106 -1.126953 -1.268555 0.1735839 -0.5830078 -1.445312 0.3190918 -0.6992188 -1.118164 0.1267089 -0.4887695 -0.9306641 0.09387207 -0.3483887 -1.091797 0.4658203 -1.316406 -0.7353516 0.5708008 -1.507812 -0.9814453 0.5307617 -1.415039 -0.7070313 0.08996582 -0.2045898 -1.553711 0.5424805 -0.7900391 -1.404297 0.5307617 -1.026367 -1.225586 0.5146484 -1.233398 -1.316406 0.2585449 -0.3937988 -1.491211 0.3833008 -0.4758301 -1.606445 0.574707 -0.5332031 -1.15625 0.2078857 -0.3229981 -0.9536133 0.1386718 -0.2543945 -0.8056641 0.1036987 -0.1711425 -1.344727 0.3566895 -0.2301025 -1.494141 0.4829102 -0.269043 -1.597656 0.7626953 -0.84375 -1.661133 0.796875 -0.5673828 -1.599609 0.6567383 -0.2995606 -1.162109 0.2709961 -0.1798095 -0.940918 0.1801757 -0.1203002 -0.746582 0.114685 -0.05093383 -1.258789 0.2480468 -0.04776 -1.417969 0.3330078 -0.06121826 -1.56543 0.4638672 -0.07061767 -1.057617 0.1572265 -2.69651e-4 -0.793457 0.1052246 0.06890869 -1.637695 0.8354492 -0.314209 -1.65625 1.005859 -0.5976563 -1.609375 0.9243164 -0.8671875 -1.670898 0.6430664 -0.07623291 -1.722656 0.824707 -0.07861328 -1.083984 0.1297607 0.09527587 -1.304687 0.2012939 0.1209106 -1.454102 0.2875977 0.1331787 -0.9067383 0.09588623 0.1376953 -1.704102 0.6206055 0.1635742 -1.600586 0.4289551 0.1489257 -1.763672 0.8085938 0.1721191 -1.730469 1.022461 -0.07458496 -1.625977 1.023437 -0.3112793 -1.100586 0.1171875 0.2810059 -1.435547 0.2661133 0.3391113 -1.291992 0.1778564 0.3122559 -1.582031 0.4125977 0.3776856 -1.682617 0.6083984 0.4099121 -0.8032227 0.0939331 0.2495117 -1.780273 1.017578 0.1833496 -1.743164 0.7998047 0.4328613 -1.589844 1.226562 -0.3073731 -1.707031 1.245117 -0.05545043 -1.609375 0.5952149 0.6450195 -1.506836 0.4011231 0.5932617 -1.348633 0.2447509 0.5327149 -1.22168 0.1712646 0.4921875 -1.757812 1.237305 0.2023925 -1.757812 1.014648 0.4526367 -1.663086 0.7866211 0.6826172 -1.487305 0.590332 0.8413086 -1.384766 0.4038086 0.7734375 -1.248047 0.2597656 0.6860352 -1.540039 1.427734 -0.2949219 -1.661133 1.449219 -0.03869628 -1.244141 0.4206543 0.9160156 -1.677734 1 0.7128906 -1.733398 1.235352 0.456543 -1.716797 1.435547 0.2260742 -1.688477 1.429687 0.4299317 -1.536133 0.9526367 0.9204102 -1.530273 0.7705078 0.8857422 -1.328125 0.5957031 1.016602 -1.650391 1.615234 0.1630859 -1.571289 1.678711 -0.05102539 -1.632812 1.24707 0.7333984 -1.511719 1.133789 0.949707 -1.611328 1.501953 0.6318359 -1.362305 0.7631836 1.06543 -1.361328 0.9262695 1.094727 -1.667969 1.579102 0.2519531 -1.652344 1.59668 0.3569336 -1.629883 1.646484 0.4206543 -1.522461 1.382812 0.8911133 -1.339844 1.083008 1.111328 -1.458008 1.257812 0.9995117 -1.511719 1.55957 0.8149414 -1.527344 1.734375 0.6064453 -1.174805 0.9243164 1.204102 -1.172852 0.784668 1.172852 -1.454102 1.481445 1.003906 -1.402344 1.369141 1.060547 -1.313477 1.207031 1.126953 -1.166016 1.070312 1.228516 -1.439453 1.586914 0.9580078 -1.448242 1.723633 0.7944336 -1.133789 0.9174805 1.34375 -1.137695 0.7529297 1.305664 -1.387695 1.505859 1.022461 -1.336914 1.441406 1.044922 -1.28418 1.330078 1.129883 -1.15918 1.19043 1.235352 -1.113281 1.083008 1.359375 -1.369141 1.708008 0.9487305 -1.393555 1.592773 0.9873047 -1.055664 0.9291992 1.489258 -1.049805 0.7373047 1.455078 -1.25293 1.417969 1.128906 -1.318359 1.46875 1.040039 -1.133789 1.353516 1.232422 -1.076172 1.237305 1.355469 -1.039062 1.121094 1.495117 -0.9077149 0.7329102 1.580078 -0.918457 0.9379883 1.614258 -1.138672 1.438477 1.226562 -1.240234 1.46582 1.124023 -1.023437 1.390625 1.313477 -0.9936524 1.293945 1.474609 -0.9086914 1.148437 1.618164 -0.7456055 0.7368164 1.667969 -0.7558594 0.953125 1.702148 -1.132812 1.501953 1.224609 -1.018555 1.494141 1.321289 -0.9130859 1.461914 1.412109 -0.8583984 1.364258 1.583008 -0.7470703 1.185547 1.704102 -0.5893555 0.9775391 1.753906 -0.5805664 0.7573242 1.722656 -1.009766 0.2202148 0.7299805 -0.9570313 0.1267089 0.5410156 -0.8491211 0.1491699 0.6450195 -0.7866211 0.1078491 0.480957 -0.6484375 0.1306152 0.5126953 -0.7236328 0.1895751 0.6811524 -1.131836 0.1904296 0.6264649 -1.011719 0.1134033 0.4545899 -0.7475586 0.09906005 0.3845215 -0.5644531 0.1425781 0.5678711 -0.5634766 0.1010742 0.65625 -0.6796875 0.09936523 0.7739258 -0.6352539 0.04849243 0.8378906 -0.4799805 0.07678222 0.6601563 -0.3903809 0.03845214 0.7412109 1.044922 0.1779785 0.6469727 0.8637695 0.1229858 0.5683594 1.098633 0.1933593 0.472168 0.8950195 0.1446533 0.3947754 1.099609 0.2189941 0.2871094 1.239258 0.2868652 0.302002 0.8969727 0.1627197 0.2893067 0.7163086 0.1156616 0.3811035 1.053711 0.2470703 0.1364746 1.228516 0.3388672 0.131958 0.8447266 0.187622 0.1434326 0.625 0.1329345 0.2888184 0.6269531 0.1019897 0.4636231 0.6396484 0.09259033 0.5834961 0.8920899 0.1729736 -0.01156616 1.112305 0.2286376 -0.03216552 1.259766 0.3010254 -0.07312011 0.5991211 0.1542968 0.1617431 0.6240234 0.1575927 0.01916503 0.8955078 0.1400146 -0.1464843 0.7041016 0.1295166 -0.09381103 1.111328 0.1783447 -0.2321777 0.859375 0.0873413 -0.3422852 0.5878906 0.1047973 -0.1712646 1.040039 0.1166381 -0.435791 1.257812 0.2458496 -0.2956543 1.414062 0.4404297 -0.1104736 0.4938965 0.0826416 -0.2744141 0.9306641 0.09509277 -0.640625 0.7275391 0.0626831 -0.5161133 1.189453 0.1740722 -0.5161133 1.438477 0.3999024 -0.3640137 1.387695 0.3254395 -0.6274414 1.074219 0.1567382 -0.7460938 1.521484 0.6298828 -0.140747 0.4245606 0.07421875 -0.3366699 0.7851563 0.0906372 -0.78125 0.9165039 0.1658935 -0.9169922 0.6455078 0.05810546 -0.5966797 1.25293 0.3105469 -0.8876953 1.498047 0.5585938 -0.6938477 1.541992 0.6103516 -0.4108887 0.6357422 0.08404541 -0.8339844 0.7470703 0.1695556 -1.001953 0.5024414 0.05844116 -0.6313477 0.3239746 0.06732177 -0.4018555 1.066406 0.3393555 -1.083008 0.8608399 0.380127 -1.183594 1.359375 0.5551758 -0.9697266 1.520508 0.7836914 -0.7158203 1.154297 0.5717774 -1.175781 1.388672 0.7895508 -0.9863281 0.9248047 0.6342774 -1.277344 1.18457 0.7993164 -1.196289 1.178711 0.9433594 -1.191406 0.9277344 0.847168 -1.299805 0.9135742 1.044922 -1.285156 1.06543 1.104492 -1.227539 1.025391 1.205078 -1.214844 0.8950195 1.225586 -1.249023 1.155273 1.186523 -1.230469 1.140625 1.224609 -1.226562 1.296875 1.808594 0.3051758 1.355469 1.585937 0.097229 1.236328 1.819336 0.1029052 1.415039 1.570312 0.3422852 1.316406 1.793945 0.5058594 1.417969 1.580078 0.5234375 1.476562 1.430664 0.4143067 1.353516 1.617187 0.7519531 1.273437 1.795898 0.7133789 1.458984 1.418945 0.6787109 1.473633 1.433594 0.4941406 1.543945 1.375977 0.4311524 1.245117 1.642578 0.9477539 1.395508 1.446289 0.847168 1.170898 1.799805 0.9023438 1.503906 1.382812 0.5600586 1.550781 1.375 0.4763184 1.520508 1.292969 0.597168 1.488281 1.304687 0.715332 1.59375 1.314453 0.4509277 1.128906 1.666992 1.063477 1.310547 1.483398 0.996582 1.210937 1.548828 1.085937 1.342773 1.358398 1.039062 1.435547 1.333008 0.8852539 1.571289 1.308594 0.5327149 1.556641 1.359375 0.5205078 1.178711 1.456055 1.144531 1.522461 1.170898 0.6962891 1.477539 1.165039 0.8876953 1.383789 1.165039 1.0625 1.088867 1.59082 1.136719 1.075195 1.555664 1.165039 1.171875 1.178711 1.202148 1.133789 1.274414 1.214844 1.073242 1.393555 1.220703 1.022461 1.477539 1.211914 0.9506836 1.232422 1.268555 0.940918 1.376953 1.279297 1.303711 1.072266 1.149414 1.005859 1.500977 1.206055 0.925293 1.464844 1.275391 1.050781 1.580078 1.139648 1.051758 1.554687 1.157227 1.017578 1.621094 1.139648 0.8657227 1.369141 1.334961 0.9609375 1.077148 1.249023 0.8710938 1.208984 1.360352 1.026367 1.56543 1.135742 1.02832 1.546875 1.144531 0.9111328 1.503906 1.277344 0.987793 1.522461 1.197266 0.8134766 1.472656 1.355469 0.9960938 1.59668 1.139648 1.007812 1.545898 1.130859 1.007812 1.543945 1.142578 0.8149414 1.287109 1.416992 0.824707 1.364258 1.382812 0.9047852 1.041992 1.359375 0.7915039 1.173828 1.484375 0.8085938 1.530273 1.353516 0.8964844 1.540039 1.272461 0.9750977 1.539062 1.18457 1.000977 1.541992 1.132812 0.9672852 1.551758 1.166016 0.7641602 1.25 1.489258 0.8222656 1.338867 1.483398 0.8837891 1.577148 1.25293 0.8017578 1.583984 1.347656 0.8774414 1.595703 1.230469 0.7866211 1.633789 1.333008 0.8955078 1.591797 1.157227 0.9643555 1.552734 1.115234 0.996582 1.526367 1.081055 0.7949219 1.65625 1.245117 0.7773438 1.662109 1.304687 0.7109375 1.635742 1.418945 0.6987305 1.689453 1.402344 0.9018555 1.576172 1.094727 0.8076172 1.62207 1.166016 0.9589844 1.542969 1.06543 0.7045899 1.71875 1.313477 0.6928711 1.723633 1.370117 0.6210938 1.699219 1.484375 0.6079102 1.759766 1.46875 0.9140625 1.549805 1.041016 0.8232422 1.600586 1.086914 0.7148438 1.65332 1.125977 0.7104492 1.678711 1.234375 0.6108399 1.783203 1.375977 0.5996094 1.796875 1.43457 0.5263672 1.750977 1.549805 0.5092774 1.8125 1.532227 0.6025391 1.701172 1.177734 0.8222656 1.606445 1.083984 0.9106445 1.563477 1.048828 0.7133789 1.662109 1.131836 0.4023438 1.799805 1.620117 0.6000977 1.708008 1.182617 0.7099609 1.662109 1.138672 0.8354492 1.608398 1.084961 0.8325195 1.612305 1.143555 -1.015625 1.563477 1.323242 -0.9106445 1.563477 1.416016 -0.7988281 1.526367 1.500977 -0.7099609 1.40332 1.65332 -0.5810547 1.214844 1.748047 -0.4621582 0.7685547 1.732422 -0.4680176 0.9951172 1.757812 -0.8046875 1.624023 1.507812 -0.9101563 1.630859 1.413086 -0.675293 1.579102 1.564453 -0.5527344 1.441406 1.680664 -0.4418945 1.229492 1.745117 -0.345459 1.004883 1.723633 -0.348877 0.7817383 1.704102 -0.8056641 1.69043 1.501953 -0.6933594 1.668945 1.588867 -0.5375977 1.611328 1.594727 -0.4025879 1.46582 1.679687 -0.3149414 1.250977 1.71875 -0.201538 1.041016 1.782227 -0.2175292 0.7998047 1.770508 -0.6953125 1.734375 1.582031 -0.5644531 1.700195 1.650391 -0.390625 1.630859 1.602539 -0.4106445 1.71875 1.682617 -0.2634277 1.47168 1.666992 -0.1662597 1.253906 1.760742 -0.007808685 1.023437 1.811523 -0.565918 1.767578 1.650391 -0.2430419 1.647461 1.601562 -0.2553711 1.735352 1.689453 -0.4147949 1.789062 1.696289 -0.1224975 1.474609 1.701172 0.01907348 1.268555 1.780273 -0.09649658 1.65332 1.608398 -0.1036376 1.743164 1.694336 -0.2587891 1.804687 1.714844 0.04812622 1.49707 1.705078 -0.4125977 1.862305 1.679687 -0.5571289 1.835937 1.625977 -0.6884766 1.798828 1.558594 0.05911254 1.733398 1.691406 0.05932617 1.644531 1.608398 -0.1027221 1.8125 1.722656 0.06451416 1.802734 1.716797 -0.2600098 1.87793 1.709961 -0.4072266 1.926758 1.639648 -0.5449219 1.898437 1.589844 -0.6748047 1.859375 1.52832 -0.7895508 1.810547 1.459961 -0.8017578 1.753906 1.484375 0.2324218 1.714844 1.667969 0.2409667 1.780273 1.68457 0.06774902 1.876953 1.712891 -0.1018066 1.885742 1.72168 0.2434082 1.848633 1.679687 -0.1063842 1.952148 1.686523 -0.2609863 1.945312 1.672852 -0.5292969 1.931641 1.535156 -0.6577149 1.892578 1.481445 -0.7744141 1.841797 1.419922 -0.8945313 1.753906 1.383789 -0.9057617 1.697266 1.40332 0.06127929 1.943359 1.681641 0.2346191 1.913086 1.65332 0.3874512 1.863281 1.597656 0.05850219 1.980469 1.624023 -0.1058959 1.989258 1.62207 0.2277832 1.949219 1.603516 -0.5136719 1.912109 1.458008 -0.6455078 1.875 1.412109 0.3742676 1.900391 1.553711 0.4956055 1.851562 1.496094 0.07720947 1.956055 1.542969 -0.08666992 1.972656 1.535156 0.2420654 1.927734 1.526367 0.3845215 1.888672 1.483398 0.5068359 1.84375 1.433594 -0.06573486 1.896484 1.459961 0.09448242 1.890625 1.462891 0.2504883 1.873047 1.448242 0.3859863 1.845703 1.415039 0.08111572 1.835937 1.306641 0.2351074 1.8125 1.290039 -0.2108154 1.891602 1.449219 -0.08142089 1.84375 1.308594 0.5078125 1.805664 1.374023 0.6113281 1.74707 1.319336 0.3679199 1.783203 1.260742 0.4868164 1.745117 1.223633 0.2196044 1.824219 1.300781 0.06750488 1.84668 1.318359 0.3588867 1.792969 1.268555 0.482666 1.753906 1.229492 -0.09185791 1.856445 1.322266 -0.2270507 1.839844 1.300781 0.2175292 1.839844 1.327148 0.3564453 1.803711 1.289062 0.06063842 1.868164 1.348633 0.4736328 1.763672 1.24707 0.5927734 1.713867 1.194336 -0.1130981 1.881836 1.348633 -0.2376708 1.851562 1.31543 0.3530274 1.816406 1.369141 0.2193603 1.855469 1.412109 0.4692383 1.772461 1.323242 0.5878906 1.719727 1.265625 0.06512451 1.883789 1.43457 -0.1069335 1.894531 1.436523 0.7045899 1.666016 1.204102 -0.2418212 1.887695 1.427734 -0.2504883 1.875 1.341797 0.355957 1.834961 1.40332 0.470459 1.791016 1.357422 0.2249755 1.873047 1.454102 0.5898438 1.741211 1.302734 0.7070313 1.683594 1.244141 -0.1018066 1.914062 1.474609 0.07080078 1.90332 1.475586 -0.2353515 1.907227 1.464844 0.8237305 1.625 1.183594 -0.3820801 1.868164 1.410156 -0.3740234 1.888672 1.446289 0.3596192 1.863281 1.422852 0.4743652 1.820312 1.376953 0.5947266 1.774414 1.324219 0.2297363 1.902344 1.477539 0.7128906 1.726562 1.267578 0.8378906 1.673828 1.207031 0.07513427 1.933594 1.498047 -0.09753417 1.944336 1.495117 0.9521484 1.619141 1.158203 0.9296875 1.577148 1.144531 0.3620606 1.895508 1.423828 0.4792481 1.857422 1.379883 0.6025391 1.820312 1.328125 0.7285156 1.772461 1.270508 0.2302246 1.938477 1.47168 0.8500977 1.719727 1.212891 0.9711914 1.655273 1.158203 0.07495117 1.97168 1.491211 0.482666 1.929687 1.350586 0.3632813 1.957031 1.392578 0.6074219 1.911133 1.298828 0.7436524 1.878906 1.234375 0.9213867 1.569336 1.109375 0.9296875 1.568359 1.057617 0.9628906 1.540039 1.03418 0.9648438 1.551758 1.107422 0.972168 1.557617 1.132812 0.9628906 1.541016 1.054687 0.9995117 1.539062 1.116211 0.9956055 1.525391 1.064453 0.9804688 1.53125 1.047852 0.9638672 1.529297 1.030273 0.9833984 1.524414 1.042969 -0.01776123 0.7924805 1.801758 0.1939697 1.00293 1.803711 0.1713867 0.7773438 1.794922 0.3833008 0.9697266 1.767578 0.2133789 1.250977 1.77832 0.3981934 1.21875 1.743164 0.3730469 1.448242 1.674805 0.2210693 1.479492 1.702148 0.5522461 1.167969 1.683594 0.5327149 1.378906 1.620117 0.3681641 0.7485352 1.751953 0.5625 0.9375 1.701172 0.1522216 0.5493164 1.735352 0.5087891 1.547852 1.549805 0.3740234 1.59082 1.592773 0.2174072 1.625 1.602539 0.7026367 1.081055 1.601562 0.6777344 1.216797 1.583008 0.6376953 1.388672 1.545898 0.640625 1.474609 1.491211 0.5571289 0.7226563 1.682617 0.3417969 0.5297852 1.698242 0.7133789 0.9077149 1.612305 0.1395263 0.3300781 1.616211 0.5253906 1.635742 1.554687 0.6274414 1.583984 1.491211 0.3955078 1.679687 1.616211 0.8178711 1.02832 1.493164 0.7128906 0.7089844 1.592773 0.5395508 0.5170899 1.632812 0.3093262 0.3073731 1.583008 0.8310547 0.8916016 1.487305 0.1412353 0.1507568 1.4375 0.625 1.642578 1.490234 0.5302734 1.694336 1.555664 0.4035645 1.740234 1.624023 0.8271484 0.7114258 1.467773 0.6977539 0.5131836 1.547852 0.5029297 0.2958984 1.53418 0.284668 0.1370849 1.40918 0.9111328 0.890625 1.34375 0.9052734 0.7329102 1.322266 0.9575195 0.7617188 1.21875 0.9663086 0.9130859 1.233398 1.100586 0.8496094 1.21582 1.071289 1.033203 1.220703 1.053711 0.9321289 1.21875 1.145508 0.9233399 1.27832 1.149414 0.9907227 1.262695 1.1875 1.103516 1.208984 1.214844 0.9243164 1.28418 1.204102 1.016602 1.25 1.258789 0.9907227 1.230469 1.289062 0.9448242 1.209961 0.6821289 1.301758 1.553711 0.7172852 1.392578 1.552734 0.7416992 1.341797 1.554687 0.7856445 1.392578 1.519531 0.7270508 1.444336 1.522461 0.7919922 1.325195 1.525391 0.7636719 1.458984 1.487305 0.7265625 1.509766 1.424805 0.8276367 1.384766 1.454102 0.8012695 1.436523 1.461914 0.7954102 1.449219 1.373047 0.7241211 1.543945 1.427734 0.71875 1.589844 1.425781 0.9648438 2.316406 0.09625244 1.06543 2.210937 -0.1086425 0.9970703 2.384766 -0.1074829 0.9926758 2.425781 0.02029418 0.9599609 2.431641 0.06866455 0.9189453 2.416016 0.1002807 0.9111328 2.558594 0.07653808 0.9921875 2.482422 0.04421997 0.996582 2.5 -5.74589e-4 0.9609375 2.570312 0.04891967 0.871582 2.654297 0.04849243 0.9624024 2.583984 3.71695e-4 0.3588867 1.792969 1.268555 0.2351074 1.8125 1.290039 0.3679199 1.783203 1.260742 0.2196044 1.824219 1.300781 0.08111572 1.835937 1.306641 0.482666 1.753906 1.229492 0.4868164 1.745117 1.223633 0.06750488 1.84668 1.318359 -0.08142089 1.84375 1.308594 0.6000977 1.708008 1.182617 0.6025391 1.701172 1.177734 -0.09185791 1.856445 1.322266 -0.2270507 1.839844 1.300781 0.7133789 1.662109 1.131836 0.7148438 1.65332 1.125977 -0.2376708 1.851562 1.31543 -0.3708496 1.824219 1.286133 -0.3813477 1.834961 1.299805 -0.5136719 1.797852 1.257812 -0.6538086 1.77832 1.240234 -0.6499024 1.768555 1.224609 -0.7749024 1.742187 1.198242 -0.7744141 1.729492 1.183594 -0.8891602 1.701172 1.147461 -0.8916016 1.685547 1.132812 -1.000977 1.636719 1.076172 -0.9980469 1.655273 1.09082 -0.3251953 0.05618286 -0.5019531 -0.4257813 0.044281 -0.7431641 -0.2612305 0.03359985 -0.6401367 -0.3005371 0.01528167 -0.8461914 -0.5117188 0.07098388 -0.9799805 -0.2003173 0.00203514 -0.8603516 -0.1671142 0.04299926 -0.5605469 -0.3935547 0.03570556 -1.081055 -0.2160644 0.01190948 -1.102539 -0.5864258 0.1362304 -1.18457 -0.02676391 -0.008621215 -0.8671875 -0.05068969 -9.89437e-5 -1.106445 -0.03048706 0.03857421 -0.5507813 -0.4399414 0.1011962 -1.289062 -0.2303466 0.0760498 -1.300781 -0.04226684 0.05850219 -1.297852 -0.675293 0.3395996 -1.396484 0.1141357 -7.31945e-4 -1.09082 0.1444091 0.05233764 -1.276367 0.06732177 -0.007705688 -0.8588867 0.05718994 0.03665161 -0.5629883 0.2993164 0.0115509 -1.049805 -0.2504883 0.2827149 -1.5625 -0.4948731 0.310791 -1.527344 -0.03086853 0.2604981 -1.564453 0.1872558 0.2493896 -1.535156 0.3537598 0.0639038 -1.225586 -0.7353516 0.5708008 -1.507812 0.2497558 0.007141113 -0.8164063 0.177124 0.03237915 -0.628418 0.4855957 0.04263305 -0.9555664 0.5629883 0.102539 -1.123047 0.4274902 0.2565918 -1.46875 0.223999 0.5317383 -1.696289 -0.01608276 0.5410156 -1.725586 -0.2580567 0.5556641 -1.711914 -0.5141602 0.5644531 -1.65625 0.3571777 0.02369689 -0.7631836 -0.7514649 0.7988281 -1.557617 0.2189941 0.05535888 -0.5029297 0.6357422 0.08404541 -0.8339844 0.7470703 0.1695556 -1.001953 0.6679688 0.3068848 -1.34082 0.4882813 0.5395508 -1.614258 0.2495117 0.8032227 -1.743164 0.8710938 1.823242 1.174805 0.2236328 1.994141 1.43457 0.9990234 1.724609 1.125977 0.3601074 2.013672 1.347656 0.4782715 1.998047 1.306641 1.058594 1.660156 1.118164 0.6010742 1.996094 1.251953 0.7324219 1.966797 1.194336 0.8583984 1.915039 1.138672 1.013672 1.825195 1.063477 0.5625 2.078125 1.212891 0.4523926 2.060547 1.267578 0.2141113 2.044922 1.385742 0.3513184 2.064453 1.299805 0.8203125 2.072266 1.068359 0.6591797 2.162109 1.123047 0.9594727 2.007812 0.9858399 0.5117188 2.162109 1.194336 0.4211426 2.125 1.239258 1.084961 2.001953 0.8422852 0.3398438 2.119141 1.260742 0.2047119 2.105469 1.321289 0.4133301 2.154297 1.235352 0.8896484 2.195312 0.9067383 0.7734375 2.255859 0.9726563 1.00293 2.193359 0.7807617 0.6767578 2.333984 1.035156 0.5898438 2.251953 1.124023 0.4992676 2.1875 1.197266 1.175781 2.001953 0.6665039 0.3349609 2.150391 1.251953 0.1977539 2.175781 1.260742 0.4824219 2.207031 1.186523 0.4020996 2.177734 1.21875 0.8149414 2.349609 0.859375 0.9208984 2.371094 0.7348633 0.7441406 2.392578 0.9272461 1.077148 2.195312 0.621582 0.5698242 2.271484 1.136719 0.6162109 2.339844 1.081055 1.213867 1.996094 0.4777832 0.7504883 2.505859 0.824707 0.9887695 2.375 0.5864258 0.8432617 2.541016 0.6948242 1.111328 2.1875 0.4472656 1.195312 1.998047 0.2802734 1.020508 2.365234 0.421875 1.099609 2.177734 0.2646484 0.9370117 2.535156 0.4020996 0.9052734 2.548828 0.5537109 0.7148438 2.662109 0.7749024 0.7885742 2.677734 0.6665039 1.138672 1.989258 0.09564208 1.014648 2.34375 0.253418 0.9384766 2.5 0.2479248 1.037109 2.144531 0.09204101 0.8759766 2.667969 0.3891602 0.8789063 2.632812 0.2427978 0.8457031 2.681641 0.5317383 0.7255859 2.814453 0.6513672 0.7827149 2.820312 0.5146484 1.258789 1.889648 -0.1345214 1.157227 2.054687 -0.1183471 0.8637695 2.558594 0.102478 0.8129883 2.806641 0.3759766 0.8149414 2.775391 0.2368164 0.7871094 2.71875 0.1030883 0.7509766 2.953125 0.3596192 0.7182617 2.962891 0.4934082 1.240234 1.908203 -0.3657227 1.132812 2.097656 -0.3339844 0.7514649 2.931641 0.2304687 0.7158203 2.904297 0.1089477 0.7631836 2.90625 -0.0455017 0.8354492 2.744141 -0.07421875 0.6933594 3.080078 0.2209472 0.6650391 3.042969 0.1134643 0.6611328 3.103516 0.4658203 0.6928711 3.099609 0.3334961 0.6464844 3.210937 0.3083496 0.6455078 3.191406 0.2048339 0.7075195 3.066406 -0.03070068 0.6650391 3.042969 0.1134643 0.706543 3.083984 -0.1968994 0.7675781 2.923828 -0.2178955 0.5976563 3.205078 0.1159667 0.6323242 3.232422 0.2093505 0.6352539 3.246094 0.2893067 0.6054688 3.242187 0.4321289 0.5976563 3.302734 0.3386231 0.5976563 3.205078 0.1159667 0.6347656 3.236328 -0.01495361 0.6352539 3.253906 -0.1717529 0.7382813 2.953125 -0.376709 0.6738281 3.109375 -0.34375 0.5830078 3.261719 0.1481933 0.527832 3.330078 0.1135864 0.6352539 3.285156 0.2199707 0.6166992 3.304687 0.1844482 0.6391602 3.287109 0.2712402 0.6181641 3.324219 0.2958984 0.5258789 3.382812 0.4020996 0.5615234 3.365234 0.3286133 0.5454102 3.328125 0.1464843 0.6171875 3.351562 0.2382812 0.5966797 3.341797 0.1776123 0.5913086 3.369141 0.2941895 0.5395508 3.414062 0.2893067 0.5356445 3.402344 0.1763916 0.4279785 3.466797 0.1072387 0.5791016 3.388672 0.2017822 0.5834961 3.386719 0.2666016 0.5776367 3.394531 0.2324218 0.5351563 3.421875 0.225708 0.4287109 3.507812 0.3532715 0.4545899 3.492187 0.2200927 0.3376465 3.580078 0.197998 0.3073731 3.539062 0.09490966 0.3120117 3.597656 0.2907715 0.2041015 3.607422 0.2473144 0.2221679 3.59375 0.1743164 0.2495117 3.587891 0.3798828 0.1925048 3.5625 0.08581542 0.1032104 3.582031 0.192871 0.163208 3.613281 0.3166504 0.1215209 3.572266 0.1378173 0.3659668 3.501953 0.4584961 0.2683106 3.488281 0.5483399 0.1663818 3.574219 0.4604492 0.1057739 3.556641 0.07788085 0.04571533 3.582031 0.2497558 0.09735107 3.599609 0.3728027 0.3542481 3.378906 0.6147461 0.4604492 3.388672 0.5219727 0.1767578 3.472656 0.5668945 0.2595215 3.347656 0.637207 0.06848144 3.583984 0.4545899 0.1143798 3.550781 0.5097656 -0.02027893 3.580078 0.3081055 0.01287841 3.595703 0.3969727 0.4267578 3.244141 0.6655274 0.3354492 3.21875 0.6923828 -0.05368041 0.8271484 -1.774414 -0.2885742 0.8183594 -1.761719 -0.5341797 0.8432617 -1.696289 0.5024414 0.05844116 -0.6313477 -0.7553711 1.027344 -1.560547 0.3239746 0.06732177 -0.4018555 0.8608399 0.380127 -1.183594 0.7568359 0.5678711 -1.438477 0.5195313 0.7924805 -1.651367 0.2492675 1.056641 -1.707031 -0.2011718 0.9785156 -1.758789 -0.05322265 1.061523 -1.737305 -0.3049317 0.9487305 -1.748047 -0.4008789 0.9804688 -1.726562 -0.5473633 1.067383 -1.683594 -0.7329102 1.230469 -1.527344 0.9248047 0.6342774 -1.277344 0.793457 0.8139649 -1.464844 0.534668 1.0625 -1.62793 0.5092774 1.304687 -1.585937 0.2111816 1.322266 -1.680664 -0.15979 1.077148 -1.749023 -0.2553711 1.029297 -1.77832 -0.1884765 1.192383 -1.71875 -0.09869384 1.319336 -1.703125 0.9277344 0.847168 -1.299805 0.7924805 1.050781 -1.448242 0.7744141 1.261719 -1.40918 0.4628906 1.527344 -1.53125 0.7324219 1.477539 -1.354492 0.1766357 1.530273 -1.618164 -0.2208251 1.091797 -1.775391 -0.2354736 1.15625 -1.762695 -0.1331787 1.495117 -1.631836 -0.2770996 1.34082 -1.666016 -0.2849121 1.257812 -1.692383 -0.298584 1.182617 -1.749023 0.9135742 1.044922 -1.285156 0.8950195 1.225586 -1.249023 0.8803711 1.419922 -1.185547 -0.3037109 1.106445 -1.774414 0.6738281 1.686523 -1.289062 0.8085938 1.668945 -1.117187 -0.394043 1.217773 -1.688477 -0.3439942 1.163086 -1.748047 -0.4360352 1.530273 -1.556641 -0.4863281 1.311523 -1.632812 0.7285156 1.901367 -1.0625 -0.4353027 1.083008 -1.710937 -0.3759766 1.09375 -1.751953 -0.3579102 1.024414 -1.757812 -0.6977539 1.46582 -1.452148 -0.6567383 1.692383 -1.350586 -0.2963867 1.018555 -1.772461 -0.4060059 1.732422 -1.458984 -0.3891602 1.935547 -1.355469 -0.6079102 1.947266 -1.22168 -0.1470947 1.749023 -1.514648 -0.1501464 1.948242 -1.420898 -0.1542968 2.148437 -1.330078 -0.3747559 2.140625 -1.257812 -0.5771484 2.132812 -1.120117 0.1439208 1.762695 -1.520508 0.1126708 1.961914 -1.426758 0.07672119 2.154297 -1.341797 0.05596923 2.318359 -1.269531 -0.1605224 2.318359 -1.259766 -0.3676758 2.3125 -1.188477 -0.5522461 2.332031 -1.044922 0.4199219 1.75 -1.452148 0.3640137 1.957031 -1.360352 0.3024902 2.175781 -1.264648 0.2692871 2.304687 -1.213867 0.04141235 2.511719 -1.195312 0.2490234 2.470703 -1.137695 -0.1657714 2.511719 -1.188477 -0.3598633 2.501953 -1.120117 -0.5336914 2.515625 -0.9848633 0.6015625 1.913086 -1.210937 0.5463867 2.087891 -1.140625 0.4177246 2.236328 -1.166016 0.3698731 2.332031 -1.143555 0.2127685 2.693359 -1.057617 0.02696228 2.707031 -1.123047 -0.1707763 2.705078 -1.124023 -0.3552246 2.693359 -1.053711 -0.5180664 2.693359 -0.940918 0.185913 2.853516 -1.003906 0.008277893 2.859375 -1.06543 -0.1755371 2.853516 -1.077148 -0.355957 2.832031 -1.004883 -0.1738281 2.960937 -1.029297 0.6401367 2.117187 -0.9931641 -0.5073242 2.826172 -0.9111328 -0.340332 3.001953 -0.9526367 0.1607666 3.001953 -0.9296875 -0.01444244 3.021484 -0.987793 -0.1900634 3.027344 -0.9995117 -0.07238769 3.080078 -0.9726563 0.04321289 3.166016 -0.8969727 -0.4887695 2.986328 -0.8618164 -0.3803711 3.140625 -0.8535156 -0.2883301 3.076172 -0.9609375 -0.1833496 3.134766 -1.023437 -0.04388427 3.175781 -0.921875 -0.130371 3.162109 -1.004883 -0.4641113 3.140625 -0.7949219 -0.3012695 3.179687 -0.9101563 -0.2403564 3.167969 -1.010742 -0.1793212 3.210937 -1.00293 -0.1207275 3.205078 -0.9838867 -0.4309082 3.292969 -0.7060547 -0.3007813 3.310547 -0.8188477 -0.2496337 3.208984 -0.9887695 -0.2810059 3.267578 -0.8920899 -0.234497 3.25 -0.965332 -0.1816406 3.269531 -0.953125 -0.1367187 3.246094 -0.9633789 -0.1809082 3.3125 -0.890625 -0.09912109 3.267578 -0.9013672 -0.2912598 3.449219 -0.6645508 -0.1837158 3.363281 -0.8339844 -0.3955078 3.421875 -0.6113281 -0.03280639 3.324219 -0.8393555 -0.1551513 3.488281 -0.7133789 -0.3569336 3.521484 -0.5063477 -0.2683106 3.546875 -0.5454102 -0.01328277 3.490234 -0.6972656 0.1336669 3.333984 -0.7680664 -0.1483154 3.589844 -0.578125 -0.1505126 3.628906 -0.4287109 -0.2514649 3.59375 -0.4172363 -0.02772521 3.607422 -0.5512695 0.1193237 3.482422 -0.6533203 -0.3095703 3.574219 -0.3818359 0.1448974 3.160156 -0.8554688 0.2490234 3.316406 -0.6953125 0.2790527 3.148437 -0.7807617 0.3049317 2.988281 -0.8466797 -0.1536865 3.603516 -0.2890625 -0.2316894 3.595703 -0.2810059 -0.04437255 3.650391 -0.4111328 -0.08111572 3.609375 -0.2880859 0.08679199 3.599609 -0.4990234 0.210205 3.455078 -0.5834961 0.3146973 3.265625 -0.5786133 0.5390625 3.242187 0.5712891 0.4948731 3.09375 0.7094727 0.4091797 3.082031 0.75 0.59375 3.103516 0.5961914 0.4919434 2.962891 0.8007813 0.5571289 2.955078 0.7397461 0.6538086 2.960937 0.6235352 0.5708008 2.861328 0.855957 0.644043 2.789062 0.7871094 0.7080078 2.683594 0.8457031 0.65625 2.771484 0.8383789 0.6206055 2.808594 0.9121094 0.489502 2.882812 0.8920899 0.5737305 2.830078 0.984375 0.6801758 2.71875 0.9316406 0.6328125 2.740234 1.022461 0.7324219 2.556641 0.8828125 0.7094727 2.603516 0.953125 0.6728516 2.642578 1.029297 0.6938477 2.527344 0.8959961 0.637207 2.539062 0.9619141 0.5849609 2.734375 1.099609 0.4973145 2.824219 1.041016 0.6176758 2.664062 1.101562 0.5927734 2.53125 1.014648 0.6699219 2.4375 0.9931641 0.4384766 2.796875 1.094727 0.5195313 2.705078 1.158203 0.5708008 2.525391 1.048828 0.565918 2.617187 1.149414 0.6152344 2.4375 1.046875 0.4558106 2.660156 1.211914 0.3818359 2.744141 1.152344 0.3640137 2.845703 0.9667969 0.3054199 2.804687 1.012695 0.5332031 2.513672 1.071289 0.5083008 2.572266 1.188477 0.5947266 2.4375 1.067383 0.5664063 2.435547 1.075195 0.3239746 2.6875 1.200195 0.3928223 2.601562 1.251953 0.2556152 2.757812 1.056641 0.2164306 2.779297 1.021484 0.2578125 2.835937 0.9746094 0.5229492 2.488281 1.042969 0.4243164 2.455078 1.123047 0.4365234 2.517578 1.224609 0.5942383 2.351562 1.09668 0.5673828 2.357422 1.098633 0.546875 2.414062 1.056641 0.1956787 2.695312 1.117187 0.2644043 2.628906 1.239258 0.3261719 2.541016 1.283203 0.1656494 2.714844 1.083008 0.1347656 2.8125 1.025391 0.3659668 2.466797 1.25 0.543457 2.285156 1.134766 0.5478516 2.345703 1.083008 0.1370849 2.636719 1.172852 0.1162109 2.666016 1.126953 0.1964111 2.568359 1.270508 0.2529297 2.476562 1.308594 0.1072998 2.71875 1.083984 0.07995605 2.636719 1.144531 0.09576416 2.597656 1.208008 0.5302734 2.279297 1.115234 0.4794922 2.205078 1.152344 0.1353759 2.527344 1.291992 0.4094238 2.173828 1.176758 0.0491333 2.714844 1.09668 0.03381347 2.617187 1.166992 0.05175781 2.574219 1.232422 0.4765625 2.201172 1.118164 0.4169922 2.167969 1.133789 0.1763916 2.427734 1.327148 0.07336425 2.492187 1.308594 0.3432617 2.166016 1.186523 0.3591309 2.158203 1.141602 -0.007278442 2.609375 1.172852 -0.009002685 2.710937 1.110352 4.76837e-4 2.5625 1.248047 0.4106445 2.175781 1.102539 0.3601074 2.166016 1.106445 0.2763672 2.164062 1.128906 -0.05673217 2.611328 1.177734 0.08966064 2.388672 1.34375 0.006118774 2.470703 1.322266 -0.05758666 2.560547 1.25 -0.06835937 2.470703 1.329102 0.001921653 2.373047 1.356445 0.2841797 2.169922 1.09375 0.355957 2.177734 1.070312 0.3989258 2.1875 1.072266 -0.1353759 2.488281 1.329102 -0.112854 2.572266 1.236328 -0.07226562 2.373047 1.363281 -0.1519775 2.388672 1.366211 0.09777832 2.332031 1.329102 -0.07434082 2.324219 1.352539 0.005577087 2.322266 1.345703 -0.1640625 2.337891 1.352539 0.2885742 2.181641 1.057617 -0.2446289 2.435547 1.359375 -0.2081298 2.535156 1.313477 -0.2590332 2.375 1.34668 -0.07556152 2.283203 1.293945 0.009941101 2.279297 1.28418 -0.1777343 2.289062 1.260742 -0.1998291 2.28125 1.239258 -0.08367919 2.246094 1.28125 -0.3320313 2.5 1.341797 -0.3608399 2.431641 1.329102 -0.2849121 2.328125 1.233398 -0.1826171 2.25 1.240234 -0.2122802 2.28125 1.210937 -0.2027587 2.248047 1.232422 0.02226257 2.240234 1.276367 -0.09936523 2.189453 1.304687 -0.2595215 2.185547 1.274414 -0.3586426 2.371094 1.214844 -0.2849121 2.316406 1.199219 -0.4418945 2.488281 1.310547 -0.4372559 2.419922 1.1875 -0.2137451 2.240234 1.21582 -0.2709961 2.201172 1.264648 -0.2348632 2.242187 1.189453 -0.2304687 2.277344 1.183594 -0.2788086 2.205078 1.24707 -0.3544922 2.353516 1.174805 -0.4331055 2.402344 1.146484 -0.284668 2.302734 1.165039 -0.5180664 2.472656 1.155273 -0.5141602 2.455078 1.115234 -0.2949219 2.207031 1.21875 -0.2475585 2.240234 1.164062 -0.2438964 2.271484 1.15625 -0.3366699 2.183594 1.258789 -0.3505859 2.335937 1.134766 -0.4287109 2.382812 1.105469 -0.5097656 2.435547 1.074219 -0.2844238 2.292969 1.134766 -0.2558594 2.267578 1.129883 -0.5820313 2.462891 1.054687 -0.5996094 2.490234 1.084961 -0.3476563 2.324219 1.105469 0.3613281 3.107422 -0.6499024 0.04003906 3.638672 -0.3703613 0.3996582 2.951172 -0.7084961 0.3347168 2.835937 -0.9042969 0.1555175 3.548828 -0.4477539 0.2561035 3.408203 -0.4948731 0.07983398 3.585937 -0.3225098 -0.01927185 3.597656 -0.2675781 0.1711425 3.521484 -0.3762207 0.4396973 2.792969 -0.7670899 0.3630371 2.681641 -0.9506836 0.09832763 3.556641 -0.2856445 0.02355957 3.576172 -0.2384033 0.472168 2.640625 -0.8100586 0.3874512 2.53125 -1.006836 0.03927612 3.566406 -0.2255859 -0.02285766 3.546875 -0.1555175 -0.04840087 3.542969 -0.1721191 -0.08172607 3.541016 -0.1938476 0.550293 2.423828 -0.8901367 0.3557129 2.417969 -1.095703 0.4897461 2.402344 -0.9707031 0.4233399 2.435547 -1.026367 0.4250488 2.373047 -1.097656 0.4619141 2.386719 -1.05957 -0.1225585 3.546875 -0.194458 0.4465332 2.322266 -1.131836 0.5395508 2.302734 -0.9829102 0.5043945 2.365234 -1.035156 0.59375 2.269531 -0.9404297 0.5063477 2.320312 -1.098633 0.4660645 2.279297 -1.137695 0.5341797 2.320312 -1.039062 -0.1713867 3.554687 -0.1951904 0.5366211 2.261719 -1.071289 0.5605469 2.21875 -1.045898 0.5078125 2.25 -1.111328 0.5063477 2.185547 -1.120117 -0.22583 3.570312 -0.1777343 -0.2797852 3.591797 -0.2761231 -0.2619629 3.582031 -0.1661376 0.2189941 0.05535888 -0.5029297 0.05718994 0.03665161 -0.5629883 0.177124 0.03237915 -0.628418 0.06628417 0.09613037 -0.22583 0.3239746 0.06732177 -0.4018555 -0.03048706 0.03857421 -0.5507813 -0.05551147 0.09777832 -0.22229 -0.1671142 0.04299926 -0.5605469 -0.1921386 0.1132202 -0.1983642 -0.03234863 0.1083984 -0.04431152 0.07843017 0.1121826 -0.05264282 0.1726074 0.09979248 -0.1958007 0.2496337 0.1152343 -0.1430664 0.4245606 0.07421875 -0.3366699 0.1895751 0.119873 -0.05599975 0.2058105 0.1334228 0.08294677 0.0916748 0.1194458 0.1159057 -0.1723632 0.1134643 -0.01939392 -0.02299499 0.1130371 0.1379394 -0.3251953 0.05618286 -0.5019531 -0.2932129 0.09899902 -0.1507568 0.2861328 0.1229858 -0.07611083 0.4938965 0.0826416 -0.2744141 0.340332 0.1456298 0.01631164 0.3303223 0.15625 0.1936035 0.2077636 0.1307373 0.2556152 0.1058959 0.1167602 0.2954102 0.5878906 0.1047973 -0.1712646 -0.2917481 0.1157226 0.01037597 -0.1550292 0.1140747 0.1572265 -0.1257324 0.1121826 0.3376465 0.003784179 0.1099243 0.3229981 0.5991211 0.1542968 0.1617431 0.6240234 0.1575927 0.01916503 0.625 0.1329345 0.2888184 0.2858887 0.1258544 0.3413086 0.1982421 0.1166381 0.4519043 0.1204833 0.1051025 0.4873047 0.7041016 0.1295166 -0.09381103 -0.2546387 0.1179199 0.3378906 -0.2827149 0.1171875 0.1713867 -0.09173583 0.107788 0.5341797 -0.2092285 0.1051635 0.4929199 0.02842712 0.09606933 0.5302734 0.2404785 0.04193115 0.7504883 0.340332 0.06021118 0.7119141 0.4389649 0.0883789 0.6455078 0.5180664 0.09686279 0.5810547 0.6269531 0.1019897 0.4636231 -0.3222656 0.1558837 0.4567871 -0.3791504 0.1374511 0.3483887 -0.3903809 0.03845214 0.7412109 -0.2355957 0.05822753 0.7602539 -0.1452636 0.07427978 0.8525391 -0.03338623 0.05001831 0.8564453 0.06427001 0.03756713 0.8432617 0.1870117 0.03326416 0.7954102 0.4416504 0.06713867 0.7426758 0.6396484 0.09259033 0.5834961 -0.5644531 0.1425781 0.5678711 -0.4799805 0.07678222 0.6601563 -0.342041 0.03134155 0.8388672 -0.2178955 0.05697631 0.9003906 -0.09234619 0.06060791 0.9335938 0.1480712 0.02146911 0.9008789 -0.5634766 0.1010742 0.65625 -0.6484375 0.1306152 0.5126953 -0.7475586 0.09906005 0.3845215 -0.7866211 0.1078491 0.480957 -0.4204102 0.1196899 0.1901855 -0.8032227 0.0939331 0.2495117 -0.793457 0.1052246 0.06890869 -0.4084473 0.1322021 0.01982116 -0.9067383 0.09588623 0.1376953 -0.746582 0.114685 -0.05093383 -0.3706055 0.09851074 -0.0859375 -0.7070313 0.08996582 -0.2045898 -0.8056641 0.1036987 -0.1711425 -0.5820313 0.04156494 -0.3762207 -0.6367188 0.05801391 -0.3146973 -0.4482422 0.0460205 -0.4562988 -0.5620117 0.02719116 -0.5014649 -0.2612305 0.03359985 -0.6401367 0.7163086 0.1156616 0.3811035 0.3012695 3.765625 0.5708008 0.3186035 3.736328 0.5322266 0.3234863 3.761719 0.534668 0.2907715 3.740234 0.5756836 0.269043 3.789062 0.5864258 0.2199707 3.716797 0.5175781 0.2519531 3.773437 0.5957031 0.253418 3.708984 0.4750977 0.2349853 3.828125 0.5913086 0.1791992 3.755859 0.543457 0.1374511 3.701172 0.4462891 0.2124023 3.822266 0.6015625 0.1767578 3.683594 0.4091797 0.2023925 3.888672 0.5683594 0.09277343 3.736328 0.4753418 0.1466064 3.814453 0.5483399 0.1748046 3.894531 0.5756836 0.1015014 3.660156 0.3479004 0.05419921 3.679687 0.3764649 0.199707 3.919922 0.5371094 0.00528717 3.708984 0.4038086 0.05960083 3.796875 0.4812012 0.1208496 3.890625 0.5297852 0.1732177 3.933594 0.5385742 0.03283691 3.634766 0.2905274 -0.01463317 3.654297 0.3220215 0.2106933 3.947266 0.5078125 -0.06130981 3.671875 0.3474121 -0.03939819 3.767578 0.4089356 0.03744506 3.875 0.4645996 0.1252441 3.939453 0.4960938 0.1884765 3.966797 0.5014649 -0.05142211 3.611328 0.2878418 0.00666809 3.603516 0.248291 -0.1280517 3.623047 0.2990723 -0.1166992 3.722656 0.3405762 -0.06280517 3.841797 0.3857422 0.04379272 3.933594 0.4294434 0.1517333 3.972656 0.449707 0.225708 3.978516 0.458252 -0.04367065 3.595703 0.2900391 -0.3110352 2.208984 1.189453 -0.3459473 2.185547 1.222656 -0.2841797 2.285156 1.105469 -0.427002 2.367187 1.076172 -0.5004883 2.412109 1.047852 -0.5678711 2.443359 1.03125 -0.3444824 2.310547 1.076172 -0.5893555 2.378906 1.079102 -0.6079102 2.392578 1.106445 -0.2626953 2.263672 1.103516 -0.4914551 2.388672 1.020508 -0.425293 2.351562 1.046875 -0.5532227 2.423828 1.007812 -0.5825195 2.367187 1.032227 -0.5849609 2.300781 1.043945 -0.5917969 2.308594 1.095703 -0.6074219 2.3125 1.126953 -0.5756836 2.357422 0.9863281 -0.5766602 2.273437 1.110352 -0.5673828 2.265625 1.060547 -0.5581055 2.255859 1.009766 -0.578125 2.292969 0.9916992 -0.5351563 2.21875 1.084961 -0.5239258 2.208984 1.029297 -0.5893555 2.273437 1.147461 -0.5463867 2.226562 1.141602 -0.6230469 2.316406 1.15918 -0.4931641 2.185547 1.105469 -0.4799805 2.177734 1.048828 -0.5581055 2.228516 1.176758 -0.6020508 2.271484 1.183594 -0.5058594 2.195312 1.163086 -0.4074707 2.162109 1.076172 -0.4304199 2.175781 1.177734 -0.4189453 2.167969 1.12793 -0.5146484 2.197266 1.199219 -0.5703125 2.230469 1.211914 -0.6430664 2.246094 1.180664 -0.6010742 2.205078 1.214844 -0.3444824 2.169922 1.097656 -0.3500977 2.179687 1.142578 -0.4321289 2.175781 1.216797 -0.3552246 2.1875 1.186523 -0.5229492 2.199219 1.236328 -0.5429688 2.177734 1.246094 -0.6269531 2.175781 1.205078 -0.5595703 2.150391 1.243164 -0.3188477 2.181641 1.102539 -0.3149414 2.195312 1.146484 -0.4335938 2.177734 1.255859 -0.4406738 2.160156 1.274414 -0.4465332 2.138672 1.279297 -0.4736328 2.089844 1.304687 -0.5957031 2.091797 1.263672 -0.2539063 2.224609 1.09082 -0.2490234 2.234375 1.12793 -0.3347168 2.173828 1.279297 -0.3344727 2.154297 1.286133 -0.3503418 2.105469 1.325195 -0.4970703 2.044922 1.34082 -0.3669434 2.060547 1.37207 -0.2296142 2.128906 1.342773 -0.234497 2.072266 1.394531 -0.5024414 1.991211 1.388672 -0.3686524 2.011719 1.418945 -0.1055908 2.134766 1.353516 -0.1045532 2.078125 1.405273 -0.2322998 2.027344 1.439453 -0.3674317 1.958984 1.456055 0.0470581 2.173828 1.303711 0.05187988 2.126953 1.351562 -0.09979248 2.033203 1.450195 0.05929565 2.068359 1.40625 -0.229248 1.978516 1.474609 0.1207275 2.236328 1.232422 -0.09613037 1.984375 1.485352 0.06811523 2.023437 1.454102 -0.2303466 1.938477 1.483398 0.1051025 2.277344 1.248047 0.1508789 2.240234 1.224609 0.1292724 2.277344 1.21875 0.2161865 2.189453 1.249023 0.1738281 2.236328 1.207031 0.1422119 2.283203 1.180664 0.3271484 2.171875 1.231445 0.2308349 2.193359 1.227539 0.1774902 2.220703 1.160156 0.2536621 2.179687 1.178711 0.1391601 2.265625 1.129883 0.1914062 2.208984 1.112305 0.2039794 2.205078 1.063477 0.1513671 2.25 1.088867 0.1625976 2.246094 1.049805 0.2045898 2.292969 1.089844 0.2038574 2.306641 1.142578 0.2163085 2.207031 1.014648 0.1738281 2.242187 1.008789 0.1960449 2.285156 1.032227 -0.3679199 1.919922 1.464844 0.2641602 2.333984 1.03418 0.277832 2.337891 1.082031 0.2802734 2.353516 1.133789 0.2036132 2.314453 1.175781 0.1834716 2.283203 0.9946289 0.2456054 2.333984 0.987793 0.347168 2.378906 1.056641 0.3535156 2.398437 1.105469 0.2819824 2.365234 1.166016 0.2022705 2.357422 1.292969 0.3366699 2.371094 1.011719 0.3242188 2.365234 0.9658203 0.4089356 2.416016 1.032227 0.4167481 2.435547 1.078125 0.3598633 2.417969 1.155273 0.2841797 2.410156 1.271484 0.390625 2.394531 0.949707 0.3999024 2.404297 0.9907227 0.4785156 2.431641 0.9951172 0.5014649 2.458984 1.020508 0.4545899 2.40625 0.9682617 0.5273438 2.394531 1.039062 0.5063477 2.378906 1.011719 0.4853516 2.369141 0.9814453 0.5126953 2.328125 1.039062 0.5307617 2.333984 1.067383 0.4963379 2.324219 1.007812 0.5019531 2.275391 1.067383 0.4875488 2.279297 1.038086 0.02508544 3.591797 0.2475585 -0.1903076 3.658203 0.2902832 -0.1553955 3.603516 0.2856445 -0.1618652 3.789062 0.3051758 -0.05911254 3.904297 0.3469238 0.07781982 3.96875 0.375 0.1881103 3.982422 0.4038086 -0.2469482 3.707031 0.2524414 -0.2377929 3.609375 0.2832031 -0.1679687 3.841797 0.2614746 -0.02403259 3.935547 0.2900391 0.1154785 3.974609 0.3269043 -0.02027893 3.580078 0.3081055 0.04571533 3.582031 0.2497558 -0.2905274 3.621094 0.2531738 -0.2646484 3.75 0.1901855 -0.1425781 3.871094 0.1971435 0.02026367 3.9375 0.237915 0.06002807 3.921875 0.2065429 0.1551513 3.957031 0.2954102 -0.2498779 3.78125 0.1134643 -0.3354492 3.648437 0.1437988 -0.09210205 3.867187 0.1364746 -0.05172729 3.853516 0.1035766 -0.1971435 3.775391 0.04476928 -0.3395996 3.667969 0.03744506 0.1022338 3.878906 0.1936035 3.51906e-4 3.814453 0.09375 -0.1470947 3.761719 0.004356384 -0.08483886 3.724609 -0.003278732 -0.2956543 3.664062 -0.03845214 -0.02153015 3.695312 6.75201e-4 0.05032348 3.779297 0.09350585 -0.1479492 3.617187 -0.09918212 -0.2200927 3.644531 -0.09851074 -0.06524658 3.601562 -0.09869384 0.02406311 3.652344 0.05743408 0.01108551 3.597656 -0.0376892 0.07818603 3.720703 0.1409912 0.1427001 3.845703 0.1839599 0.05465698 3.591797 0.02421569 0.05902099 3.634766 0.09606933 -0.1225585 3.546875 -0.194458 -0.1713867 3.554687 -0.1951904 -0.22583 3.570312 -0.1777343 0.1046752 3.685547 0.1695556 0.1577148 3.779297 0.2150878 0.05346679 3.607422 0.1431884 0.0541687 3.574219 0.09179687 -0.08172607 3.541016 -0.1938476 0.07910156 3.576172 -0.05075073 0.1000976 3.580078 -0.01496887 0.1032104 3.568359 0.03561401 0.1746826 3.728516 0.234497 0.09979248 3.652344 0.2067871 0.02700805 3.597656 0.1896972 0.05935668 3.587891 0.1784667 0.1057739 3.556641 0.07788085 0.1215209 3.572266 0.1378173 0.1705322 3.6875 0.2629395 0.1345214 3.679687 0.3017578 0.05514526 3.640625 0.2410888 0.02508544 3.591797 0.2475585 0.00666809 3.603516 0.248291 0.04571533 3.582031 0.2497558 0.1032104 3.582031 0.192871 0.03283691 3.634766 0.2905274 0.2519531 3.757812 0.2995606 0.2443847 3.714844 0.3249512 0.213623 3.697266 0.3666992 0.1767578 3.683594 0.4091797 0.1015014 3.660156 0.3479004 0.3300781 3.773437 0.3681641 0.317627 3.734375 0.3947754 0.2902832 3.714844 0.4343262 0.253418 3.708984 0.4750977 0.3786621 3.755859 0.4638672 0.3974609 3.78125 0.4382324 0.3161621 3.824219 0.355957 0.3869629 3.826172 0.4196777 0.3896484 3.794922 0.4602051 0.3557129 3.742187 0.4995117 0.3186035 3.736328 0.5322266 0.3728027 3.777344 0.480957 0.3815918 3.830078 0.4440918 0.3701172 3.888672 0.3969727 0.3654785 3.882812 0.4248047 0.3547363 3.765625 0.5092774 0.3234863 3.761719 0.534668 0.3291016 3.925781 0.427002 0.3068848 3.890625 0.3356934 0.3242188 3.931641 0.4091797 0.2841797 3.875 0.5053711 0.3896484 3.794922 0.4602051 0.3234863 3.761719 0.534668 0.2817383 3.951172 0.4460449 0.2651367 3.921875 0.3527832 0.2741699 3.972656 0.4250488 0.3815918 3.830078 0.4440918 0.3012695 3.765625 0.5708008 0.2403564 3.955078 0.4729004 0.2293701 3.970703 0.3708496 0.3654785 3.882812 0.4248047 0.269043 3.789062 0.5864258 0.1933593 3.908203 0.2788086 0.2303466 3.878906 0.2636719 0.2385253 3.8125 0.2871094 0.05020141 3.572266 -0.09997558 0.01415252 3.558594 -0.1274414 -0.02285766 3.546875 -0.1555175 -0.04840087 3.542969 -0.1721191 -0.2619629 3.582031 -0.1661376 -0.2980957 3.599609 -0.1405029 -0.3376465 3.621094 -0.1124267 -0.3701172 3.626953 -0.07293701 -0.3969727 3.634766 -0.03997802 -0.4035645 3.632812 -0.004348754 -0.4094238 3.632812 0.02871704 -0.4008789 3.628906 0.06652832 -0.3913574 3.625 0.1093139 -0.3796387 3.619141 0.140747 -0.3652344 3.609375 0.1790771 -0.3535156 3.603516 0.2053222 -0.3356934 3.59375 0.2445068 -0.3271484 3.587891 0.2636719 -0.3154297 3.582031 0.2888184 -0.2775879 3.583984 0.3051758 -0.2364501 3.585937 0.3232422 -0.1478271 3.583984 0.3168945 -0.07647705 3.582031 0.3120117 -0.05175781 3.582031 0.3103027 0.2349853 3.828125 0.5913086 0.2023925 3.888672 0.5683594 0.199707 3.919922 0.5371094 0.2106933 3.947266 0.5078125 0.2403564 3.955078 0.4729004 0.2817383 3.951172 0.4460449 0.3291016 3.925781 0.427002 -0.4094238 3.632812 0.02871704 -0.4035645 3.632812 -0.004348754 -0.472168 3.650391 0.0231781 -0.4824219 3.65625 -0.02967834 -0.3969727 3.634766 -0.03997802 -0.559082 3.630859 0.007392883 -0.5927734 3.640625 -0.05477905 -0.4907227 3.662109 -0.07250976 -0.6665039 3.574219 -0.01779174 -0.7055664 3.570312 -0.09527587 -0.5864258 3.648437 -0.1171264 -0.5180664 3.65625 -0.1906738 -0.4465332 3.65625 -0.1280517 -0.3701172 3.626953 -0.07293701 -0.6933594 3.574219 -0.1916503 -0.7841797 3.439453 -0.05490112 -0.8115234 3.451172 -0.1612548 -0.3376465 3.621094 -0.1124267 -0.392334 3.652344 -0.1959228 -0.4621582 3.644531 -0.3005371 -0.6318359 3.580078 -0.3007813 -0.7880859 3.466797 -0.2800293 -0.8813477 3.279297 -0.08673095 -0.8999024 3.306641 -0.2156982 -0.2980957 3.599609 -0.1405029 -0.3359375 3.621094 -0.2359619 -0.5541992 3.576172 -0.4106445 -0.3854981 3.621094 -0.3579102 -0.7236328 3.470703 -0.3964844 0.5170899 2.275391 1.095703 0.4643555 2.207031 1.09082 0.4482422 2.212891 1.064453 -1.009766 1.631836 1.317383 -0.9960938 1.69043 1.302734 -1.101562 1.624023 1.208984 -1.120117 1.563477 1.219727 -0.9824219 1.729492 1.270508 -1.084961 1.666016 1.18457 -1.205078 1.552734 1.105469 -1.189453 1.599609 1.086914 -1.225586 1.511719 1.115234 -0.9770508 1.710937 1.220703 -1.084961 1.646484 1.135742 -0.8730469 1.764648 1.291016 -0.8813477 1.785156 1.347656 -1.286133 1.515625 1.025391 -1.275391 1.541992 1.012695 -1.191406 1.576172 1.029297 -1.300781 1.49707 1.033203 -1.317383 1.515625 0.9868164 -0.8564453 1.717773 1.243164 -0.9643555 1.667969 1.179687 -1.084961 1.617187 1.083984 -0.7456055 1.769531 1.306641 -0.7641602 1.820312 1.358398 -1.338867 1.514648 0.9985352 -1.273437 1.522461 0.96875 -1.3125 1.512695 0.9726563 -1.188477 1.516602 0.9941406 -1.319336 1.524414 0.9765625 -0.8916016 1.685547 1.132812 -0.7744141 1.729492 1.183594 -1.000977 1.636719 1.076172 -1.108398 1.583984 1.011719 -0.6235352 1.816406 1.355469 -0.6499024 1.768555 1.224609 -1.311523 1.482422 0.9311524 -1.259766 1.487305 0.9448242 -1.313477 1.508789 0.9619141 -1.192383 1.524414 0.9624024 -1.100586 1.605469 1.032227 -1.181641 1.560547 0.980957 -0.9980469 1.655273 1.09082 -0.8891602 1.701172 1.147461 -0.7749024 1.742187 1.198242 -1.31543 1.498047 0.9223633 -1.301758 1.477539 0.9140625 -1.254883 1.496094 0.9257813 -1.244141 1.527344 0.9428711 -1.110352 1.630859 1.047852 -1.179687 1.59668 1.005859 -1.241211 1.560547 0.96875 -1.001953 1.677734 1.110352 -0.890625 1.720703 1.169922 -1.308594 1.485352 0.9003906 -1.287109 1.507812 0.9194336 -1.291016 1.524414 0.9384766 -1.09082 1.637695 1.100586 -1.163086 1.588867 1.054687 -1.227539 1.553711 1.013672 -1.282227 1.522461 0.9750977 -0.9804688 1.694336 1.168945 -1.279297 1.543945 0.9980469 -1.22168 1.577148 1.041016 -1.154297 1.608398 1.084961 -1.078125 1.644531 1.132812 -1.330078 1.557617 0.9863281 -1.280273 1.59668 1.015625 -1.219727 1.634766 1.054687 -1.150391 1.667969 1.100586 -0.9682617 1.697266 1.202148 -1.072266 1.699219 1.150391 -1.363281 1.511719 1.014648 -1.34668 1.581055 0.9936524 -1.286133 1.629883 1.020508 -1.229492 1.673828 1.063477 -1.161133 1.712891 1.109375 -1.260742 1.736328 1.026367 -1.328125 1.670898 1.000977 -0.9624024 1.748047 1.220703 -1.080078 1.75 1.154297 -1.19043 1.807617 1.074219 -1.295898 1.799805 0.9633789 -0.9702149 1.799805 1.223633 -1.103516 1.863281 1.128906 -1.117187 1.945312 1.075195 -1.208984 1.879883 1.003906 -1.374023 1.875 0.8032227 -0.9873047 1.996094 1.150391 -0.9819336 1.90625 1.194336 -0.8564453 1.842773 1.289062 -0.8505859 1.795898 1.289062 -0.9975586 2.132812 1.067383 -1.146484 2.058594 0.9453125 -1.274414 2.023437 0.8227539 -0.8452149 2.023437 1.213867 -0.855957 1.93457 1.258789 -1.364258 2.064453 0.6259766 -1.428711 1.945312 0.6020508 -0.746582 1.875977 1.342773 -0.7436524 1.832031 1.34668 -0.7451172 1.955078 1.308594 -1.287109 2.121094 0.7314453 -1.250977 2.089844 0.8374024 -1.073242 2.201172 0.925293 -1.170898 2.119141 0.8920899 -1.405273 2.107422 0.3916016 -1.296875 2.234375 0.6005859 -1.472656 1.974609 0.3828125 -1.550781 1.823242 0.3911133 -0.6298828 1.862305 1.394531 -0.6313477 1.90332 1.388672 -1.204102 2.160156 0.8789063 -1.128906 2.207031 0.8803711 -1.264648 2.148437 0.8520508 -1.289062 2.169922 0.8046875 -1.412109 2.105469 0.184082 -1.335937 2.259766 0.3813477 -1.491211 1.951172 0.1871337 -1.536133 1.875 0.3227539 -1.253906 2.216797 0.840332 -1.173828 2.207031 0.8710938 -1.385742 2.089844 -0.02209472 -1.335937 2.269531 0.170288 -1.186523 2.257812 0.8496094 -1.125977 2.283203 0.8320313 -1.28125 2.216797 0.7729492 -1.25 2.255859 0.7685547 -1.212891 2.271484 0.8100586 -1.172852 2.304687 0.7753906 -1.271484 2.207031 0.690918 -1.230469 2.28125 0.6967774 -1.009766 2.376953 0.8691406 -1.119141 2.396484 0.7539063 -0.8662109 3.320312 -0.3508301 -0.9521484 3.109375 -0.1104125 -0.9794922 3.136719 -0.2619629 -0.2619629 3.582031 -0.1661376 -0.2797852 3.591797 -0.2761231 -0.4599609 3.558594 -0.4882813 -0.6333008 3.470703 -0.5063477 -0.796875 3.328125 -0.4765625 -0.9370117 3.158203 -0.4116211 -0.3569336 3.521484 -0.5063477 -0.3095703 3.574219 -0.3818359 -1.007812 2.957031 -0.1254882 -1.042969 2.980469 -0.3000488 -0.3955078 3.421875 -0.6113281 -0.5234375 3.457031 -0.5859375 -0.699707 3.330078 -0.5927734 -0.8623047 3.167969 -0.5512695 -1.00293 3.001953 -0.4631348 -0.5776367 3.322266 -0.6787109 -0.7587891 3.175781 -0.675293 -0.9213867 3.019531 -0.6147461 -1.101562 2.824219 -0.3337402 -1.056641 2.806641 -0.1368408 -1.06543 2.84375 -0.5097656 -0.4309082 3.292969 -0.7060547 -0.6245117 3.167969 -0.765625 -0.8061524 3.033203 -0.7421875 -0.8491211 2.878906 -0.8066406 -0.9775391 2.865234 -0.6713867 -1.105469 2.648437 -0.1558837 -1.152344 2.681641 -0.3632813 -1.116211 2.701172 -0.546875 -0.65625 3.023437 -0.8295899 -0.4641113 3.140625 -0.7949219 -0.8862305 2.728516 -0.8544922 -1.024414 2.716797 -0.71875 -0.6875 2.867187 -0.8886719 -0.7114258 2.724609 -0.9316406 -0.4887695 2.986328 -0.8618164 -1.21582 2.492187 -0.3959961 -1.181641 2.457031 -0.180664 -1.077148 2.541016 -0.7714844 -1.178711 2.521484 -0.5908203 -0.9194336 2.556641 -0.9082031 -0.7368164 2.566406 -0.9760742 -0.5073242 2.826172 -0.9111328 -0.5180664 2.693359 -0.940918 -1.132812 2.367187 -0.8237305 -0.9604492 2.380859 -0.9770508 -1.243164 2.341797 -0.6333008 -0.7705078 2.416016 -1.033203 -1.280273 2.302734 -0.4262695 -1.257812 2.265625 -0.2076416 -0.5336914 2.515625 -0.9848633 -1.193359 2.197266 -0.8774414 -1.023437 2.205078 -1.032227 -0.9199219 2.322266 -1.077148 -1.30957 2.167969 -0.6762695 -1.342773 2.132812 -0.4526367 -0.5522461 2.332031 -1.044922 -0.7919922 2.359375 -1.069336 -0.6855469 2.28125 -1.083008 -1.083984 1.991211 -1.110352 -1.263672 1.990234 -0.9443359 -0.940918 2.117187 -1.128906 -0.9619141 2.220703 -1.108398 -0.796875 2.308594 -1.129883 -0.8759766 2.28125 -1.146484 -0.7353516 2.269531 -1.126953 -1.381836 1.960937 -0.7246094 -1.418945 1.930664 -0.4899902 -0.5771484 2.132812 -1.120117 -0.6669922 2.181641 -1.110352 -0.8125 2.234375 -1.175781 -0.8974609 2.224609 -1.162109 -0.8813477 2.175781 -1.173828 -0.7412109 2.210937 -1.157227 -0.7626953 2.154297 -1.168945 -0.7163086 2.089844 -1.15918 -0.8374024 2.146484 -1.179687 -0.6079102 1.947266 -1.22168 -0.8417969 2.080078 -1.169922 -0.8608399 1.979492 -1.210937 -0.9702149 1.985352 -1.162109 -0.6567383 1.692383 -1.350586 -0.9091797 1.732422 -1.307617 -1.041016 1.728516 -1.244141 -0.9526367 1.496094 -1.389648 -0.6977539 1.46582 -1.452148 -1.209961 1.727539 -1.146484 -1.100586 1.487305 -1.3125 -0.9868164 1.25293 -1.451172 -0.7329102 1.230469 -1.527344 -1.345703 1.728516 -1.018555 -1.268555 1.47168 -1.212891 -1.145508 1.238281 -1.359375 -1.004883 1.041992 -1.479492 -0.7553711 1.027344 -1.560547 -1.314453 1.207031 -1.242187 -1.418945 1.443359 -1.081055 -1.166016 1.038086 -1.375977 -1.452148 1.733398 -0.7734375 -1.525391 1.491211 -0.8164063 -0.7514649 0.7988281 -1.557617 -1.175781 0.8823242 -1.379883 -1.037109 0.8144531 -1.460937 -1.324219 1.013672 -1.253906 -1.464844 1.165039 -1.105469 -1.544922 1.262695 -0.9775391 -1.503906 1.685547 -0.5302734 -1.197266 0.7636719 -1.439453 -1.289062 0.8085938 -1.271484 -1.467773 0.980957 -1.102539 -1.541992 1.136719 -1.008789 -0.9780274 0.6816406 -1.470703 -1.12207 0.7436524 -1.476562 -1.088867 0.6767578 -1.492187 -1.259766 0.7016602 -1.400391 -1.199219 0.6416016 -1.473633 -1.447266 0.7539063 -1.075195 -1.299805 0.644043 -1.238281 -1.564453 1.026367 -0.9677734 -1.097656 0.5927734 -1.476562 -1.270508 0.6357422 -1.381836 -1.235352 0.5522461 -1.375 -1.165039 0.5317383 -1.422852 -1.616211 1.008789 -0.871582 -1.623047 1.077148 -0.9414063 -1.65332 1.067383 -0.8842774 -1.643555 1.036133 -0.7709961 -1.666992 1.091797 -0.8364258 -1.672852 1.143555 -0.9018555 -1.617187 1.145508 -0.9672852 -1.623047 1.192383 -0.9477539 -1.641602 1.222656 -0.8886719 -1.638672 1.139648 -0.737793 -1.666992 1.145508 -0.8164063 -1.657227 1.202148 -0.8330078 -1.591797 1.316406 -0.855957 -1.227539 2.404297 0.5751953 -0.9604492 2.232422 1.025391 -1.166016 2.544922 0.5712891 -1.057617 2.53125 0.7324219 -0.9243164 2.509766 0.8706055 -0.8930664 2.388672 0.9755859 -1.271484 2.402344 0.3830567 -1.216797 2.550781 0.3850098 -0.8149414 2.162109 1.143555 -0.8110352 2.259766 1.09668 -1.163086 2.703125 0.3891602 -1.101562 2.693359 0.5625 -1.005859 2.666016 0.7089844 -0.8916016 2.642578 0.8500977 -0.8354492 2.533203 0.9599609 -0.890625 2.5625 0.9555664 -0.7856445 2.40625 1.042969 -1.25 2.576172 0.2237548 -1.209961 2.708984 0.2486572 -0.9472656 2.806641 0.6870117 -1.043945 2.832031 0.5380859 -1.106445 2.833984 0.3779297 -1.146484 2.820312 0.2386474 -0.8129883 2.769531 0.8398438 -0.8701172 2.671875 0.9321289 -0.8505859 2.609375 1.03418 -0.7563477 2.550781 1.02832 -0.9155274 2.958984 0.640625 -0.7983399 2.945312 0.7299805 -0.9907227 2.972656 0.5043945 -1.066406 2.974609 0.2404785 -1.039062 2.978516 0.3569336 -1.209961 2.779297 0.1368408 -1.129883 2.861328 0.09759521 -0.7402344 2.837891 0.8793945 -0.8027344 2.771484 0.9072266 -0.8256836 2.708984 1.003906 -0.8007813 2.648437 1.114258 -0.8564453 3.130859 0.5957031 -0.7485352 3.113281 0.6704102 -0.715332 2.957031 0.7773438 -0.921875 3.132812 0.4741211 -0.7592774 2.806641 0.9482422 -0.6538086 2.871094 0.9169922 -0.7651367 2.765625 1.080078 -0.7041016 2.84375 1.001953 -0.7695313 3.292969 0.5375977 -0.6884766 3.271484 0.6123047 -0.6669922 3.103516 0.7109375 -0.637207 2.853516 1.06543 -0.6162109 2.966797 0.8505859 -0.5668945 2.882812 0.9516602 -0.6669922 3.103516 0.7109375 -0.6054688 3.253906 0.652832 -0.5424805 3.390625 0.5864258 -0.6162109 3.417969 0.5488281 -0.5698242 3.097656 0.7998047 -0.5136719 2.962891 0.9077149 -0.4868164 2.861328 0.9873047 -0.4807129 3.490234 0.5161133 -0.6738281 3.435547 0.4873047 -0.534668 3.523437 0.4880371 -0.4655762 3.080078 0.8779297 -0.4289551 2.923828 0.9648438 -0.5175781 3.253906 0.7333984 -0.4194336 3.25 0.8007813 -0.4189453 3.558594 0.4382324 -0.5703125 3.554687 0.4294434 -0.4418945 3.587891 0.3964844 -0.3032227 3.248047 0.8432617 -0.3322754 3.044922 0.9355469 -0.3789063 3.402344 0.7084961 -0.2805176 3.400391 0.75 -0.3615723 3.589844 0.3745117 -0.4543457 3.630859 0.3439942 -0.3791504 3.603516 0.3393555 -0.2221679 3.070312 0.9443359 -0.2148437 3.246094 0.8603516 -0.2003173 3.402344 0.7685547 -0.1846923 3.537109 0.6650391 -0.2587891 3.533203 0.644043 -0.3154297 3.582031 0.2888184 -0.3901367 3.626953 0.2849121 -0.3271484 3.587891 0.2636719 -0.1292724 3.248047 0.8642578 -0.1218872 3.082031 0.9438477 -0.1169433 3.535156 0.6767578 -0.1232299 3.402344 0.7758789 -0.1705322 3.632812 0.5439453 -0.1119384 3.634766 0.5512695 -0.05249023 3.248047 0.8613281 -0.3356934 3.59375 0.2445068 -0.0597229 3.533203 0.6821289 -0.06353759 3.630859 0.5581055 -0.05529785 3.400391 0.7773438 -0.1032104 3.632812 0.4509277 -0.05160522 3.634766 0.4680176 -0.001962661 3.529297 0.6801758 -0.01350402 3.628906 0.5722656 -0.002319335 3.632812 0.4873047 0.02008056 3.396484 0.7695313 0.01287841 3.595703 0.3969727 -0.03741455 3.583984 0.3642578 0.05447387 3.525391 0.6699219 0.0296173 3.613281 0.590332 0.05297851 3.607422 0.5229492 0.06848144 3.583984 0.4545899 -0.02027893 3.580078 0.3081055 -0.0873413 3.583984 0.3469238 -0.05175781 3.582031 0.3103027 0.06799316 3.580078 0.6166992 0.09417724 3.568359 0.5620117 0.1143798 3.550781 0.5097656 0.09881591 3.519531 0.6552734 0.1483154 3.496094 0.6171875 0.09295654 3.388672 0.7504883 0.1636962 3.378906 0.71875 -0.07647705 3.582031 0.3120117 0.1767578 3.472656 0.5668945 0.2213134 3.363281 0.6787109 0.1270751 3.238281 0.8217774 0.03866577 3.246094 0.847168 0.2196044 3.226562 0.7822266 0.2595215 3.347656 0.637207 0.2890625 3.220703 0.7338867 0.07244873 3.058594 0.9287109 -0.03253173 3.078125 0.9404297 0.2768555 3.056641 0.8447266 0.1799316 3.027344 0.9067383 0.3498535 3.080078 0.7949219 0.3354492 3.21875 0.6923828 0.07348632 2.939453 0.9838867 -0.01744079 2.951172 0.9995117 -0.09490966 2.957031 1.004883 0.359375 2.929687 0.8828125 0.3066406 2.890625 0.9228516 0.1583251 2.910156 0.9707031 0.420166 2.953125 0.8447266 0.4091797 3.082031 0.75 0.06317138 2.824219 1.038086 -0.01014709 2.830078 1.052734 -0.07226562 2.833984 1.056641 -0.1811523 2.953125 1.001953 -0.1401367 2.833984 1.056641 0.4245606 2.875 0.9277344 -0.05908203 2.710937 1.113281 -0.1127319 2.716797 1.114258 -1.621094 1.263672 -0.7602539 -1.641602 1.189453 -0.5830078 -1.588867 1.418945 -0.5668945 -1.484375 1.664062 -0.2731934 -1.404297 1.882812 -0.2451171 -1.321289 2.080078 -0.2242431 -1.47168 1.888672 -0.01420593 -1.314453 2.261719 -0.02001953 -1.570312 1.799805 0.1304931 -1.608398 1.696289 0.1110839 -1.243164 2.451172 -0.0271759 -1.277344 2.447266 0.1356201 -1.667969 1.717773 0.1982421 -1.648437 1.772461 0.2023925 -1.555664 1.868164 0.2106933 -1.629883 1.814453 0.2382812 -1.702148 1.749023 0.2785645 -1.689453 1.683594 0.2203369 -1.638672 1.813477 0.2946777 -1.264648 2.615234 0.07476806 -1.705078 1.667969 0.2756348 -1.65332 1.785156 0.3381348 -1.697266 1.682617 0.3237305 -1.68457 1.71582 0.3527832 -1.666992 1.751953 0.3527832 -1.581055 1.744141 0.4313965 -1.273437 2.636719 0.1307373 -1.259766 2.714844 0.1481933 -1.265625 2.699219 0.06536865 -1.198242 2.792969 0.07568359 -1.117187 2.816406 -0.02478027 -1.193359 2.757812 0.01838684 -1.244141 2.644531 0.02122497 -1.226562 2.691406 0.008110046 -1.162109 2.65625 -0.04733276 -1.043945 2.960937 -0.003276824 -1.077148 2.966797 0.121643 -0.9521484 3.109375 -0.1104125 -0.980957 3.115234 0.009010314 -1.003906 3.125 0.1312255 -0.8813477 3.279297 -0.08673095 -0.8979492 3.287109 0.02142333 -0.9057617 3.296875 0.131958 -0.9921875 3.128906 0.2373046 -0.7841797 3.439453 -0.05490112 -0.793457 3.449219 0.03616333 -0.7958984 3.458984 0.1296386 -0.8925781 3.300781 0.2268066 -0.9667969 3.132812 0.3413086 -0.8691406 3.300781 0.3195801 -0.7807617 3.464844 0.2137451 -0.6665039 3.574219 -0.01779174 -0.6616211 3.591797 0.05078125 -0.6533203 3.605469 0.1230468 -0.7583008 3.462891 0.2963867 -0.6367188 3.609375 0.1938476 -0.8295899 3.300781 0.4350586 -0.7236328 3.453125 0.3964844 -0.559082 3.630859 0.007392883 -0.5419922 3.650391 0.06799316 -0.5239258 3.662109 0.1162719 -0.6186524 3.605469 0.263916 -0.5991211 3.589844 0.3410645 -0.5043945 3.671875 0.1644287 -0.472168 3.650391 0.0231781 -0.4589844 3.654297 0.07244873 -0.4479981 3.65625 0.1107177 -0.4821777 3.671875 0.2198486 -0.4645996 3.660156 0.2753906 -0.4362793 3.658203 0.1510009 -0.4094238 3.632812 0.02871704 -0.4008789 3.628906 0.06652832 -0.3913574 3.625 0.1093139 -0.4211426 3.652344 0.1948242 -0.4057617 3.642578 0.2377929 -0.3796387 3.619141 0.140747 -0.3652344 3.609375 0.1790771 -0.3535156 3.603516 0.2053222 1.553711 1.169922 0.4897461 1.579102 1.231445 0.4331055 1.585937 1.235352 0.4758301 1.575195 1.251953 0.5244141 1.545898 1.202148 0.5610352 0.6230469 2.347656 0.8623047 0.6171875 2.361328 0.9135742 0.6416016 2.25 0.8925781 0.5698242 2.445312 0.890625 0.5742188 2.435547 0.8378906 0.6347656 2.267578 0.9428711 0.6030274 2.371094 0.9638672 0.559082 2.451172 0.9423828 0.6279297 2.154297 0.9262695 0.4919434 2.513672 0.9287109 0.498291 2.513672 0.8754883 0.4997559 2.507812 0.8227539 0.6196289 2.283203 0.9912109 0.621582 2.173828 0.9750977 0.5820313 2.376953 1.012695 0.5419922 2.449219 0.9926758 0.480957 2.507812 0.9799805 0.5830078 2.066406 0.9599609 0.4047852 2.544922 0.9760742 0.407959 2.554687 0.9238281 0.4086914 2.558594 0.8706055 0.4067383 2.552734 0.8178711 0.597168 2.296875 1.037109 0.6074219 2.195312 1.021484 0.578125 2.089844 1.007812 0.5541992 2.380859 1.057617 0.519043 2.443359 1.040039 0.4658203 2.494141 1.029297 0.3991699 2.527344 1.025391 0.5117188 1.99707 0.9907227 0.3259277 2.539062 1.029297 0.3210449 2.558594 0.980957 0.3156738 2.570312 0.9291992 0.3100586 2.574219 0.8764649 0.3044434 2.570312 0.8232422 0.5859375 2.216797 1.064453 0.5668945 2.117187 1.052734 0.5092774 2.023437 1.037109 0.4909668 2.431641 1.083984 0.4465332 2.474609 1.074219 0.3913574 2.501953 1.071289 0.3303223 2.511719 1.075195 -0.09802246 2.621094 1.178711 -0.1619873 2.595703 1.207031 -0.1380615 2.636719 1.166992 -0.2773438 2.59375 1.288086 -0.2133789 2.638672 1.168945 -0.165039 2.722656 1.108398 -0.1783447 2.664062 1.150391 -0.3569336 2.667969 1.256836 -0.4111328 2.580078 1.31543 -0.2756348 2.695312 1.110352 -0.2322998 2.728516 1.094727 -0.2070312 2.826172 1.051758 -0.4221192 2.738281 1.226562 -0.4814453 2.648437 1.286133 -0.5200195 2.546875 1.287109 -0.342041 2.757812 1.069336 -0.2873535 2.796875 1.047852 -0.265625 2.935547 0.9956055 -0.3530274 2.867187 1.000977 -0.5952149 2.599609 1.258789 -0.5532227 2.712891 1.245117 -0.496582 2.796875 1.183594 -0.4130859 2.816406 1.026367 -0.6166992 2.517578 1.116211 -0.6591797 2.638672 1.229492 -0.6308594 2.761719 1.196289 -0.5751953 2.839844 1.124023 -0.7236328 2.675781 1.186523 -0.6591797 2.529297 1.099609 -0.6948242 2.773437 1.148437 -0.6674805 2.408203 1.119141 -0.6264649 2.40625 1.133789 -0.6923828 2.544922 1.072266 -0.7016602 2.408203 1.091797 -0.6640625 2.302734 1.149414 -0.6982422 2.285156 1.126953 -0.6777344 2.214844 1.165039 -0.6894531 2.105469 1.219727 -0.7353516 2.033203 1.260742 -0.621582 2.037109 1.301758 -0.6303711 1.972656 1.350586 -0.5024414 1.932617 1.427734 -0.5019531 1.892578 1.43457 -0.5087891 1.860352 1.416992 -0.6367188 1.829102 1.375977 -0.5185547 1.838867 1.379883 -0.6474609 1.806641 1.339844 -0.7490234 1.797852 1.333984 -0.3937988 1.853516 1.328125 -0.5341797 1.824219 1.303711 -0.6665039 1.791016 1.267578 -0.7597656 1.773437 1.291992 -0.8554688 1.74707 1.269531 -0.5209961 1.80957 1.274414 -0.3813477 1.834961 1.299805 -0.6538086 1.77832 1.240234 -0.78125 1.757812 1.223633 -0.8671875 1.736328 1.235352 -0.5136719 1.797852 1.257812 -0.3708496 1.824219 1.286133 -0.4902344 1.844727 1.390625 -0.3503418 1.874023 1.432617 -0.3757324 1.944336 1.49707 -0.2354736 1.964844 1.521484 -0.2556152 1.981445 1.607422 -0.3955078 1.960937 1.577148 -0.6054688 3.253906 0.652832 -0.4660645 3.394531 0.6533203 -0.5424805 3.390625 0.5864258 -0.4216309 3.498047 0.578125 -0.4807129 3.490234 0.5161133 -0.3735352 3.574219 0.4863281 -0.3439942 3.521484 0.609375 -0.4189453 3.558594 0.4382324 -0.2336425 3.626953 0.5307617 -0.2995606 3.603516 0.4926758 -0.3615723 3.589844 0.3745117 -0.3256836 3.599609 0.3876953 -0.2150878 3.625 0.4208984 -0.1567382 3.630859 0.4353027 -0.265625 3.619141 0.4099121 -0.2034912 3.607422 0.3710938 -0.3154297 3.582031 0.2888184 -0.2775879 3.583984 0.3051758 -0.2364501 3.585937 0.3232422 -0.1418457 3.605469 0.3662109 -0.1478271 3.583984 0.3168945 1.000977 1.541992 1.132812 0.9995117 1.539062 1.116211 0.996582 1.526367 1.081055 1.007812 1.545898 1.130859 0.9638672 1.529297 1.030273 0.9628906 1.540039 1.03418 0.9140625 1.549805 1.041016 0.9833984 1.524414 1.042969 0.9804688 1.53125 1.047852 0.9106445 1.563477 1.048828 0.8232422 1.600586 1.086914 0.527832 3.330078 0.1135864 0.5625 3.375 -0.006214141 0.4279785 3.466797 0.1072387 0.4606934 3.507812 0.00188446 0.5522461 3.408203 -0.1435546 0.5986328 3.271484 -0.3076172 0.4594727 3.523437 -0.116333 0.5126953 3.425781 -0.2744141 0.3430176 3.582031 0.008239746 0.3430176 3.601562 -0.07922363 0.4208984 3.541016 -0.2315673 0.3073731 3.539062 0.09490966 0.6176758 3.125 -0.4870606 0.5419922 3.291016 -0.4372559 0.4206543 1.954102 1.014648 0.2377929 2.546875 0.9936524 0.2531738 2.529297 1.041016 0.223999 2.556641 0.9433594 0.2122802 2.560547 0.8916016 0.2030029 2.554687 0.8393555 0.5488281 2.146484 1.092773 0.5024414 2.054687 1.080078 0.421875 1.981445 1.060547 0.4240723 2.449219 1.115234 0.3813477 2.470703 1.112305 0.3342285 2.476562 1.115234 0.3190918 1.939453 1.03125 0.1881103 2.498047 1.058594 0.16333 2.511719 1.013672 0.1419677 2.517578 0.965332 0.1247558 2.517578 0.9150391 0.1119995 2.511719 0.8637695 0.4904785 2.089844 1.118164 0.4204102 2.015625 1.101562 0.3239746 1.967773 1.076172 0.3374024 2.4375 1.149414 0.3693848 2.431641 1.148437 0.2166748 1.956055 1.037109 0.1369628 2.447266 1.080078 0.1047973 2.455078 1.039062 0.07763671 2.455078 0.9931641 0.05603027 2.451172 0.9448242 0.04061889 2.443359 0.8945313 0.3286133 2.001953 1.116211 0.4160156 2.054687 1.137695 0.2255859 1.983398 1.082031 0.1237182 2.001953 1.03125 0.06811523 2.382812 1.066406 0.1048583 2.384766 1.104492 0.03717041 2.376953 1.023437 0.01285552 2.367187 0.9770508 -0.004219055 2.355469 0.9282227 0.3327637 2.042969 1.150391 0.2364501 2.017578 1.121094 0.1359863 2.027344 1.077148 0.0491333 2.072266 1.016602 0.05670166 2.302734 1.09375 0.09490966 2.316406 1.128906 0.02461242 2.289062 1.053711 -5.37872e-4 2.275391 1.009766 -0.01812744 2.257812 0.9619141 0.2490234 2.056641 1.155273 0.1525878 2.058594 1.117187 0.06420898 2.095703 1.0625 2.50101e-4 2.160156 0.9921875 0.01716613 2.179687 1.039062 0.08526611 2.121094 1.103516 0.04119873 2.201172 1.081055 0.0717163 2.224609 1.119141 0.1080932 2.246094 1.150391 0.1728515 2.09375 1.151367 0.1117553 2.150391 1.138672 0.1430664 2.183594 1.167969 0.1964111 2.132812 1.178711 0.2629395 2.099609 1.182617 0.2227783 2.173828 1.199219 0.1783447 2.214844 1.189453 0.2780762 2.146484 1.202148 0.1492919 2.267578 1.175781 0.2512207 2.216797 1.210937 0.2939453 2.195312 1.212891 0.2167968 2.248047 1.204102 0.3408203 2.1875 1.210937 0.3388672 2.136719 1.198242 0.1943359 2.289062 1.193359 0.1383056 2.326172 1.157227 0.3098145 2.246094 1.216797 0.2807617 2.259766 1.214844 0.342041 2.240234 1.214844 0.2575684 2.28125 1.209961 0.3874512 2.195312 1.203125 0.3737793 2.244141 1.209961 0.2421875 2.310547 1.203125 0.185913 2.333984 1.178711 0.1466064 2.384766 1.137695 0.3256836 2.294922 1.211914 0.342041 2.292969 1.210937 0.3105469 2.302734 1.210937 0.3586426 2.294922 1.208008 0.298584 2.314453 1.208008 0.373291 2.300781 1.204102 0.4020996 2.257812 1.202148 0.3415527 2.34375 1.198242 0.2905274 2.328125 1.204102 0.2364501 2.339844 1.193359 0.1922607 2.378906 1.163086 0.1733398 2.435547 1.117187 0.3847656 2.3125 1.199219 0.2875977 2.34375 1.199219 0.2408447 2.371094 1.182617 0.2128906 2.419922 1.147461 0.2158203 2.476562 1.098633 0.2897949 2.359375 1.194336 0.2548828 2.398437 1.171875 0.2457275 2.451172 1.133789 0.2700195 2.503906 1.083984 0.2971192 2.373047 1.188477 0.2770996 2.419922 1.162109 0.2875977 2.470703 1.123047 0.3085938 2.384766 1.183594 0.3056641 2.433594 1.155273 0.3232422 2.390625 1.179687 0.3398438 2.394531 1.176758 0.3562012 2.390625 1.176758 0.3713379 2.382812 1.176758 0.3984375 2.417969 1.149414 0.3833008 2.373047 1.179687 0.421875 2.396484 1.154297 0.458252 2.416016 1.12207 0.4807129 2.375 1.132812 0.4370117 2.369141 1.162109 0.5200195 2.378906 1.097656 0.4892578 2.330078 1.147461 0.5307617 2.322266 1.116211 0.5673828 2.310547 1.079102 0.4428711 2.337891 1.171875 0.3913574 2.357422 1.183594 0.3942871 2.341797 1.188477 0.482666 2.287109 1.162109 0.5229492 2.263672 1.135742 0.5571289 2.240234 1.103516 0.4384766 2.306641 1.181641 0.3920899 2.326172 1.193359 0.4621582 2.246094 1.177734 0.4960938 2.210937 1.15625 0.5253906 2.177734 1.12793 0.4245606 2.279297 1.192383 0.4504395 3.439453 -0.3864746 0.2166748 3.587891 0.02267456 0.2409667 3.615234 -0.0404663 0.3105469 3.615234 -0.170166 0.2161865 3.621094 -0.1090087 0.3562012 3.548828 -0.3217774 0.1000976 3.580078 -0.01496887 0.1925048 3.5625 0.08581542 0.1032104 3.568359 0.03561401 0.2479248 3.613281 -0.2380371 0.5146484 3.132812 -0.5996094 0.4499512 3.298828 -0.5371094 0.3623047 3.4375 -0.4619141 0.2543945 3.535156 -0.3662109 0.07910156 3.576172 -0.05075073 0.1606445 3.611328 -0.1657714 0.1610107 3.589844 -0.2629395 0.1057739 3.556641 0.07788085 0.3146973 3.265625 -0.5786133 0.3613281 3.107422 -0.6499024 0.2561035 3.408203 -0.4948731 0.1711425 3.521484 -0.3762207 0.05020141 3.572266 -0.09997558 0.0961914 3.587891 -0.1975097 0.09832763 3.556641 -0.2856445 0.01415252 3.558594 -0.1274414 0.03927612 3.566406 -0.2255859 -0.02285766 3.546875 -0.1555175 0.3996582 2.951172 -0.7084961 0.565918 2.972656 -0.6503906 0.6025391 2.816406 -0.6875 0.6748047 2.96875 -0.5268555 0.4396973 2.792969 -0.7670899 0.7285156 2.816406 -0.5678711 0.6401367 2.658203 -0.7255859 0.472168 2.640625 -0.8100586 0.7954102 2.796875 -0.407959 0.7758789 2.664062 -0.6035156 0.699707 2.460937 -0.7744141 0.550293 2.423828 -0.8901367 0.8286133 2.775391 -0.2435302 0.8481445 2.642578 -0.439209 0.8349609 2.472656 -0.6479492 0.7573242 2.294922 -0.8261719 0.8891602 2.623047 -0.2719727 0.9150391 2.462891 -0.4733887 0.8925781 2.300781 -0.6870117 0.59375 2.269531 -0.9404297 0.6401367 2.117187 -0.9931641 0.8193359 2.128906 -0.8808594 0.9213867 2.572266 -0.1116943 0.9643555 2.443359 -0.2937012 0.987793 2.285156 -0.5068359 0.9560547 2.130859 -0.7270508 0.8920899 2.65625 -0.01849365 0.7285156 1.901367 -1.0625 0.8994141 1.919922 -0.9438477 1.045898 2.265625 -0.3115234 1.0625 2.119141 -0.5390625 1.044922 1.924805 -0.78125 0.9980469 2.455078 -0.03662109 0.9521484 2.564453 -0.05541992 0.8085938 1.668945 -1.117187 0.9873047 1.695312 -1.004883 1.161133 1.920898 -0.5834961 1.143555 1.695312 -0.8393555 1.079102 1.478516 -1.074219 0.8803711 1.419922 -1.185547 1.271484 1.703125 -0.6318359 1.383789 1.467773 -0.6762695 1.257812 1.436523 -0.9072266 1.361328 1.699219 -0.3994141 1.03125 1.314453 -1.176758 1.231445 1.330078 -1.041016 1.140625 1.369141 -1.116211 1.345703 1.236328 -0.9199219 1.464844 1.46875 -0.4299317 1.462891 1.228516 -0.7109375 1.384766 1.673828 -0.1536865 1.136719 1.271484 -1.206055 1.188477 1.301758 -1.166016 1.236328 1.270508 -1.146484 1.286133 1.211914 -1.041016 1.507812 1.004883 -0.7202149 1.376953 1.016602 -0.9731445 1.546875 1.222656 -0.4501953 1.489258 1.449219 -0.1679687 1.219727 1.22168 -1.197266 1.256836 1.220703 -1.145508 1.253906 1.170898 -1.157227 1.27832 1.095703 -1.086914 1.572266 1.006836 -0.4470215 1.557617 1.212891 -0.1746826 1.439453 1.384766 0.08807373 1.18457 1.056641 -1.183594 1.210937 1.142578 -1.199219 1.575195 1.021484 -0.1712646 1.571289 0.8071289 -0.4343262 1.512695 1.025391 0.08648681 1.485352 1.206055 0.08532714 1.567383 0.815918 -0.1594238 1.470703 1.367187 0.2178955 1.518555 1.22168 0.2077636 1.563477 0.9946289 0.3391113 1.509766 0.8325195 0.09301757 1.556641 0.8066406 0.3344727 1.469727 0.6679688 0.1014404 1.488281 1.34375 0.333252 1.536133 1.228516 0.3439942 1.549805 1.169922 0.4133301 1.568359 0.9775391 0.59375 1.556641 0.7758789 0.5830078 1.510742 0.6240234 0.3278809 1.378906 0.4890137 0.1134643 1.540039 1.327148 0.3916016 1.55957 1.273437 0.3962402 1.516602 0.9550781 0.8417969 1.506836 0.753418 0.8291016 1.506836 0.5859375 0.5673828 1.404297 0.4321289 0.3168945 1.408203 0.9384766 1.052734 0.4294434 2.214844 1.192383 0.4536133 2.171875 1.174805 0.4741211 2.128906 1.149414 0.3994141 2.144531 1.189453 0.4089356 2.097656 1.166992 0.3361817 2.087891 1.178711 -0.08404541 2.347656 0.9272461 -0.09191894 2.359375 0.9731445 -0.06915283 2.257812 0.9550781 -0.133789 2.4375 0.9487305 -0.1270751 2.427734 0.9018555 -0.07751464 2.271484 1 -0.1022949 2.369141 1.018555 -0.1427001 2.445312 0.9946289 -0.08404541 2.167969 0.9829102 -0.2054443 2.505859 0.9760742 -0.1990966 2.5 0.9291992 -0.1942138 2.492187 0.8823242 -0.08843994 2.285156 1.043945 -0.09191894 2.185547 1.027344 -0.1193847 2.376953 1.061523 -0.1571044 2.449219 1.040039 -0.2160644 2.503906 1.022461 -0.1270751 2.087891 1.007812 -0.2902832 2.541016 1.010742 -0.284668 2.542969 0.9638672 -0.28125 2.541016 0.9169922 -0.2788086 2.533203 0.8691406 -0.1063842 2.298828 1.085937 -0.1022949 2.203125 1.070312 -0.133789 2.107422 1.051758 -0.1427001 2.382812 1.102539 -0.1770019 2.447266 1.082031 -0.2304687 2.498047 1.066406 -0.2978516 2.53125 1.056641 -0.1942138 2.023437 1.02832 -0.3723145 2.541016 1.052734 -0.3723145 2.552734 1.006836 -0.3723145 2.556641 0.9599609 -0.3723145 2.554687 0.9125977 -0.3723145 2.546875 0.8647461 -0.1193847 2.220703 1.110352 -0.1427001 2.126953 1.09375 -0.1990966 2.044922 1.071289 -0.201538 2.439453 1.12207 -0.248291 2.484375 1.108398 -0.3071289 2.513672 1.099609 -0.3723145 2.523437 1.09668 -0.2788086 1.983398 1.041016 -0.4545899 2.541016 1.010742 -0.4470215 2.53125 1.056641 -0.4602051 2.542969 0.9638672 -0.4636231 2.541016 0.9169922 -0.4660645 2.533203 0.8691406 -0.2054443 2.066406 1.112305 -0.1572265 2.150391 1.132812 -0.28125 2.003906 1.083984 -0.2692871 2.466797 1.146484 -0.3181152 2.490234 1.138672 -0.3723145 2.498047 1.136719 -0.3723145 1.96875 1.044922 -0.5141602 2.498047 1.066406 -0.5288086 2.503906 1.022461 -0.5395508 2.505859 0.9760742 -0.5458984 2.5 0.9291992 -0.5507813 2.492187 0.8823242 -0.284668 2.027344 1.125 -0.2160644 2.09375 1.150391 -0.3723145 1.991211 1.087891 -0.3305664 2.460937 1.173828 -0.3723145 2.46875 1.171875 -0.4660645 1.983398 1.041016 -0.5874024 2.449219 1.040039 -0.5678711 2.447266 1.082031 -0.6020508 2.445312 0.9946289 -0.6108399 2.4375 0.9487305 -0.6176758 2.427734 0.9018555 -0.3723145 2.015625 1.128906 -0.2902832 2.056641 1.161133 -0.4636231 2.003906 1.083984 -0.5507813 2.023437 1.02832 -0.6254883 2.376953 1.061523 -0.6020508 2.382812 1.102539 -0.6425781 2.369141 1.018555 -0.652832 2.359375 0.9731445 -0.6606445 2.347656 0.9272461 -0.3723145 2.044922 1.165039 -0.4602051 2.027344 1.125 -0.5458984 2.044922 1.071289 -0.6176758 2.087891 1.007812 -0.6137695 2.310547 1.125 -0.6386719 2.298828 1.085937 -0.65625 2.285156 1.043945 -0.6674805 2.271484 1 -0.6757813 2.257812 0.9550781 -0.4545899 2.056641 1.161133 -0.5395508 2.066406 1.112305 -0.6108399 2.107422 1.051758 -0.6606445 2.167969 0.9829102 -0.652832 2.185547 1.027344 -0.6020508 2.126953 1.09375 -0.6425781 2.203125 1.070312 -0.6254883 2.220703 1.110352 -0.6020508 2.240234 1.146484 -0.5288086 2.09375 1.150391 -0.5874024 2.150391 1.132812 -0.5678711 2.175781 1.166992 -0.5141602 2.125 1.182617 -0.4470215 2.091797 1.193359 -0.496582 2.158203 1.209961 -0.5429688 2.203125 1.196289 -0.4377442 2.130859 1.21875 -0.5732422 2.259766 1.178711 -0.4755859 2.195312 1.230469 -0.4265137 2.171875 1.238281 -0.5141602 2.232422 1.219727 -0.3723145 2.164062 1.241211 -0.3723145 2.121094 1.22168 -0.5395508 2.279297 1.205078 -0.5834961 2.322266 1.15918 -0.4521484 2.234375 1.245117 -0.4143067 2.214844 1.250977 -0.3723145 2.208984 1.25293 -0.4804688 2.263672 1.235352 -0.3305664 2.214844 1.250977 -0.3181152 2.171875 1.238281 -0.5478516 2.330078 1.188477 -0.5732422 2.384766 1.139648 -0.4985352 2.298828 1.222656 -0.5058594 2.337891 1.210937 -0.4008789 2.259766 1.255859 -0.4265137 2.273437 1.251953 -0.3723145 2.255859 1.256836 -0.3439942 2.259766 1.255859 -0.4470215 2.291016 1.246094 -0.2927246 2.234375 1.245117 -0.3181152 2.273437 1.251953 -0.5014649 2.378906 1.200195 -0.5395508 2.382812 1.172852 -0.5429688 2.439453 1.12207 -0.4645996 2.34375 1.229492 -0.4602051 2.371094 1.220703 -0.357666 2.304687 1.253906 -0.3723145 2.300781 1.253906 -0.3444824 2.310547 1.251953 -0.5141602 2.429687 1.158203 -0.4821777 2.414062 1.188477 -0.496582 2.484375 1.108398 -0.3723145 2.347656 1.244141 1.379883 0.7490234 1.052734 1.453125 0.5712891 0.8085938 1.397461 0.3959961 0.5439453 1.237305 0.2585449 0.5068359 1.338867 0.3825684 0.765625 1.328125 0.5698242 1.023437 1.302734 0.8349609 1.143555 1.200195 0.7148438 1.177734 1.342773 0.9375 1.12207 1.180664 0.2485351 0.7021484 1.22168 0.3967285 0.9672852 1.098633 0.2746582 0.8901367 1.154297 0.581543 1.147461 1.197266 0.793457 1.194336 1.265625 0.8730469 1.235352 1.070312 0.4189453 1.076172 0.9345703 0.6137695 1.182617 0.9672852 0.1824951 0.8105469 0.9594727 0.3076172 1.006836 1.212891 0.8530274 1.263672 0.8808594 0.4536133 1.12207 1.165039 0.8886719 1.283203 0.8842774 0.574707 1.285156 0.8500977 0.2075195 0.9155274 0.8129883 0.3081055 1.044922 0.84375 0.3950195 1.217773 0.7724609 0.1137084 0.7075195 0.8129883 0.5327149 1.422852 0.7075195 0.1243286 0.7695313 0.7250977 0.1993408 0.9477539 0.7729492 0.2336425 1.117187 0.7734375 0.3374024 1.34082 0.6005859 0.1173706 0.8100586 0.5180664 0.09686279 0.5810547 0.6933594 0.145996 1.015625 0.6938477 0.1733398 1.213867 0.6582031 0.298584 1.460937 0.4389649 0.0883789 0.6455078 0.5405274 0.0817871 0.8662109 0.4416504 0.06713867 0.7426758 0.6040039 0.09558105 1.088867 0.5791016 0.1273193 1.313477 0.4863281 0.05343627 0.9121094 0.5004883 0.04992675 1.166016 0.4316406 0.1257324 1.371094 0.340332 0.06021118 0.7119141 0.375 0.0175476 0.9819336 0.3718262 0.04800415 1.222656 0.2404785 0.04193115 0.7504883 0.3024902 0.0151596 1.014648 0.1870117 0.03326416 0.7954102 0.1937255 0.02075195 1.067383 0.2447509 0.05706787 1.262695 0.1480712 0.02146911 0.9008789 0.08984375 0.02711486 1.097656 0.1169433 0.06451416 1.293945 0.06427001 0.03756713 0.8432617 -0.01046752 0.04232788 1.116211 -0.03338623 0.05001831 0.8564453 -0.008361816 0.08020019 1.310547 -0.100769 0.06921386 1.110352 -0.09234619 0.06060791 0.9335938 -0.1183471 0.1254882 1.292969 7.77721e-4 0.1641845 1.455078 -0.2126464 0.1540527 1.243164 -0.180664 0.08892822 1.041992 -0.1452636 0.07427978 0.8525391 -0.1291503 0.1964111 1.435547 -0.2531738 0.2407226 1.391602 -0.0198059 0.3457031 1.630859 -0.1829833 0.3676758 1.604492 -0.2440185 0.06018066 1.05957 -0.2871094 0.1192626 1.262695 -0.2178955 0.05697631 0.9003906 -0.3339844 0.1983642 1.40918 -0.2956543 0.3894043 1.544922 -0.3850098 0.07702636 1.25293 -0.3244629 0.03564453 1.038086 -0.02796936 0.5610352 1.74707 -0.2064208 0.5869141 1.723633 -0.3305664 0.574707 1.648437 -0.3989258 0.3654785 1.569336 -0.2355957 0.05822753 0.7602539 -0.4467774 0.1572265 1.394531 -0.5131836 0.3305664 1.551758 -0.4040527 0.02020263 1.017578 -0.5146484 0.05075073 1.207031 -0.342041 0.03134155 0.8388672 -0.5908203 0.1364746 1.345703 -0.4482422 0.5776367 1.678711 -0.5571289 0.5493164 1.65918 -0.5273438 0.00969696 0.9458008 -0.7202149 0.5327149 1.605469 -0.6704102 0.3188477 1.499023 -0.6499024 0.04345703 1.121094 -0.7412109 0.1274414 1.257812 -0.828125 0.3125 1.415039 -0.8808594 0.5322266 1.519531 -0.7719727 0.07183837 1.020508 -0.878418 0.1536865 1.158203 -0.9750977 0.3371582 1.303711 -1.027344 0.5454102 1.400391 -0.8496094 0.1605224 0.9086914 -0.9667969 0.2388916 1.029297 -1.072266 0.3981934 1.158203 -1.12207 0.5874024 1.24707 -1.001953 0.331543 0.9038086 -1.105469 0.453125 1.008789 -1.160156 0.6303711 1.112305 -0.8867188 0.2548828 0.8066406 -1.117187 0.2873535 0.8095703 -0.4755859 2.466797 1.146484 -0.4377442 2.513672 1.099609 -0.4470215 2.396484 1.213867 -0.4521484 2.443359 1.179687 -0.4265137 2.490234 1.138672 -0.387207 2.304687 1.253906 -0.4143067 2.460937 1.173828 -0.4265137 2.414062 1.207031 -0.4003906 2.310547 1.251953 -0.4008789 2.427734 1.203125 -0.4108887 2.373047 1.231445 -0.4003906 2.384766 1.228516 -0.387207 2.390625 1.226562 -0.3723145 2.431641 1.202148 -0.4108887 2.320312 1.248047 -0.3723145 2.392578 1.225586 -0.3439942 2.427734 1.203125 -0.357666 2.390625 1.226562 -0.4177246 2.361328 1.235352 -0.4177246 2.332031 1.244141 -0.4602051 2.316406 1.238281 -0.3181152 2.414062 1.207031 -0.2927246 2.443359 1.179687 -0.3444824 2.384766 1.228516 -0.420166 2.347656 1.240234 -0.2978516 2.396484 1.213867 -0.2626953 2.414062 1.188477 -0.2304687 2.429687 1.158203 -0.3337402 2.373047 1.231445 -0.2435302 2.378906 1.200195 -0.284668 2.371094 1.220703 -0.2054443 2.382812 1.172852 -0.1716308 2.384766 1.139648 -0.3271484 2.361328 1.235352 -0.2368164 2.337891 1.211914 -0.1968994 2.330078 1.188477 -0.2800293 2.34375 1.229492 -0.1612548 2.322266 1.15918 -0.1308593 2.310547 1.125 -0.2435302 2.298828 1.224609 -0.2054443 2.279297 1.205078 -0.1716308 2.259766 1.178711 -0.1427001 2.240234 1.146484 -0.324707 2.347656 1.240234 -0.284668 2.316406 1.238281 -0.2626953 2.261719 1.236328 -0.2304687 2.232422 1.219727 -0.201538 2.203125 1.196289 -0.1770019 2.175781 1.166992 -0.3271484 2.332031 1.244141 -0.2978516 2.291016 1.246094 -0.2692871 2.195312 1.230469 -0.248291 2.158203 1.209961 -0.2304687 2.125 1.182617 -0.3337402 2.320312 1.248047 -0.3071289 2.130859 1.21875 -0.2978516 2.091797 1.193359 -0.3723145 2.080078 1.196289</float_array>
          <technique_common>
            <accessor source="#Body_Default_M_002-mesh-positions-array" count="2767" stride="3">
              <param name="X" type="float"/>
              <param name="Y" type="float"/>
              <param name="Z" type="float"/>
            </accessor>
          </technique_common>
        </source>
        <source id="Body_Default_M_002-mesh-normals">
          <float_array id="Body_Default_M_002-mesh-normals-array" count="8385">0.04372662 -0.9928518 0.1110563 0.1139398 -0.9906233 0.07538771 -0.067317 -0.997731 -0.001229107 0.05851513 -0.9941022 -0.09130549 0.07561177 -0.9960011 0.04759037 -0.1950787 -0.97131 -0.1360189 -0.0415256 -0.9711661 -0.2347599 0.02047884 -0.9964799 -0.08129364 -0.06800383 -0.9679816 -0.2416346 -0.1809282 -0.8648459 -0.4683016 -0.3522937 -0.835416 -0.4218642 -0.1649027 -0.9734814 -0.1585599 -0.07288008 -0.9970396 0.02450978 0.03303384 -0.9898546 0.1381908 -0.2195103 -0.8687677 -0.4439122 -0.3535583 -0.8624752 -0.3621231 -0.2910754 -0.6973813 -0.654931 -0.3561637 -0.7167397 -0.5995262 -0.496882 -0.6910181 -0.5249785 -0.4778293 -0.855019 -0.2015486 -0.3031632 -0.9524016 0.03198939 -0.4505695 -0.6043466 -0.6570786 -0.1960855 -0.9679553 0.1568859 -0.07312512 -0.9736111 0.2161807 -0.4210641 -0.6288042 -0.6536898 -0.3193198 -0.5604963 -0.7641197 -0.6387133 -0.6450572 -0.4194599 -0.584406 -0.5614487 -0.5858712 -0.5512971 -0.8340086 0.02238649 -0.7411719 -0.6474294 -0.1774806 -0.3762798 -0.9034613 0.2053566 -0.2659011 -0.9332634 0.2414874 -0.3513481 -0.7398151 -0.5737841 -0.4436002 -0.3496167 -0.8252195 -0.1717802 -0.560572 -0.8100931 -0.08312028 -0.9730553 0.2150685 -0.8647527 -0.3925411 -0.3132324 -0.7525348 -0.4077556 -0.5171333 -0.6517044 -0.604836 -0.4576624 -0.5697488 -0.7792035 0.2612054 -0.7817826 -0.6118392 0.1202867 -0.9294978 -0.3688211 -0.0022071 -0.4262905 -0.8413464 0.3322843 -0.3730797 -0.8775159 0.3012928 -0.213907 -0.9502982 0.2262238 -0.5732744 -0.818885 0.02800178 -0.7845009 -0.6200028 -0.01245224 -0.9123858 -0.1901487 -0.3624854 -0.9915404 -0.1213803 -0.04598295 -0.9295268 -0.3624826 -0.06772321 -0.4018591 -0.9155083 -0.01881545 -0.3148908 -0.9485794 -0.0322622 -0.04551947 -0.9989393 -0.006948471 -0.3612968 -0.8657039 -0.3464412 -0.5448342 -0.7811502 -0.3048937 -0.7530245 -0.6016595 -0.2663835 -0.2398911 -0.9107233 -0.3362076 -0.00519663 -0.9926215 -0.1211438 -0.9900217 -0.08877843 -0.1094336 -0.999167 0.04066568 0.003422081 -0.9225026 -0.1085414 -0.3704157 -0.8913073 -0.3804625 -0.2466163 -0.9561747 -0.1350108 -0.2598118 -0.2350184 -0.9542304 -0.1849611 -0.410859 -0.8915403 -0.1906593 -0.6114829 -0.7770391 -0.1493281 -0.06494426 -0.9923441 -0.1050506 -0.9198058 -0.3883667 -0.05593615 -0.8003646 -0.5923365 -0.09248858 -0.9833601 -0.1756744 -0.04627633 -0.9550788 0.06198889 -0.2897964 -0.9855187 0.09137225 -0.1428432 -0.2085121 -0.9780082 0.004771351 -0.6186216 -0.7816717 0.07935214 -0.3986814 -0.9169283 0.01719421 -0.7910962 -0.5977444 0.1298797 -0.9035949 -0.397385 0.1600046 0.01041412 -0.9999451 0.001279532 -0.9984736 0.02309817 -0.05017018 -0.9644758 -0.1935116 0.1798328 -0.9711397 0.1939841 -0.1387729 -0.9341766 0.1823902 -0.3066723 -0.8305443 -0.4177076 0.3683972 -0.7112656 -0.6205044 0.3302661 -0.5440096 -0.7925864 0.2754278 -0.3364314 -0.9214059 0.1944868 -0.985728 0.1602686 -0.05151957 -0.9789481 0.01589107 0.2034901 -0.8932173 -0.210981 0.3970515 -0.7085125 -0.4435887 0.5488526 -0.576963 -0.6448201 0.501319 -0.4179587 -0.7910145 0.4467737 -0.9573691 0.2585079 -0.1289113 -0.9110097 0.2621925 -0.3183026 -0.4180846 -0.6575381 0.6267766 -0.9080407 0.004254341 0.4188603 -0.9614436 0.1613691 0.22268 -0.968302 0.2461042 -0.04270845 -0.9470672 0.2361671 0.2174599 -0.7872753 -0.04623103 0.6148661 -0.7746002 -0.2290756 0.5895073 -0.5351985 -0.4651265 0.7051383 -0.9359946 0.2641702 -0.2326553 -0.8762605 0.3527073 -0.3282761 -0.8992879 0.1526818 0.4098411 -0.7851356 0.05198192 0.6171386 -0.899774 0.2743626 0.3393113 -0.6085682 -0.2498282 0.7531473 -0.627939 -0.09447419 0.7725071 -0.9803649 0.1940874 -0.03485536 -0.9581243 0.183736 0.2196337 -0.8987596 0.2894974 0.3292761 -0.8662961 0.1607831 0.4729481 -0.6278432 -0.01297688 0.7782316 -0.7592227 0.04366898 0.6493644 -0.8682309 0.3093287 0.3879317 -0.8608357 0.3850225 0.3327453 -0.7392166 -0.07842719 0.6688856 -0.7323279 -0.2111611 0.6473846 -0.7943941 0.1848104 0.5786045 -0.6577636 0.08333313 0.7486005 -0.605046 0.03371721 0.7954763 -0.7465779 0.01823359 0.6650482 -0.8138498 0.3519926 0.4623309 -0.8300921 0.392575 0.3960202 -0.9130831 -0.02098339 0.4072331 -0.9112005 -0.1521139 0.382851 -0.2531899 0.329118 0.9097122 -0.4030347 0.3510553 0.8451764 -0.5741952 0.1223528 0.8095244 -0.7006207 0.1218651 0.7030502 -0.8948979 0.1153668 0.4311012 -0.7505042 0.4096724 0.5185674 -0.43647 0.3166049 0.8421729 -0.7720056 -0.04791265 0.6338074 -0.7518635 -0.2042074 0.6268976 -0.5956081 0.2323861 0.7689265 -0.5112218 0.4291803 0.7446185 -0.6553356 0.1546784 0.7393308 -0.8235986 0.2895191 0.4877133 -0.7773469 0.1462396 0.6118381 -0.5523061 -0.2333053 0.8003292 -0.5728334 -0.07282155 0.8164305 -0.6308775 0.072631 0.7724755 -0.6895639 0.2664043 0.6734468 -0.7490899 0.2697905 0.6050434 -0.7510414 0.3677066 0.5483874 -0.5879281 0.1357544 0.7974405 -0.3696402 -0.2387986 0.8979651 -0.3793644 -0.07352441 0.9223214 -0.6865027 0.1455171 0.7124176 -0.6434458 0.003536283 0.7654835 -0.7226134 0.3388361 0.6025114 -0.596082 0.3834608 0.7054389 -0.3829943 0.1410879 0.9129127 -0.1773066 -0.05361121 0.9826944 -0.1909765 -0.2195228 0.9567329 -0.1314379 -0.8661731 0.4821498 -0.1112979 -0.9522815 0.2842057 -0.01816278 -0.9110741 0.4118425 0.03887385 -0.9819132 0.1852985 0.09440112 -0.9739823 0.2060268 -0.3046112 -0.9524584 -0.00592935 -0.2410092 -0.895214 0.374842 -0.1450136 -0.9823589 0.1180767 0.04992532 -0.9958877 0.07559901 -0.07243382 -0.99342 -0.08871513 -0.337648 -0.8388534 -0.4269884 -0.5000596 -0.7823178 -0.371375 -0.3049472 -0.9277608 -0.2150982 -0.1722891 -0.9118434 -0.3726367 -0.02973818 -0.9700834 -0.2409439 0.3381348 -0.9354152 0.1032636 0.2164797 -0.9762526 0.008217513 0.3581963 -0.9321462 -0.05290472 0.2173823 -0.969605 -0.1122988 0.3607663 -0.9100033 -0.204308 0.5786747 -0.7935625 -0.1881338 0.2045623 -0.9568743 -0.2062667 0.09054529 -0.9842137 -0.1520692 0.3523522 -0.9357013 -0.01763844 0.6123068 -0.790556 -0.01008445 0.1698068 -0.9842411 -0.04934805 0.03443813 -0.981428 -0.1887141 0.02681082 -0.993966 -0.1063616 0.03745675 -0.9992072 0.0134902 0.1968551 -0.9612771 0.1928582 0.3784545 -0.8984616 0.2225736 0.6088833 -0.7631982 0.2163093 0.04498827 -0.9963247 -0.07289266 0.05777865 -0.9880474 0.1429127 0.1892749 -0.9548906 0.2288212 0.08081901 -0.965457 0.2477119 0.3647075 -0.9105908 0.1944551 0.143302 -0.9804946 0.1345177 0.04145175 -0.9789819 0.1996905 0.2958758 -0.9531038 0.06364613 0.594671 -0.7924279 0.1357366 0.7953695 -0.5737117 0.1955565 0.01302856 -0.9892354 0.145752 0.2251304 -0.9689339 -0.1023885 0.08525669 -0.9954897 0.04161429 0.5166363 -0.8550351 -0.04474431 0.8061241 -0.5878694 0.06762838 0.7430715 -0.6473782 -0.1695471 0.4061917 -0.8719305 -0.273396 0.929313 -0.3325661 0.1605525 -0.00354743 -0.9943024 0.1065376 0.1563892 -0.9629158 -0.2198535 0.2824784 -0.8378891 -0.4670629 0.05146396 -0.998341 -0.02582395 0.6088357 -0.6601368 -0.4399302 0.9049926 -0.3250342 -0.2744834 0.9507619 -0.3096022 -0.01408404 0.223653 -0.9663189 -0.127307 0.3931291 -0.811177 -0.4329452 0.08559679 -0.9952712 0.04591834 0.01858687 -0.9922339 0.1229896 0.4108287 -0.6190446 -0.6693308 0.4826075 -0.5834194 -0.6532318 0.7653362 -0.3287041 -0.5533662 0.9450934 -0.05464619 -0.3221994 0.5185647 -0.3149496 -0.7949199 0.818553 -0.04812741 -0.5724114 0.5390635 -0.2812369 -0.7939247 0.5687705 -0.04674428 -0.8211669 0.5643146 0.05743759 -0.8235594 0.5824631 -0.02600008 -0.8124412 0.6288523 0.1242061 -0.7675401 0.2812703 0.06195795 -0.9576264 0.1865063 0.2570707 -0.9482247 0.6503445 0.2558231 -0.7152669 0.1674768 -0.06982642 -0.9834002 0.03318846 0.2451642 -0.9689133 0.8851047 0.4410896 -0.1484248 0.9055109 0.4219748 0.04457813 0.8836551 0.467949 0.01332664 0.904954 0.4053506 -0.1294185 0.892441 0.446595 0.06404578 0.9030173 0.4207646 0.08670157 0.9084718 0.4022576 -0.1134361 0.8574375 0.4313989 0.2805281 0.8413144 0.4575201 0.2878637 0.9012869 0.3764109 0.2144687 0.8858323 0.4607622 0.05476677 0.699235 0.6274728 -0.3425614 0.7574563 0.4688112 0.4543963 0.8598377 0.4001338 0.3171313 0.7377381 0.4672456 0.4872617 0.8777699 0.4271779 0.2168849 0.7271028 0.6851133 0.04406177 0.9205981 0.228812 0.3164556 0.9325107 0.268248 0.2417994 0.9639514 0.2363369 -0.1222403 0.6346623 0.4747761 0.6097471 0.7754734 0.4072532 0.482479 0.6533389 0.4221237 0.6284584 0.7275664 0.2566156 0.6362356 0.8858345 0.2886195 0.3633126 0.8497239 0.2010796 0.4873769 0.7383305 0.5459235 0.396025 0.5668854 0.2463252 0.7861075 0.9648123 0.1524744 0.214217 0.9193195 0.1453535 0.365683 0.775747 0.1529411 0.61223 0.447314 0.4097089 0.7950149 0.4035606 0.3620335 0.8402801 0.447966 0.1074168 0.8875744 0.4627987 0.09250521 0.8816236 0.4504741 0.1538141 0.8794398 0.4160563 0.2869206 0.8628869 0.5102915 0.01213777 0.8599159 0.4948689 0.0992496 0.8632811 0.6430028 0.1911404 0.7416285 0.3828258 0.4968555 0.7788318 0.5282442 0.1943147 0.826559 4.05304e-4 0.2781108 0.960549 -0.07811737 0.634323 0.7691113 0.271693 0.1195638 0.954928 0.6695024 0.1205126 0.7329688 0.5917266 -0.01146239 0.8060572 0.7865854 0.1213323 0.6054435 -0.1379184 0.02918452 0.9900135 -0.1048012 0.7802152 0.6166694 0.5991206 0.2526959 0.7597365 0.4580169 0.6416233 0.6152561 0.6197546 0.1321058 0.7735971 0.1332829 -0.2051734 0.9696079 -0.1883946 -0.2215982 0.9567664 0.1430758 0.9145224 0.378389 0.8545567 0.03595018 0.5181124 0.8901432 0.1704111 0.4226171 0.8495879 0.0649994 0.5234267 0.7579271 0.1865528 0.6250958 0.6479995 0.155167 0.7456673 0.6455802 0.4141028 0.6416738 0.5307485 0.7206646 0.4460365 0.3043974 0.949097 -0.08097749 0.4924053 0.8617579 0.1221085 0.7360267 0.00595647 0.6769263 0.9247152 -0.2045739 0.3210164 0.6634001 0.5769838 0.4764348 0.6880769 0.3196175 0.651456 0.6156306 0.7606335 0.2059994 0.7064922 0.4899334 0.5107192 0.4118219 0.9032115 -0.1208801 0.4199759 0.89954 -0.1202004 0.3626006 0.910257 -0.1998831 0.5162249 0.8541885 -0.06224149 0.6675088 0.704618 0.2407191 0.6830891 0.2697587 0.6786896 0.7178512 0.444132 0.536131 0.3318839 0.9084172 -0.2542272 0.3401256 0.9097768 -0.2379513 0.384456 0.8851336 -0.2621682 0.5001515 0.8537636 -0.1446932 0.6805175 0.695149 0.2316548 0.6577321 0.2474595 0.7114438 0.6792104 0.4655639 0.5673832 0.3772289 0.9175308 -0.1258401 0.3864496 0.9130324 -0.1304939 0.3871449 0.9081148 -0.1595188 0.3156801 0.9033623 -0.2903149 0.4379481 0.8724737 -0.2167742 0.6078894 0.7641363 0.2157923 0.5821247 0.2396634 0.7769764 0.5918443 0.5137119 0.6211445 0.3187708 0.9100031 -0.2651028 0.06944978 -0.5727065 0.8168134 0.02721267 -0.5654906 0.8243057 -0.02522426 -0.7285057 0.6845752 0.4656239 0.2352636 0.8531386 -0.09166741 -0.8114891 0.5771332 0.3187716 0.9100033 -0.2651018 -0.3791359 -0.9238379 0.05272036 -0.3590953 -0.9241544 0.130343 -0.3606336 -0.9253926 0.1165844 -0.6747593 0.08728116 0.7328588 -0.6431019 -0.01299327 0.7656704 -0.6053682 0.3285404 0.7249763 -0.3849696 0.3686351 0.8461127 -0.1592469 0.1615905 0.9739246 0.09916937 -0.1841843 0.9778761 0.1075482 -0.03664493 0.9935243 -0.5747573 -0.06166499 0.8159974 -0.6753723 0.09713423 0.7310522 -0.394456 0.2361513 0.8880525 -0.1601694 0.3626036 0.9180764 0.08118331 0.1434328 0.9863247 -0.08722978 -0.009568691 0.9961423 -0.1239147 -0.1643155 0.9785937 -0.6451094 0.145528 0.7501037 -0.4156297 -0.1834006 0.8908515 -0.1686775 0.09674292 0.9809122 0.01048284 0.3290801 0.9442439 -0.07660162 0.1693381 0.9825766 -0.2410417 0.04430186 0.9695031 -0.2751243 -0.1265745 0.9530402 -0.549221 0.1856153 0.8148027 -0.2143394 -0.3446685 0.9139269 -0.01332855 -0.02293652 0.9996482 -0.04878866 -0.4843674 0.8735032 -0.08305275 0.331279 0.9398705 -0.1924081 0.2030334 0.9600816 -0.05284106 0.04162871 0.997735 -0.3897221 0.1455572 0.9093568 -0.03615921 -0.0564776 0.9977489 0.005749821 -0.5572632 0.830316 -0.2071776 0.01649957 0.9781643 -0.1279071 0.3637061 0.9226905 -0.03155624 0.2134825 0.9764371 -0.06530046 -0.003621697 0.9978591 -0.0120728 -0.570347 0.8213152 -0.08026927 -0.1126805 0.9903838 -6.46484e-4 0.4067131 0.9135558 -0.2858937 0.3620977 0.8872148 -0.4315785 0.4098467 0.8035954 -0.5542754 0.3970454 0.7315284 0.01303237 -0.5416219 0.8405213 0.008718371 0.06035906 0.9981387 -0.007978498 -0.1590441 0.9872393 0.0923984 -0.1405091 0.9857584 -0.1429831 0.2956826 0.9445252 -0.2971381 0.6958339 0.6538534 -0.4164783 0.6786672 0.6049436 -0.5234715 0.6382306 0.5644815 -0.6200827 0.5795728 0.5287655 -0.648477 0.3308338 0.6855849 0.09940928 -0.4479276 0.8885262 0.2369661 -0.09950095 0.9664092 0.1374844 0.2471352 0.959178 -0.009567975 0.2609743 0.9652984 0.3054774 0.2396619 0.9215453 -0.01871991 0.6849252 0.7283729 -0.1630836 0.6961771 0.6991004 -0.274373 0.9598068 0.05908006 -0.3564822 0.9337158 0.0330969 -0.4419085 0.8970279 0.007620632 -0.6854756 0.5136293 0.5160506 -0.6952936 0.2628998 0.6689174 0.141487 0.6528696 0.7441389 0.3244231 0.6034409 0.728429 0.4858763 0.5542398 0.6758272 0.1263565 0.9824809 0.1369865 0.002705574 0.9910421 0.1335225 0.2602102 0.9539048 0.1495204 -0.04852771 0.8500939 -0.5243907 -0.09173113 0.8413034 -0.5327233 0.3898244 0.902184 0.1846651 0.4919921 0.8428522 0.2180459 0.09236562 0.8860758 -0.4542448 0.04250234 0.8782793 -0.4762552 0.124082 0.9023166 -0.41283 0.1719813 0.9159628 -0.3625392 0.2665247 0.9094182 -0.3192542 0.03341281 0.8738618 -0.4850249 0.06568259 0.8844406 -0.4620075 0.0816015 0.89212 -0.4443683 0.1118234 0.8925967 -0.4367684 0.06764018 0.9489259 -0.3081631 0.1071687 0.9369155 -0.3327224 -0.01252377 0.8658894 -0.5000788 0.01362502 0.9583325 -0.2853302 0.1829853 0.8910999 -0.4152798 0.2507185 0.8945121 -0.3701192 0.150897 0.9234477 -0.3528095 0.2325351 0.9115667 -0.3390777 0.06762665 0.9489102 -0.3082145 -0.06293666 -0.8189653 0.5703813 -0.05151522 -0.7993351 0.5986733 0.107184 0.9369111 -0.3327303 -0.06797796 -0.8114106 0.5805099 0.1509361 0.9234541 -0.3527759 -0.08381426 -0.8042282 0.5883811 -0.02890723 -0.767649 0.6402184 0.01361083 0.9583389 -0.2853091 -0.05070853 0.9617339 -0.2692515 0.2325181 0.9115444 -0.3391494 -0.159922 -0.9522587 0.2600548 -0.2315844 -0.9493139 0.2125371 -0.09673923 -0.9530795 0.2868468 -0.3124315 -0.9387516 0.1453687 -0.3659264 -0.9266473 0.08615541 -0.01759886 -0.9537542 0.300072 0.01379275 -0.7636456 0.6454883 -0.05070257 0.9617262 -0.2692806 -0.2074871 -0.9451239 0.2523688 -0.1527981 -0.9509505 0.268972 -0.2639445 -0.9342232 0.2399176 -0.307921 -0.9279437 0.2100126 -0.09794443 -0.9571485 0.272532 -0.02345877 -0.9649798 0.2612731 -0.3385655 -0.9271076 0.1607638 0.06512182 -0.9643244 0.2565887 0.07045131 -0.9523688 0.296699 -0.006238222 -0.7714901 0.6362109 -4.2855e-4 -0.7374378 0.6754149 -0.02596151 -0.7808878 0.6241317 0.01449632 -0.720336 0.6934738 0.01943641 -0.7118258 0.7020872 -0.03670781 -0.7562485 0.653254 -0.05691325 -0.7690054 0.6367038 -0.006684005 -0.736247 0.67668 -0.01665359 -0.7152524 0.6986678 0.1200971 -0.9573885 0.2626482 -0.002407729 -0.7220679 0.691818 0.2573233 -0.3149325 0.9135656 0.2558127 -0.3277862 0.9094593 0.2769281 -0.3323471 0.9015854 0.1768835 -0.255322 0.9505382 0.2829797 -0.3369171 0.8980031 0.2639423 -0.331326 0.9058464 0.02978163 -0.1879733 0.9817225 -0.04830539 -0.1519674 0.9872044 0.2330153 -0.2993201 0.925263 -0.03797006 -0.6772081 0.7348112 0.3976785 0.2854062 0.8720064 0.4018281 0.1846947 0.8968959 0.4306836 0.1363419 0.8921449 0.4524182 0.1074904 0.8853042 0.2991207 0.3892183 0.8712267 0.4552671 0.09625703 0.8851365 0.4292972 0.09498715 0.8981544 0.1052271 0.442393 0.8906267 0.3967176 0.4206283 0.8158965 0.3799076 0.5146886 0.768613 0.43707 0.3608965 0.8238469 0.4856048 0.3188564 0.8139525 -0.400958 -0.9103172 0.102739 -0.4253256 -0.8931281 0.1463565 -0.2771259 -0.7026711 0.6553279 0.3772041 0.9175286 -0.1259307 -0.4342682 -0.8778381 0.202019 -0.08434844 -0.5864033 0.8056157 -0.4646096 -0.8667593 0.1812905 -0.4635299 -0.8367722 0.2914663 -0.4634059 -0.8526237 0.2414292 -0.5728634 -0.7853034 0.2347901 0.3376886 0.9370849 -0.08853518 0.3376682 0.9370951 -0.08850371 0.3898465 0.9080705 -0.1530622 -0.06240761 -0.1320765 0.989273 0.1146515 0.02610236 0.9930629 0.1053714 -0.1523663 0.9826909 0.2707434 0.002170681 0.9626491 0.1250042 0.1980012 0.9721983 0.3070514 0.1881851 0.9329019 0.31794 0.3750763 0.8707652 0.1366998 0.4025521 0.9051326 0.4531487 0.175057 0.8740775 0.4653008 0.337383 0.8183324 0.2452995 -0.1708159 0.9542798 0.4220321 -0.005496084 0.9065643 0.08752 -0.3620166 0.928054 0.4478389 0.2322351 0.8634276 0.2909638 0.1985678 0.9359011 0.1145226 0.1206507 0.9860669 0.6064639 0.1395328 0.7827721 0.5938634 0.2437078 0.7667678 0.410825 0.3761826 0.8304875 0.4364942 0.3642333 0.8226828 0.3898681 -0.1716215 0.904737 0.2002923 -0.3652057 0.9091249 0.6059408 -0.01240515 0.7954131 0.05641847 -0.5849803 0.8090829 0.4104249 -0.1092574 0.9053255 0.5108889 0.002256929 0.8596438 0.2417173 -0.2858803 0.9272783 0.7787843 0.1038261 0.6186398 0.6029388 -0.1597676 0.7816261 0.3404951 -0.3507563 0.8723721 0.1368373 -0.5864405 0.7983504 0.7989675 -0.0283969 0.6007035 0.02562844 -0.7707945 0.6365683 0.5917457 0.07958561 0.8021866 0.5151562 0.0151807 0.8569619 0.388498 -0.05066567 0.9200556 0.8065512 -0.1465897 0.5727014 0.5811638 -0.3269363 0.7452257 0.2665839 -0.5757021 0.7729812 0.08054763 -0.782026 0.6180191 0.8819958 -0.04555362 0.4690504 0.8904789 -0.1478045 0.4303503 0.5156278 -0.2086134 0.8310286 0.6460166 -0.06216299 0.7607881 -0.02219635 -0.248117 0.9684758 0.05209517 0.06061387 0.9968009 -0.03054404 -0.0582419 0.9978351 -0.3923519 -0.02451175 0.9194886 -0.2439091 0.3068984 0.9199575 0.3414986 0.2405814 0.9085699 0.3832466 0.09948778 0.9182724 0.2456395 0.4319498 0.8678023 0.6427059 0.3027897 0.7037383 0.8072719 0.02934283 0.5894499 0.4831933 0.1564939 0.861414 0.07390373 0.3220259 0.9438419 0.2658876 -0.1650556 0.9497687 0.6313018 0.3176389 0.7075052 0.1249269 0.6523503 0.7475509 0.6401299 -0.3215095 0.6977574 0.4612108 0.7495149 0.4748811 0.5790957 0.4304299 0.6923716 0.970844 0.1993693 0.1330929 0.8055854 0.5600001 0.1934742 0.805654 0.3996568 0.4372599 0.6123211 0.06242126 0.7881413 0.6388199 0.1289128 0.7584792 0.9266246 0.3720137 -0.05452311 0.8883167 0.4387796 0.1355211 0.9371483 0.3464764 0.04131996 0.9753239 -0.09658503 0.1985319 0.6200854 0.155267 0.7690165 0.9173898 0.3886168 -0.08586704 0.5228215 0.244319 0.8166798 0.7725551 0.1339151 0.6206654 0.9606724 0.2647278 -0.08383089 0.7044533 0.4291246 0.5653297 0.6855145 0.5771176 0.4438528 0.8221575 0.56926 6.70031e-4 -0.06798166 -0.8114119 0.5805079 0.1071639 0.9369295 -0.3326846 0.1509208 0.9234369 -0.3528277 0.1071462 0.9369012 -0.3327698 -0.06294041 -0.8189623 0.5703851 0.06760162 0.9489305 -0.3081573 -0.08378452 -0.8042131 0.588406 0.1509377 0.9234418 -0.3528077 0.2324796 0.9115558 -0.339145 -0.05152285 -0.7993596 0.5986398 0.01360905 0.9583296 -0.2853407 0.06767678 0.9489374 -0.3081195 -0.09166157 -0.8114835 0.5771418 0.2324987 0.9115483 -0.339152 0.3187606 0.9100205 -0.2650556 0.01365023 0.9583128 -0.285395 -0.02890253 -0.7676566 0.6402095 -0.05074203 0.9617276 -0.2692681 -0.02521812 -0.7285053 0.6845759 0.3188253 0.9099966 -0.2650597 0.3871731 0.9081093 -0.1594827 0.01379632 -0.7636528 0.6454799 -0.1044493 0.9607456 -0.2570184 -0.05072301 0.9617484 -0.2691978 0.04607492 -0.8069914 0.5887631 -0.1306342 0.9566642 -0.2602468 -0.1044135 0.9607463 -0.2570302 -0.1306235 0.9566391 -0.2603448 0.06617259 -0.8521494 0.5190979 -0.2122126 0.949301 -0.2319346 -0.2121434 0.9492982 -0.2320091 0.02316594 -0.8083662 0.5882241 -0.31225 0.9399992 -0.1374829 -0.3122277 0.9400113 -0.1374509 -0.06204336 -0.7211913 0.6899521 -0.3928501 0.9193146 -0.02301287 -0.3708958 0.9282385 -0.02845609 -0.3927162 0.9193711 -0.02303934 -0.1379345 -0.6371908 0.7582626 0.04371774 -0.9928523 0.1110541 -0.06731528 -0.997731 -0.001232981 -0.07860404 -0.988075 0.1323981 -0.165515 -0.9857648 0.0295391 -0.1950841 -0.9713101 -0.1360108 -0.07799082 -0.9957926 0.04811066 -0.04315531 -0.9854625 0.164321 -0.2395007 -0.9599159 -0.1456054 -0.1076703 -0.9798966 -0.1679585 -0.352297 -0.8354203 -0.421853 -0.03339868 -0.9978523 0.05635148 -0.03791314 -0.9853519 -0.1662657 -0.03426176 -0.9860087 0.1631357 -0.299101 -0.8252526 -0.4790584 -0.1163257 -0.8530027 -0.5087777 -0.02258318 -0.8612073 -0.5077522 -0.4505933 -0.6043494 -0.6570597 0.05764973 -0.9874901 -0.1467648 0.1009625 -0.8658285 -0.4900487 0.0358535 -0.9978556 0.05476325 0.02451246 -0.9863891 0.1625904 0.1569176 -0.9799309 -0.1229323 -0.125481 -0.6351527 -0.7621257 -0.3436867 -0.6068341 -0.7166812 -0.002171337 -0.6495153 -0.7603455 0.151721 -0.6523001 -0.7426206 0.2700277 -0.8530473 -0.4465372 -0.4436232 -0.3496195 -0.8252059 0.09236174 -0.9938134 0.06167954 0.05526763 -0.9859712 0.1575 0.2749243 -0.9575838 -0.086313 0.4398698 -0.8172782 -0.3722511 0.3510802 -0.6372359 -0.6860563 0.190909 -0.3467814 -0.9183118 0.02379935 -0.3399323 -0.9401488 -0.1392993 -0.3379371 -0.9308031 -0.3705919 -0.3249599 -0.8700935 0.1399109 -0.9874715 0.07297378 -0.4257028 -0.1003841 -0.8992776 0.04665762 -0.9880639 0.1468092 0.2236433 -0.9663201 -0.1273153 0.3931387 -0.8111737 -0.4329426 0.5424872 -0.6005848 -0.5873718 0.416515 -0.3444862 -0.8413351 0.2045771 -0.02746707 -0.9784651 0.5277286 0.3060771 0.7923505 0.290782 0.607957 0.7388059 0.5249282 0.3166598 0.7900488 0.3286151 0.638649 0.6958014 0.3451915 0.5517155 0.7592449 0.4824727 0.3760175 0.7910948 0.3936005 0.4819911 0.782792 0.4764928 0.4467136 0.7572329 0.5561551 0.4304283 0.7109311 0.6338198 0.4426473 0.6342996 0.3700788 0.4618883 0.8060404 0.298367 0.5425478 0.785251 0.2644668 0.6954661 0.66812 0.2809711 0.6415283 0.7137904 0.5689799 0.4568908 0.6837491 0.5043965 0.4165089 0.7563759 0.6400935 0.4648034 0.6117501 0.38579 0.3511397 0.8531513 0.2827394 0.4209427 0.8618966 0.734919 0.4685437 0.490266 0.2415969 0.5493696 0.79989 0.2463298 0.6767144 0.693815 0.2262811 0.3869224 0.8939172 0.6396536 0.4766007 0.6030713 0.6225214 0.4286868 0.6547479 0.7334678 0.4778137 0.4834451 0.6215323 0.3581376 0.6967317 0.4906366 0.3088046 0.81481 0.3551694 0.3092662 0.8821616 0.8345042 0.4714788 0.2851502 0.1575993 0.495853 0.8539862 0.2271059 0.6090269 0.7599403 -0.2097902 0.8025581 0.5584701 -0.07055562 0.9285586 0.3644187 0.6686293 0.4441981 0.5963413 0.7372441 0.4621193 0.4928662 0.7190122 0.3924747 0.5735723 0.8375498 0.4759195 0.2683489 0.421925 0.2871358 0.8599606 0.5781863 0.2908275 0.7623122 0.8835787 0.465701 0.0491057 0.7482482 0.3851299 0.5401847 0.8461127 0.464051 0.2622021 0.7592733 0.4274544 0.4907004 0.8832971 0.4675125 0.034904 0.8701462 0.4590055 -0.1793314 0.8911914 0.452681 0.02929401 0.8688107 0.4475957 -0.2117221 0.900803 0.4330396 0.03210401 0.8567609 0.4439661 0.262402 0.8111999 0.37922 0.4451371 0.787163 0.405296 0.4648759 0.8675984 0.4970268 -0.01541477 0.880699 0.4227739 -0.2136154 0.8937526 0.4041427 -0.1946156 0.8885385 0.4581729 -0.02402073 0.9080943 0.4172316 0.03581494 0.8953601 0.3966379 -0.2025064 0.8665421 0.4254685 0.2609242 0.7681426 0.4399973 0.4651446 0.8609429 0.4292526 0.2729831 0.862447 0.4944661 0.1081125 0.8558756 0.5028521 0.1209007 0.9134171 0.4059242 -0.02991324 0.9118056 0.4080315 0.04605263 0.8998983 0.3830348 -0.2084887 0.9105452 0.413041 -0.0174514 0.9175307 0.3921158 0.06620174 0.8567343 0.4212776 0.2975428 0.8491402 0.5063742 -0.1501544 0.8626181 0.4908791 -0.1221802 0.9112274 0.359156 -0.2016725 0.9372028 0.3482159 0.01991784 0.9222011 0.3463648 0.1719788 0.9016025 0.4180844 0.1109892 0.9108295 0.3550668 -0.2105167 0.9354622 0.3507978 0.04302698 0.8561798 0.4112328 0.3127999 0.9173803 0.3898426 0.08022594 0.9132799 0.3955976 0.09707015 0.8970567 0.3589059 -0.257829 0.9213734 0.3505578 0.1678695 0.9354641 0.3507928 0.04302644 0.9225288 0.3835958 -0.0423671 0.9275993 0.3722586 -0.03135967 0.9043355 0.401866 0.1438089 0.9205132 0.2291638 -0.3164479 0.9454438 0.2929832 0.142468 0.8267329 0.4585401 0.3259661 0.8388264 0.455072 0.2987976 0.9043293 0.4018751 0.1438228 0.8930249 0.4108666 0.183563 0.895452 0.4414141 -0.05761516 0.8944082 0.3903276 -0.2183541 0.8807862 0.4203563 -0.2179825 0.781535 0.3312151 -0.5286774 0.8374853 0.5142003 0.184977 0.9564257 0.1123548 -0.2694928 0.7756161 0.1936603 -0.6007624 0.9744403 0.1542665 0.1633032 0.8535308 0.3637683 0.3730385 0.7305557 0.5938071 0.3371671 0.7543545 0.5795518 0.3083329 0.6772931 0.4033591 -0.6152849 0.8831748 0.4655188 -0.05739921 0.6529001 0.3486737 -0.6724196 0.7010819 0.5770692 0.4188981 0.6864973 0.707026 0.1698107 0.655422 0.6026784 -0.4551933 0.6729569 0.7310825 0.1124609 0.6354159 0.6945124 -0.3374898 0.6703906 0.7153025 0.1972784 0.6181641 0.7846928 -0.04615509 0.641135 0.7593268 -0.1112149 0.5923013 0.7695251 0.2387682 0.6201733 0.7715126 -0.1419626 0.4651439 0.8599687 -0.209989 0.39575 0.9179233 0.02826172 0.4045757 0.9068772 0.117866 0.01501166 0.9959089 -0.08910793 0.09154605 0.9551115 -0.2817468 0.2764322 0.900103 0.336749 0.05412155 0.9985033 -0.00788486 -0.08232307 0.9838328 -0.1590468 -0.02738851 0.9983505 0.05045968 -0.0258702 0.9746865 -0.2220745 0.4661095 0.7637537 0.4465674 0.2639133 0.7162875 0.6459737 0.1802118 0.8727387 0.4537079 0.0171917 0.999817 -0.008396089 -0.09935337 0.9935047 -0.05547595 -0.04666388 0.9945479 0.09325855 0.3395764 0.5722059 0.7465041 0.6117988 0.6093423 0.5043849 0.3873911 0.6961755 0.6043741 0.3379165 0.558116 0.7578384 0.2741824 0.9604634 0.04831373 0.3860201 0.8374977 0.3867638 -0.07337456 0.9972273 0.01241427 0.08962029 0.9815983 -0.1686213 0.432634 0.4712258 0.7686184 0.3417879 0.4887486 0.8026867 0.04652488 -0.04197084 -0.998035 -0.1569768 -0.1224985 -0.9799758 -0.4107038 -0.1032756 -0.905901 0.08559209 -0.995272 0.04590892 -0.4060023 0.08709961 -0.909712 0.01858639 -0.9922333 0.1229944 0.4826033 -0.5834129 -0.6532409 0.6157521 -0.3249658 -0.7178068 0.4411804 -0.05689454 -0.8956131 0.1981697 0.1345421 -0.9708899 0.01645565 0.05908232 -0.9981176 0.08825933 0.1383435 -0.9864439 -0.1671242 0.004063189 -0.9859275 -0.2714522 0.02073574 -0.9622285 -0.448274 0.1397873 -0.8828986 -0.3637834 0.2695381 -0.8916338 0.5390328 -0.2812401 -0.7939444 0.6454951 -0.05572563 -0.7617288 0.4379422 0.1265739 -0.8900482 0.43408 0.2424243 -0.8676434 0.1784426 0.2246084 -0.9579715 0.1130771 0.1464686 -0.9827312 0.093508 -0.1363399 -0.9862392 0.03244829 0.2693099 -0.9625068 0.03007745 0.2379442 -0.970813 0.5824616 -0.02598845 -0.8124428 0.6538103 0.1229231 -0.746607 0.6578573 0.2452951 -0.7120774 0.4241973 0.3487871 -0.8357059 0.6533328 0.3383821 -0.6772398 0.1366797 0.3642147 -0.9212309 0.263875 0.128748 -0.9559258 0.2162618 0.4213364 -0.880742 -0.07946825 0.3862406 -0.9189684 -0.1787108 0.3476586 -0.9204325 -0.1424747 0.3648396 -0.9201049 -0.07848167 0.528766 -0.8451316 0.6288855 0.1241939 -0.7675149 0.6503244 0.2558394 -0.7152794 0.6009919 0.3624989 -0.7123225 -0.1559724 0.1329279 -0.9787762 0.6400765 0.3996247 -0.6562029 0.598164 0.3923569 -0.6987532 -0.2748579 0.3244138 -0.9051015 -0.3991807 0.4035778 -0.8232738 -0.311782 0.4062644 -0.8589187 -0.3722674 0.3295761 -0.8676385 0.598558 0.4186331 -0.6829895 -0.3264598 0.1561377 -0.9322258 -0.4887465 0.1390398 -0.8612752 -0.3820142 -0.1404792 -0.9134171 -0.3104954 0.3705596 -0.8753732 -0.2578291 0.4316926 -0.8643876 -0.1543048 -0.1907142 -0.9694422 -0.3200438 0.441403 -0.8382931 -0.3610883 0.4399427 -0.8222323 -0.2727022 0.4469837 -0.8519619 -0.1180362 0.4216827 -0.899028 -0.1486774 0.4216194 -0.894501 -0.1711938 0.3972657 -0.9015945 -0.4072915 0.3992286 -0.8214197 -0.3576805 0.4152903 -0.8364201 0.1049102 0.4172069 -0.902736 0.1025592 0.4336977 -0.8952029 0.09874308 0.4178695 -0.9031251 0.1104952 0.3899602 -0.9141782 -0.1812691 0.3593472 -0.9154295 -0.4436031 0.3388929 -0.8296794 -0.3388962 0.3467187 -0.8746059 0.4121094 0.4177871 -0.8097035 0.4015538 0.4533028 -0.7957835 0.3675765 0.4366827 -0.8210943 0.3263561 0.4115517 -0.8509507 0.1463774 0.363565 -0.9199969 0.3879383 0.3862212 -0.8368615 -0.1812655 0.3317771 -0.9257791 -0.4540435 0.3031746 -0.8378125 -0.2936565 0.3029314 -0.9066414 0.6161707 0.4421123 -0.651821 0.6097837 0.4394186 -0.6596022 0.483591 0.3422487 -0.8056089 0.4174817 0.4384794 -0.7958926 0.4343141 0.359093 -0.8260894 0.1726005 0.3508268 -0.9203965 -0.1784618 0.3195689 -0.9306058 -0.4551863 0.2808265 -0.8449509 -0.2969174 0.269315 -0.9161385 0.4237978 0.3974168 -0.8139136 0.1913362 0.3956733 -0.898239 -0.1695719 0.3482025 -0.9219548 -0.448549 0.2944765 -0.8438528 -0.142306 0.3730044 -0.9168516 0.5737767 0.432675 -0.6953939 -0.2956796 0.2961479 -0.9082236 -0.4692325 0.3232291 -0.821793 0.4117912 0.4269684 -0.8050628 0.2315263 0.430362 -0.8724586 -0.1227955 0.1342698 -0.9833071 0.2775107 0.2760722 -0.9202023 0.3308428 0.431186 -0.8394176 -0.2954021 0.366442 -0.8823027 -0.5778006 0.4107502 -0.7052878 -0.5502037 0.1690437 -0.817741 -0.02002549 -0.1243139 -0.9920409 0.4008576 0.4108837 -0.8188333 0.4632341 0.05593371 -0.8844692 -0.3038893 0.4642889 -0.8319178 -0.7287181 0.3206241 -0.60512 -0.5575034 0.04519438 -0.8289437 0.05215013 0.4571187 -0.8878755 0.5727058 0.3778907 -0.7274659 -0.3078996 0.5693638 -0.7622485 -0.5117242 0.5976655 -0.6171987 -0.6693627 0.3273581 -0.666926 -0.6024369 0.5585016 -0.5702155 -0.4810177 0.6367878 -0.6025971 -0.006837487 0.8035978 -0.5951336 0.4629133 0.6357557 -0.6176779 -0.05092889 0.765706 -0.6411715 0.3498616 0.5840172 -0.7324759 -0.4524134 0.6904352 -0.5644655 -0.1414818 0.7041344 -0.6958288 -0.2520222 0.674444 -0.6939814 0.2472708 0.5726493 -0.7816202 -0.143687 0.7354334 -0.6621871 -0.1127046 0.8191579 -0.5623861 -0.4125873 0.8075993 -0.4213729 0.1890931 0.7006679 -0.6879741 0.4062314 0.528291 -0.7455768 -0.197043 0.8570221 -0.476117 -0.2235163 0.9687823 -0.1072442 -0.329815 0.9325573 -0.1468299 0.1160959 0.8744881 -0.4709483 0.4149168 0.6798803 -0.6046544 0.04046797 0.945636 -0.3226996 0.4169458 0.4274355 -0.8021566 0.7041242 0.4787587 -0.5244038 0.6836962 0.4035953 -0.6080054 0.6712915 0.3915179 -0.6293501 -0.1087265 0.9605742 0.2558825 -0.09172022 0.986044 0.1389415 0.001856625 0.9980893 -0.06176048 -0.06573665 0.9302046 0.3611069 0.4368022 0.8365048 -0.3308531 0.7186219 0.6024263 -0.347369 0.5625422 0.4976339 -0.6602324 0.7000367 0.4757094 0.5325873 0.5482637 0.4445119 0.7083898 0.4019007 0.5029682 0.765179 0.739108 0.4210529 0.5257698 0.5147121 0.5889186 0.6230942 0.6649162 0.4920805 0.5619104 0.7476094 0.4453395 0.4926998 0.6157078 0.7133578 0.3347012 0.7491274 0.5034798 0.4304839 0.9311206 0.3559523 0.07945144 0.8184683 0.573802 0.02934491 0.7007591 0.6900115 0.181165 0.2968391 0.8265599 0.4782105 0.4691901 0.8002217 0.3735049 0.8750067 0.43094 0.2205769 0.7338566 0.5351295 0.4184387 0.9653692 0.0442596 0.2571058 0.9061419 -0.05509895 0.4193699 0.843181 -0.08904975 0.5302038 0.7788668 0.121534 0.6153016 0.7431359 -0.1093615 0.6601433 0.5122891 0.5679885 0.6441653 0.1860525 0.8404899 0.5088824 0.7687175 -0.03136217 0.6388192 0.7620986 -0.1912565 0.6185683 0.6978352 0.3633388 0.617261 -7.24557e-4 0.8069155 0.5906666 0.3553938 0.5111508 0.7825729 0.7587895 -0.3037284 0.5761836 0.6944239 -0.1736231 0.6983056 0.6591916 0.3317967 0.6748167 0.2922545 0.4072555 0.865292 -0.1001502 0.7504511 0.6532942 -0.0945661 0.827273 0.5537841 -0.2094331 0.8002064 0.5619676 0.5791478 -0.6050052 0.5464034 0.6340942 -0.3514718 0.6887614 0.5321761 0.2980741 0.792427 -0.1782907 0.1534063 0.971946 -0.1635972 0.6973414 0.6978187 0.2499886 0.2900266 0.9237913 -0.2695366 0.7763301 0.569791 0.09416842 0.5928004 0.799825 0.2009773 0.5381832 0.8185151 0.09986197 -0.7500167 0.6538369 0.6012113 -0.7140468 0.3587229 0.6054556 -0.443099 0.6611254 0.457269 0.2854005 0.8422896 -0.2536417 0.3810695 0.8890737 -0.7226554 0.03294593 0.690423 -0.2758261 0.7605653 0.5877588 -0.1610195 0.6397069 0.7515637 0.2161068 0.19031 0.9576429 -0.01660382 0.6691677 0.742926 0.2295878 0.4589249 0.8582991 0.5737665 -0.50589 0.644102 -0.2801101 0.5983132 0.7507061 -0.7593542 0.3327945 0.5591326 -0.2561218 0.7427055 0.6187005 -0.1469619 0.7200961 0.6781327 -0.1178575 0.577142 0.8080946 0.2218756 0.09427654 0.9705067 0.1483574 0.5274178 0.8365528 -0.02716404 0.6900473 0.7232543 -0.1663842 0.7436909 0.6474876 -0.7841995 0.5498198 0.2876271 -0.6292102 0.7771203 0.01336985 -0.04681175 0.5248073 0.849933 -0.2988058 0.942797 -0.1478149 0.1665122 0.4902667 0.8555187 0.022987 0.697829 0.7158955 -0.06933635 0.7338463 0.6757679 -0.6561885 0.7318657 0.1838187 -0.3391228 0.9404821 0.02211958 0.2087339 0.06192421 0.9760101 0.01352757 0.486388 0.8736383 0.04329967 0.9852173 -0.1657474 -0.01752918 0.999255 -0.03438353 0.04638922 0.6890475 0.72323 0.1161348 0.4843525 0.8671306 0.01188564 0.7162843 0.6977074 -0.2929329 0.8924936 0.3429951 -0.0550099 0.9622474 0.2665596 0.2759352 0.9611573 -0.006043314 0.08039921 0.6764295 0.732106 0.1690819 0.07875657 0.9824504 0.05847644 0.4758922 0.8775575 0.06511962 0.7191453 0.6918017 0.08191424 0.4957478 0.8645948 0.1101012 0.1235128 0.9862162 0.2118639 0.9572927 0.1967345 -0.06311255 0.9364945 0.3449562 -0.2731533 0.8632344 0.4245162 0.1124768 0.5220924 0.8454399 0.1372084 0.7432251 0.6548209 0.0670064 0.1232092 0.990116 0.009708046 0.1213351 0.9925642 0.3009718 -0.587296 0.7513319 -0.05688697 -0.6606386 0.7485457 0.1353459 -0.6194916 0.7732476 -0.1977663 -0.6396893 0.7427558 0.1834375 0.9534226 0.2394495 -0.04509174 0.1768592 0.9832027 0.1785485 0.5867581 0.7898325 -0.3947336 -0.5839102 0.7093901 -0.1119919 -0.6948047 0.7104254 0.164253 -0.6482651 0.7434873 -0.2915767 -0.7281859 0.6202647 -0.4519305 -0.7539331 0.4768058 -0.1231871 0.2531962 0.9595399 -0.05389028 0.2464231 0.9676629 -0.4973728 -0.537159 0.6812347 -0.5015168 -0.7754616 0.3835889 -0.2738888 0.3751798 0.8855648 -0.5716619 -0.6966129 0.4335128 -0.4944392 0.5361768 0.6841377 0.1998233 0.2944249 0.9345505 -0.06933701 0.6103602 0.7890836 -0.1659014 0.6459905 0.7450994 -0.5537394 -0.7466205 0.3686877 -0.5073937 -0.8052929 0.306684 -0.5415314 -0.4746406 0.6938733 -0.5991151 -0.7192285 0.3518118 -0.6075369 0.7066921 0.3626089 -0.2244158 0.7447352 0.6284959 -0.5721448 0.7332743 0.3673679 -0.6776637 -0.5790449 0.453298 -0.3641804 0.8943791 0.2597283 -0.5561541 -0.7807909 0.2847071 -0.5870717 -0.758709 0.282325 -0.5263396 -0.7958553 0.299301 -0.5766513 -0.7172972 0.3910985 -0.5365972 -0.7787672 0.3249388 -0.3703286 0.902727 0.218954 -0.6634568 0.7440211 0.07910645 -0.7758986 -0.5136691 0.3662313 -0.1853572 0.9396236 0.2876634 -0.5484408 -0.7833482 0.2925379 -0.5826227 -0.750136 0.312805 -0.5264812 -0.7662903 0.3682622 -0.5449512 -0.7900677 0.2807515 -0.8295295 -0.4865409 0.2741515 0.3853416 -0.626608 0.6774026 0.2607952 -0.6608136 0.7037835 -0.5313209 -0.7911186 0.3030337 0.573806 0.4148597 -0.7061432 0.3443325 0.9352928 0.0816248 0.5820181 0.3793883 -0.7192493 0.6768336 0.3642627 -0.6396945 0.7079861 0.6987144 -0.1027322 0.516154 0.6563071 -0.5503147 0.5586592 0.7979453 0.2262378 0.08344495 0.8956632 0.4368345 0.3534549 0.8607007 -0.3664203 0.6016328 0.346247 -0.719827 0.6694041 0.3625528 -0.6484239 0.1166214 0.9740025 -0.1942126 0.1919003 0.8867895 0.4204507 0.6029487 0.3761623 -0.7035303 0.6446526 0.3911843 -0.656809 -0.1337816 0.9906269 0.02758389 0.04613775 0.9734222 -0.2243225 0.09832668 0.9950916 -0.01117092 0.07287722 0.9944477 0.07591444 0.5605838 0.4060255 -0.7217265 0.4877896 0.4580067 -0.7431631 0.7118987 0.4448185 -0.543449 0.6069232 0.4743461 -0.6376835 0.345161 0.623956 -0.7011011 0.520976 0.6953036 -0.4951131 0.08409988 0.9956636 -0.03976547 0.3251363 0.4442758 -0.8348086 0.7833023 0.4231568 -0.4553856 0.7505619 0.6182391 -0.2333184 0.5527644 0.4216424 -0.718797 0.6523922 0.4404634 -0.6167467 0.4201241 0.1998137 -0.8851951 0.8847716 0.4101762 -0.2212119 0.1016306 0.9947635 -0.01081013 0.8906753 0.1821547 -0.4165539 0.7798263 0.3584271 -0.5132263 0.6703781 0.1127914 -0.7333971 0.6226434 0.304508 -0.720826 0.1529756 0.9621039 -0.2257313 0.2101631 0.9744613 -0.07909929 0.2010291 0.9320317 -0.3015035 0.04665625 -0.988063 0.146815 0.02454024 -0.9863822 0.1626284 0.05527126 -0.9859709 0.157501 0.00744307 -0.9902421 0.1391598 0.01858884 -0.9922338 0.1229907 -0.03424483 -0.9860126 0.1631151 -0.03767782 -0.9897764 0.1375616 -0.04315257 -0.9854612 0.1643292 0.02198475 -0.9931506 0.1147544 -0.01023328 -0.9991587 0.0397157 0.04945421 -0.9965025 0.06735837 0.006673038 -0.989403 0.1450421 4.44317e-4 -0.9871745 0.1596442 -0.003534078 -0.9943047 0.1065164 0.08569115 -0.9916458 0.09641426 0.1293991 -0.9908304 0.03887355 0.08244967 -0.9965576 0.008670926 -0.01191586 -0.9995589 0.027206 0.01340085 -0.9999068 0.002643883 0.04373937 -0.9928543 0.1110285 0.09118151 -0.9892361 0.1144458 0.02470874 -0.9839792 0.176563 0.01302522 -0.9892349 0.1457558 0.04643255 -0.9917154 0.1197696 0.03926873 -0.9967635 -0.07014691 0.112475 -0.9925718 -0.04637414 0.0849747 -0.99537 -0.04492193 0.04144048 -0.9789792 0.1997061 -0.01480263 -0.9992443 0.03594094 -0.02215218 -0.9997485 0.003525972 -0.02786135 -0.9993188 -0.02420532 0.004980027 -0.9993761 -0.03496712 0.04496926 -0.9963257 -0.07289016 0.05779486 -0.9880473 0.1429065 0.034442 -0.9814281 -0.1887136 0.002855241 -0.990511 -0.1374043 0.04605805 -0.987369 -0.1515954 0.04541862 -0.9845889 -0.1688843 0.08080863 -0.9654566 0.247717 -0.0971409 -0.9944847 0.03954708 -0.05280321 -0.9985271 0.01247125 -0.04220432 -0.9938126 -0.1027398 -0.06124681 -0.9812164 -0.18293 -0.0567525 -0.9891695 -0.1353622 0.05810654 -0.9782208 -0.199268 0.1178762 -0.9688015 -0.2180114 0.07859927 -0.9885879 -0.1285154 0.002158224 -0.9991035 -0.04228013 0.02679795 -0.9939662 -0.1063629 -0.1212329 -0.9814822 -0.1483083 0.02575832 -0.9962994 0.08200073 -0.0297476 -0.970085 -0.240936 0.1828194 -0.9783385 -0.09711247 0.01099413 -0.9979766 -0.0626266 -0.1630524 -0.9817319 -0.09806317 -0.1179741 -0.9862738 -0.115526 -0.03940981 -0.9875677 -0.1521745 0.239584 -0.9515792 -0.192605 0.03744125 -0.9992083 0.01345777 -0.0724352 -0.9934195 -0.08871763 -0.1722756 -0.9118393 -0.372653 0.1453769 -0.987214 -0.06537663 0.2604799 -0.965228 0.02202934 -0.2425085 -0.9699946 -0.01732802 -0.06993913 -0.9955803 -0.06267714 -0.3376464 -0.8388467 -0.4270026 0.09441071 -0.9739832 0.2060183 0.04992645 -0.9958875 0.07560163 0.03889155 -0.9819141 0.1852895 0.03910577 -0.9992349 5.80323e-4 0.01043981 -0.9999448 0.001263499 -0.005186378 -0.9926206 -0.1211512 -0.00483489 -0.9982814 0.05840206 -0.06496369 -0.9923413 -0.1050635 -0.0455408 -0.9989383 -0.006963193 -0.02236342 -0.9762481 0.2154988 -0.08311045 -0.973058 0.2150604 -0.2138897 -0.9503002 0.2262318 0.03301835 -0.9898549 0.1381928 -0.07310193 -0.97361 0.216194 0.1139414 -0.9906232 0.07538747 0.07561105 -0.9960017 0.04757708 -0.0786103 -0.9880723 0.1324146 0.09055411 -0.9842122 -0.1520734 0.7358254 0.220929 0.6401182 0.3288236 -0.9027548 0.2773247 0.7391876 0.1940523 0.6449384 0.06956434 -0.8154066 0.5746939 0.5677995 0.3405407 0.7494237 -0.123903 -0.8798906 0.4587381 -0.2563413 -0.5214338 0.8138771 0.1720055 -0.9698278 0.1727668 0.4963163 0.4472425 0.7440728 -0.4184132 -0.5815068 0.6976965 -0.1690409 -0.8655884 0.4713618 -0.4137039 -0.148422 0.8982316 0.131572 -0.977903 0.162464 0.4493865 0.5633968 0.6932791 -0.4070457 -0.5870004 0.6998175 -0.5836027 -0.1953445 0.7881932 -0.4790868 0.2255271 0.8483003 0.1477963 -0.9671106 0.207011 -0.1278408 -0.8530704 0.5058928 0.4580227 0.6006376 0.6553241 -0.3549795 -0.5942587 0.7216967 -0.5740981 -0.1669529 0.8015848 -0.6215614 0.1966431 0.758283 -0.3088352 0.6865535 0.6582288 0.2512694 -0.9059838 0.3406718 0.009961783 -0.8027586 0.5962209 0.4848167 0.5907542 0.6449514 -0.2604763 -0.5550974 0.7899488 -0.5761939 -0.1560336 0.8022807 -0.630285 0.2265434 0.7425759 -0.4936883 0.683153 0.5381206 -0.1090968 0.8916192 0.4394466 0.117618 -0.6107344 0.7830515 0.607499 -0.5367183 0.5855582 -0.2003902 -0.3844318 0.9011415 -0.5406081 -0.1360097 0.8302074 -0.6659988 0.2259595 0.7109065 -0.5365405 0.6986248 0.4733369 -0.2553865 0.9361041 0.2418408 0.141133 0.9718348 0.1887296 0.2402412 0.6436271 0.7266557 -0.4468191 0.8946081 0.005396902 -0.1993274 0.9765096 0.08183819 -0.5540663 -0.7879013 0.268742 -0.5648642 -0.7445 0.3558768 -0.5371714 -0.7349637 0.4138544 0.4553398 -0.6509093 0.6074396 -0.5214287 -0.796303 0.3066167 0.9332768 0.01776874 0.3587185 0.8676896 0.07793164 0.4909598 -0.8543947 -0.4572172 0.2469055 -0.5438979 -0.7333289 0.4079263 -0.5516223 -0.7522708 0.3602799 0.3547443 -0.7222016 0.5937857 0.9653211 -0.0934453 0.2437691 0.9767294 0.1825186 0.1126354 0.9424821 0.2162138 0.2549099 0.8639342 0.2793571 0.4190195 0.9663293 -0.1126771 0.2313258 0.8189287 0.5552392 0.1451392 0.8390051 0.5405951 0.0618683 0.833922 0.5487833 0.05840396 0.9769784 0.1811234 0.1127285 0.7123388 0.7010749 0.03267186 0.7120823 0.7013371 0.03263479 0.7525647 0.602663 0.2654122 0.6865594 0.7207448 0.09572517 0.1503834 0.3815535 0.9120317 0.4111379 0.9101412 -0.05107581 0.4175494 0.9073414 -0.04882699 0.6358838 0.7521157 0.17313 0.1476968 0.6053816 0.7821117 0.3981319 0.9173117 -0.005502939 0.1155105 0.9851171 -0.1272866 0.09137803 0.9936686 -0.06536728 0.09811133 0.9864669 -0.1313673 0.3664351 0.9291216 0.04958409 0.1555284 0.7065199 0.6903916 -0.4619852 0.2759076 0.8428788 -0.3888438 0.2689938 0.88116 -0.1704854 0.9666473 -0.1911226 -0.1999235 0.960375 -0.1941922 0.07029849 0.9974136 0.01498121 -0.2113165 0.9751012 -0.06725466 0.1216675 0.8521896 0.5088909 -0.2633883 0.3102575 0.9134369 -0.3492608 0.402979 0.8459462 -0.2966222 0.4125647 0.8612814 -0.4863336 0.8525738 -0.1913048 -0.4854307 0.8536804 -0.1886453 -0.006225705 0.9381242 0.3462432 -0.1440439 0.4575245 0.8774524 -0.2058385 0.4802752 0.8526233 -0.2279079 0.6250014 0.7466132 -0.2693012 0.5698169 0.7763926 -0.7005104 0.7048809 -0.1114822 -0.7524278 0.6542793 -0.07596617 -0.1065992 0.6129348 0.7829097 -0.1761662 0.6006343 0.7798743 -0.2024441 0.6759037 0.7086399 -0.2580237 0.6605736 0.7050293 -0.2175337 0.6952679 0.6850414 -0.1465843 0.6943274 0.7045726 -0.1439341 0.6963053 0.7031657 -0.2902772 0.5805444 0.7607282 -0.2256989 0.6176396 0.7533801 -0.02916949 0.6897677 0.723443 -0.0198186 0.6988527 0.714991 -0.1392303 0.6373545 0.757888 -0.2224959 0.4242368 0.877792 0.1674799 0.6113371 0.7734453 0.1349078 0.6895576 0.7115548 -0.02456176 0.6524398 0.7574424 0.1258568 0.7109405 0.6918986 -0.1357594 0.438753 0.8882935 0.3132449 0.4441294 0.8394205 -0.03468739 0.4451653 0.8947764 0.1187481 0.6542032 0.7469386 -0.09850245 -0.121727 0.9876639 0.3766548 -0.6444396 0.6654538 0.4209159 0.5888823 0.689962 0.5748198 -0.6675773 0.473205 0.2165917 0.596783 0.7726176 0.6543261 0.7519977 0.07973051 0.7984604 -0.5567278 0.229162 0.1446587 0.9688109 0.2011948 0.3820512 0.9130208 0.142933 0.6493874 0.7558271 -0.08379393 0.3445312 0.9318016 -0.1142114 0.971297 -0.1738366 0.1623671 0.5566327 0.8300925 0.03326374 0.477814 0.865278 0.1516177 0.9753745 -0.05309635 0.2140689 0.9805707 0.1151357 0.1588237 0.5667641 -0.8084114 0.1589004 0.5161436 -0.8222941 0.2396421 0.4529127 0.873107 0.1804286 0.9524728 0.2807305 0.1182637 0.6562356 -0.7534092 -0.04159003 -0.1535465 -0.1197961 0.9808529 0.4994978 -0.8642389 -0.05994343 0.5326613 -0.8373174 0.1231722 0.5474234 -0.8067566 0.2224223 0.5360509 -0.8006731 0.26753 0.7036905 -0.6988038 -0.1284251 0.4949735 -0.8576061 -0.1396892 0.5362043 -0.8321449 0.1414914 0.5678685 -0.7895486 0.2326768 0.5629212 -0.7728586 0.2929326 0.4900973 -0.6202412 0.6124587 0.4583129 -0.8887807 0.004282295 0.4178991 -0.9080941 -0.02693587 0.4866368 -0.8326219 0.2644342 0.5375342 -0.7850475 0.3078269 0.5912759 -0.7440789 0.3110297 0.5448444 -0.5892739 0.5965744 0.3696175 -0.9159525 0.1562499 0.3932214 -0.8977472 0.1985618 -0.1654157 -0.7451555 0.6460503 0.006522893 -0.7167735 0.6972756 -0.1480691 -0.7978158 0.5844361 -0.7513511 0.05489069 0.6576157 -0.7875252 -0.01317667 0.6161416 -0.7720922 -0.1003471 0.6275383 -0.8344973 0.285654 0.4711858 -0.8003839 0.316944 0.5088539 -0.8528528 0.229196 0.4691603 -0.7535166 0.4895717 0.4387852 -0.7514417 0.4853236 0.4469861 0.3318015 0.9004353 0.2812899 -0.4413366 -0.030353 0.8968282 -0.030402 0.43605 0.8994088 -0.6864668 0.2355735 0.6879451 -0.6137804 0.6841105 0.3940387 -0.31667 0.9409391 0.1198077 0.006090223 0.9981917 -0.059803 -0.7108684 0.3009939 0.6356641 -0.270793 0.488117 0.8297066 -0.7026695 0.6333532 0.3242213 -0.4002 0.9161914 -0.02081656 -0.06783282 0.9772464 -0.2009683 -0.07340019 0.9972252 0.01242554 -0.09932005 0.9935083 -0.05546957 -0.6493343 0.4728551 0.5956284 -0.7954619 0.5415303 0.2720026 -0.5078583 0.8525909 -0.1231619 -0.1679259 0.9304692 -0.3256193 0.1926618 0.7627828 -0.6172876 0.296624 0.7929484 -0.5322096 -0.6493399 0.743076 -0.161851 -0.7680239 0.5893099 0.2507059 -0.2705411 0.8667669 -0.4189544 0.08515638 0.7334607 -0.6743767 -0.3827822 0.7821502 -0.491649 -0.6151624 0.7704097 -0.1674637 0.3654789 0.6020255 -0.709923 0.3166812 0.5698168 -0.758302 -0.02853572 0.699205 -0.7143516 0.2498565 0.5814381 -0.7742749 -0.3537639 0.7968724 -0.4897401 0.5244402 0.4655776 -0.7128815 0.6158403 0.259807 -0.7438018 0.1903003 0.6708466 -0.716764 -0.03585231 0.7216261 -0.6913542 0.309115 0.7081047 -0.634851 0.7909864 0.2529031 -0.5571181 0.5571264 0.678703 -0.4785109 0.7704772 -0.03998458 -0.6362124 0.6098799 0.2237383 -0.760255 0.6269316 0.7626644 -0.1590595 0.9218984 0.04712349 -0.3845553 0.08412533 0.9956623 -0.03974395 0.1016528 0.9947617 -0.01076662 0.1529861 0.9620978 -0.22575 0.7974906 -0.2241516 -0.5601471 0.7067565 -0.1183768 -0.6974828 0.9214281 -0.3884419 -0.009132266 0.7649871 0.6439193 -0.01276254 0.07288521 0.9944466 0.07591992 -0.1387869 0.9901129 0.0203619 -0.0854575 0.9837629 0.157822 0.02234798 0.9665089 0.2556581 0.7037497 -0.2429678 -0.6676099 0.6469557 -0.7573159 -0.08900052 0.8163065 -0.4789218 0.3229207 0.332581 0.9430388 -0.008225262 0.01920503 0.9997757 -0.008943259 -0.02585482 0.974688 -0.2220699 0.559601 -0.7827674 -0.2722539 0.3510153 -0.9363688 -0.00134629 0.4778846 -0.864427 0.15618 0.3317923 0.9004415 0.2812809 0.6075284 -0.5366962 0.585548 -0.09933871 0.9935075 -0.0554521 -0.08235323 0.9838298 -0.1590499 0.251259 -0.9059901 0.3406625 0.6791183 -0.2354493 -0.6952424 0.5355516 -0.7625205 -0.3629697 0.3251989 -0.9429553 -0.07128202 0.1315934 -0.9779031 0.1624465 0.1477883 -0.9671172 0.2069859 0.6890195 -0.2978742 -0.660699 0.5331654 -0.7826343 -0.3212763 0.345214 -0.9380487 -0.0298689 0.172015 -0.9698294 0.1727484 0.6299035 -0.7641762 -0.1387678 0.8076207 -0.3503515 -0.4743446 0.6782311 -0.08008521 -0.7304719 0.8116397 0.00926423 -0.584085 0.779465 0.2556777 0.5718945 0.4772188 -0.867565 0.1399759 0.3288249 -0.9027515 0.2773337 0.7363736 0.2071513 0.6440826 0.7548454 0.4091417 0.5126515 0.7563682 0.2615063 -0.5996012 0.7324905 0.4758684 0.4868336 0.6928516 0.2175101 0.6874927 0.7391642 0.1940664 0.6449609 0.635283 0.5864505 0.5024851 0.6392436 0.2893344 -0.7124979 0.5468364 0.7533723 -0.3652403 0.5930572 0.4923275 0.6371005 0.7794532 0.2556689 0.5719145 0.7391813 0.1940676 0.6449409 0.5365829 0.6151757 0.5776138 0.4598323 0.6970672 -0.550138 0.4358257 0.8769778 -0.2024005 0.7548341 0.4091603 0.5126532 0.7358211 0.2209597 0.6401125 0.4990109 0.614237 0.611311 0.3545138 0.8311067 -0.4284645 0.7324666 0.4758732 0.4868648 0.5678035 0.3405356 0.7494229 0.420431 0.6567566 -0.6260259 0.6206663 0.2624783 -0.7388359 0.6790894 -0.1020386 -0.7269289 -0.2032532 0.9776056 -0.05454844 -0.05949848 0.9727914 -0.2239125 0.04614049 0.9734244 -0.2243126 0.09833663 0.9950907 -0.01116722 0.2010366 0.9320394 -0.3014746 0.1847091 0.9400637 -0.2866407 0.2227991 0.9669404 -0.1240437 0.06047409 0.9933555 -0.09791666 0.01112759 0.9987355 -0.04902851 -0.06402403 0.9978151 0.01631045 0.02657902 0.9996398 -0.003734946 -0.09828364 0.9931867 0.06261485 -0.1061073 0.9898989 0.09402978 0.1328114 0.9838412 0.1200742 0.01875054 0.9749941 0.2214385 0.02403104 0.9667953 0.2544199 0.2560503 0.9378294 0.2343385 0.187453 0.9295216 0.3175706 0.01556676 0.9923471 0.1224946 -0.1429301 0.9897146 0.005998849 -0.05503225 0.9969461 -0.05540686 0.04950565 0.9957128 0.07813626 0.07433283 0.968082 0.2393577 -0.01781201 0.9953979 0.094159 0.4962912 0.4472297 0.7440972 0.4494152 0.5634065 0.6932527 0.4580213 0.6006329 0.6553294 0.4847962 0.5907674 0.6449548 0.4989998 0.6142498 0.6113072 0.5365803 0.615184 0.5776073 0.6352889 0.5864509 0.5024772 0.02658122 0.9996398 -0.003722906 -0.06399971 0.9978166 0.016317 0.01307517 0.9998716 -0.009272098 -0.02308738 0.989656 0.1415912 0.01114332 0.9987365 -0.04900366 -0.36064 0.9322054 0.03052991 -0.4501695 0.8773573 0.1661074 -0.009476184 0.9984277 0.05524957 -0.6786326 0.7308682 0.07272988 -0.7076528 0.6925185 0.1401631 -0.3866696 0.9173219 -0.09490704 -0.2419494 0.9540964 -0.1765238 0.107174 0.9941418 0.01399874 0.06045413 0.9933569 -0.097916 -0.5909823 0.7892794 -0.1666678 -0.825269 0.5596148 0.07591056 -0.8254785 0.5594516 0.0748288 0.2228222 0.9669362 -0.1240355 0.2250312 0.9727911 -0.05512213 -0.1234085 0.9522334 -0.2793244 -0.4724691 0.8272668 -0.3039783 -0.7339663 0.638749 -0.2308533 -0.8955863 0.4424189 0.04680585 -0.8904348 0.4540439 0.03114551 0.1847058 0.9400632 -0.2866443 0.3801345 0.9180044 -0.1129863 -0.3427376 0.8363071 -0.4279271 0.1581969 0.9129539 -0.3761505 -0.620914 0.6712025 -0.4049112 -0.7914377 0.5014232 0.3495729 -0.5873102 0.6917915 0.4201087 -0.5468022 0.6874255 0.4779682 -0.7110672 0.2349202 0.6627187 -0.7187794 0.4570359 0.5239031 -0.7427526 0.431191 0.5122432 -0.7289829 0.2736888 0.627438 -0.5444155 0.8368846 0.05688649 -0.6005654 0.7929518 0.1027069 -0.7408434 0.4524613 0.4964171 -0.6009886 0.794339 0.08853513 -0.7220144 0.3719897 0.5833686 -0.06564378 0.8368839 -0.5434302 -0.07353001 0.8548617 -0.5136194 -0.06602972 0.8265336 -0.5590015 -0.4896444 0.8718774 0.008837878 -0.6655289 0.5742195 0.4768053 -0.5648609 0.8250744 0.01357918 -0.0467838 0.8003551 -0.5976981 -0.5746164 0.5555517 0.6009812 -0.2205319 0.818706 0.5301756 -0.1461211 0.8902242 -0.4314506 -0.1419568 0.9008893 -0.4101791 -0.1086458 0.8714967 -0.478215 -0.1275873 0.8756964 -0.465701 -0.1061682 0.8278042 -0.5508798 0.2246401 0.5172024 0.8258563 0.02288329 0.7437632 -0.6680514 -0.2559295 0.8874202 -0.3833871 -0.1953498 0.8380671 -0.5093938 0.03829473 -0.3617494 0.9314886 -0.3927719 0.9193471 -0.02304601 -0.3122831 0.9399942 -0.1374425 -0.370818 0.9282721 -0.02837127 -0.676315 0.6826104 0.2768416 -0.07891345 0.8657636 -0.4941926 -0.2121729 0.949303 -0.2319622 0.2207537 0.7951826 -0.5647588 -0.03670829 0.8679755 -0.4952486 0.7148292 -0.6709068 0.1972395 -0.6820499 0.4947913 0.5385069 -0.171231 -0.5927183 0.7869976 -0.1943511 -0.5317673 0.8242884 -0.1379289 -0.6371969 0.7582584 -0.3927913 0.9193407 -0.0229696 -0.06204444 -0.7211886 0.6899548 0.02354067 -0.808374 0.5881985 -0.3122726 0.9399955 -0.1374561 0.7582733 -0.5639234 0.3271269 -0.02354955 0.9915841 -0.1273055 -0.5474167 0.3332745 0.7676349 -0.2181887 -0.5049724 0.8351029 0.2556234 -0.8955263 0.3642656 0.3056487 -0.8969182 0.3195567 0.3527874 -0.8847861 0.3044577 0.2028558 -0.9114744 0.3578602 0.1719626 -0.9260841 0.335853 0.02593749 0.09538215 0.9951028 -0.07474583 -0.5858421 0.806971 0.4059541 -0.8592667 0.3112267 0.4262084 -0.9031794 0.05112236 0.4617689 -0.8858915 0.04433751 0.4471063 -0.8917598 0.06971645 0.4838008 -0.8675465 0.1153258 0.3523358 -0.9327617 0.07625699 -0.2595535 -0.4722242 0.8423991 -0.3320605 -0.4350591 0.8369345 -0.2829663 -0.4797028 0.8305512 -0.184478 -0.6173014 0.7647922 -0.002597689 -0.18851 0.9820679 -0.3786739 -0.2700296 0.8852628 -0.4477856 -0.2344056 0.8628686 -0.4438625 -0.2237589 0.8677086 -0.2093421 -0.6167145 0.7588407 -0.4538441 -0.2027297 0.8677132 0.06076598 0.3827984 0.9218314 -0.1463798 0.02977114 0.9887804 -0.4360643 -0.05064356 0.8984894 -0.551196 -0.005091667 0.8343603 -0.5440052 0.01366806 0.8389706 -0.6337718 0.2516976 0.7314245 -0.5390262 0.2442533 0.8060963 -0.4541577 -0.1908402 0.8702419 -0.5248989 0.03177547 0.8505713 -0.6471145 0.2482035 0.7208592 -0.7126041 0.4056315 0.5724146 -0.518119 0.08406496 0.8511673 -0.5854092 0.2462972 0.7724208 -0.6523682 0.4148212 0.6343022 -0.6991851 0.4103635 0.5854417 -0.7889763 0.414998 0.4530929 -0.5238171 0.4335029 0.7332742 -0.5194593 0.2825794 0.8064187 -0.4925478 0.163978 0.8546977 -0.4394813 -0.1575766 0.8843223 -0.5630125 0.4541511 0.6904807 -0.6723799 0.4201668 0.6093974 -0.7633357 0.3973083 0.5093771 -0.4020902 0.4719322 0.7846041 -0.4683645 0.354548 0.8092778 -0.8569754 0.4116469 0.3100646 -0.8489425 0.4215306 0.318761 -0.4363375 0.2549248 0.8629154 -0.3839924 -0.1274389 0.9144995 -0.4026338 0.4424178 0.8013442 -0.901523 0.2615034 0.3447787 -0.7982965 0.1169335 0.590804 -0.6351704 0.4450065 0.6312906 -0.5796473 0.2442775 0.7773914 -0.8953941 0.4252368 0.132072 -0.8785181 0.3999441 0.2612484 -0.8771539 0.4583522 0.1432285 -0.8223704 0.485175 0.2971742 -0.2993084 -0.1334052 0.9447845 -0.3660039 0.3361982 0.8677626 -0.3542833 0.08527332 0.9312421 -0.4882614 0.4215992 0.7641041 -0.7513367 -0.09392112 0.6532014 -0.9808396 -0.01183283 0.1944577 -0.9046336 0.4201064 -0.07175582 -0.9091036 0.3979084 0.1232869 -0.8761078 0.4693275 -0.1103034 -0.7978453 0.5820018 0.1572158 -0.6094685 0.4461182 0.6553829 -0.2213165 0.3662323 0.9038213 -0.8946918 0.3857962 -0.2251397 -0.9254439 0.3760479 -0.04627895 -0.2516979 0.6112428 0.7503536 -0.522943 0.5038859 0.6874807 -0.9308962 0.3633477 0.03756368 -0.7170773 0.688268 0.1099426 -0.4809617 0.7685678 0.4218763 -0.6528907 0.5693671 0.4995549 -0.8782964 0.3825177 0.2868371 -0.7885618 0.4951243 0.3647223 -0.6323373 0.4238454 0.6484634 -0.699335 0.4307588 0.5704186 -0.8115566 0.5151572 -0.275661 -0.9282971 0.3706294 0.02997475 -0.9186089 0.3946876 0.01948106 0.2010263 0.9320382 -0.301485 0.2101562 0.9744637 -0.07908838 -0.05467981 0.808924 -0.5853649 -0.4830899 0.683467 -0.5472632 -0.7005248 0.5491681 -0.4557188 -0.8394038 0.4619132 -0.2864217 -0.1126855 0.8191577 -0.5623902 0.04045343 0.9456411 -0.3226862 -0.9376521 0.3474572 0.009061217 -0.9324938 0.3598169 0.03142011 -0.2519872 0.6744557 -0.6939828 -0.1948736 0.6702218 -0.7161194 -0.5473182 0.5747529 -0.60836 -0.731437 0.4978061 -0.4660356 -0.8578643 0.4308965 -0.2799949 -0.2505054 0.5723275 -0.7808254 -0.5679095 0.5137096 -0.6431029 -0.7460431 0.4628672 -0.478721 -0.9412214 0.3334346 0.05407255 -0.9451873 0.325638 -0.02410322 -0.873076 0.4001568 -0.2785909 -0.3078595 0.5693663 -0.7622629 -0.2693661 0.4939371 -0.8267213 -0.5639461 0.4633628 -0.683564 -0.5498266 0.4094132 -0.7280601 -0.75427 0.4203802 -0.5043384 -0.9463627 0.3220447 -0.02617442 -0.9435111 0.3256208 0.06130337 -0.8839621 0.3738589 -0.2807856 -0.2580681 0.4167643 -0.8716125 -0.3039283 0.4642969 -0.8318991 -0.5343263 0.3619165 -0.7638796 -0.751909 0.385029 -0.5351501 -0.2341237 0.3495783 -0.9071831 -0.1952056 0.3005369 -0.9335803 -0.2954236 0.3664422 -0.8822953 -0.9422447 0.3314979 0.04779285 -0.9397463 0.3405052 -0.03054893 -0.7381754 0.3903295 -0.5502182 -0.8868206 0.370159 -0.2766436 -0.5107022 0.3835178 -0.7694787 -0.1494094 0.3302775 -0.9319838 -0.2956557 0.296155 -0.908229 -0.2969172 0.2693116 -0.9161395 -0.7259202 0.4166301 -0.5472288 -0.5483703 0.4480339 -0.7060849 -0.8832035 0.3872376 -0.2645725 -0.1085005 0.4205987 -0.9007355 -0.9397665 0.3397719 0.03733623 -0.9382779 0.3434308 -0.04110932 -0.2936509 0.3029285 -0.9066442 -0.7284651 0.4203559 -0.5409618 -0.6246181 0.4107316 -0.6641926 -0.5019262 0.6024776 -0.620557 -0.8843278 0.3891938 -0.2578618 -0.9366039 0.3489323 0.03193247 -0.3388962 0.3466995 -0.8746135 -0.03225833 0.6361398 -0.7708993 0.2095966 0.4025779 -0.891067 -0.5600601 0.3842926 -0.7339292 -0.7442665 0.3955526 -0.5381501 -0.4918825 0.2536382 -0.8328983 -0.6422225 0.3426182 -0.6856844 0.102905 0.6835525 -0.722611 -0.3090054 0.5931187 -0.7434554 0.4640946 0.4924108 -0.7363069 -0.8940155 0.3634862 -0.2619431 -0.9408252 0.3387742 0.008957803 -0.3576716 0.4153002 -0.8364191 0.2020269 0.3528209 -0.9136206 0.09569007 0.2921992 -0.9515582 -0.4763405 0.2617259 -0.8394041 -0.4054611 -0.0182895 -0.9139294 0.4339799 0.2287266 -0.8714044 0.2861324 0.01621913 -0.9580529 0.1033279 0.368648 -0.9238085 -0.0834074 -0.07984316 -0.9933118 -0.2726718 0.4469915 -0.8519676 -0.1063272 0.2851437 -0.952569 -0.1421417 0.4053708 -0.903034 -0.3958112 0.3611339 -0.8443434 -0.257831 0.4316951 -0.8643856 -0.2030308 0.3959948 -0.8955259 -0.4399022 0.354472 -0.8251278 -0.2910555 0.3323358 -0.8971286 -0.3104916 0.3705562 -0.8753759 -0.5717823 0.3547402 -0.7397462 -0.4920872 0.2904818 -0.8206526 -0.3544456 0.229192 -0.9065535 -0.3637906 0.2695459 -0.8916286 -0.771883 0.3522624 -0.5292524 -0.5990923 0.2670694 -0.754826 -0.5375651 0.1871063 -0.8222014 -0.3840556 0.07312381 -0.9204099 -0.4059998 0.08709871 -0.9097132 -0.6371499 0.1486389 -0.7562715 -0.7659272 0.2846119 -0.5764996 -0.570812 0.0723235 -0.8178894 -0.9017738 0.3349313 -0.2731763 -0.89974 0.3354151 -0.2792218 -0.4257345 -0.1003826 -0.8992629 -0.5975317 0.1200551 -0.7928069 -0.3238855 0.009379982 -0.9460499 -0.6835425 -0.001612842 -0.729909 -0.7290571 0.1112235 -0.6753557 -0.7892243 0.3027904 -0.5342687 -0.9525127 0.3044228 -0.006808638 -0.5673159 0.3922879 -0.7240601 -0.7755756 -0.03938114 -0.6300253 -0.7724573 -0.07696574 -0.6303858 -0.7472048 0.0612927 -0.6617615 -0.1862878 -0.2436882 -0.9517946 -0.166749 0.3186045 -0.9331055 0.0453906 -0.06587129 -0.9967952 -0.8637247 0.1946897 -0.4648393 -0.4917919 -0.1533759 -0.8570978 -0.8004023 -0.1874472 -0.569403 -0.8204496 -0.2940068 -0.4903291 -0.7954403 -0.1411093 -0.589375 0.05151748 -0.5136736 -0.8564377 -0.9180215 -0.2078943 -0.3376634 -0.6972944 -0.6528616 -0.2958923 -0.2868156 -0.7708805 -0.5687531 -0.9091394 -0.2568435 -0.3278676 -0.670473 -0.3459801 -0.6563259 -0.8567754 -0.4237505 -0.2938904 -0.9931188 -0.09708559 -0.06549417 -0.9644507 -0.2476977 0.09209215 -0.9392887 0.038046 -0.3410123 -0.6133961 0.01349413 -0.7896603 -0.6593087 0.3828675 -0.6470893 -0.8182456 0.4887199 -0.3026998 -0.9920553 0.1245615 0.0176264 -0.9732741 0.08570015 0.2130566 -0.9315357 0.3493102 0.1011123 -0.8741585 0.3923673 -0.2861728 -0.8570569 0.4011797 0.3232774 -0.5707648 0.4467638 0.6889337 -0.8372877 0.373719 0.3991034 -0.7109578 0.3721053 0.5967218 -0.7036074 0.3371766 0.6254988 -0.5996246 0.3969907 0.6948731 -0.9250203 0.3494434 0.1490865 -0.9228261 0.3102967 0.2282716 -0.3776215 0.4608708 0.8031189 -0.4204868 0.4043844 0.8121971 -0.882112 0.3692911 0.2924085 -0.8138542 0.384445 0.4357104 -0.7064723 0.3776487 0.5985636 -0.7544471 0.3813673 0.5341991 -0.6391628 0.006007254 0.769048 -0.8906297 -0.09202778 0.4453197 -0.5078646 0.3098281 0.8037911 -0.9584236 0.2068938 0.1965181 -0.8841715 0.3566536 0.3017269 -0.6783084 0.4031008 0.6143351 -0.80709 0.3989199 0.43528 -0.8590542 0.4273341 0.2818003 -0.8524748 0.4870008 0.190045 -0.6767409 0.4824252 0.5561366 -0.8879996 0.4110516 0.2061395 -0.7930246 -0.1859298 0.5801225 -0.545791 -0.256551 0.7976802 -0.6748039 0.4016026 0.6191567 -0.544383 0.4350261 0.7172166 -0.8214061 0.4087456 0.3977676 -0.8888725 0.4395362 0.1292816 -0.86465 0.4313498 0.2575224 -0.7596244 0.6302535 0.160472 -0.8306847 0.5450047 -0.1137224 -0.5883886 0.6494243 0.4817126 -0.7774167 0.6147769 0.1329386 -0.8301602 0.4748954 0.2920763 -0.7265011 -0.1731057 0.6650043 -0.6498354 0.4601692 0.6049449 -0.4499982 0.4419515 0.776003 -0.5297935 0.5112066 0.6767472 -0.8030684 0.4684224 0.3683229 -0.6806796 0.7172852 0.1489205 -0.4229057 0.7842941 0.453909 -0.6985154 0.5896582 0.4054375 -0.4860278 0.8455983 0.2207729 -0.6148694 0.5440519 0.5709143 -0.4102405 0.4990953 0.7632867 -0.4904584 0.4677483 0.7352973 -0.219455 0.914901 0.3388153 -0.494682 0.5283694 0.6900113 -0.1980975 0.8392874 0.5063143 -0.4904513 0.4677493 0.7353014 -0.4611986 0.5043988 0.7299847 -0.4091967 0.5844684 0.7006816 -0.3586909 0.5816401 0.730093 -0.5269239 0.4678367 0.7095633 -0.3651964 0.4782236 0.7987077 0.05864727 0.8370261 0.5440109 -0.3390858 0.7221043 0.6029811 -0.5600237 0.6278871 0.5404918 -0.2011761 0.7128521 0.6718409 -0.3715896 0.441937 0.8164637 -0.2356786 0.4301428 0.8714544 -0.524283 0.5125703 0.6799994 -0.3751969 0.4974962 0.7821283 -0.23574 0.8688256 0.4353951 -0.3825341 0.7689913 0.5121719 0.03393423 0.82984 0.5569688 -0.2378016 0.477592 0.8457875 -0.2320604 0.414778 0.8798336 -0.3828321 0.5898707 0.7109798 -0.2602275 0.5775286 0.7737845 -0.09365671 0.9849829 0.1450418 -0.05988049 0.8892773 0.4534316 0.3361703 0.877404 0.3422745 -0.1163851 0.4223593 0.8989256 -0.1178804 0.4667963 0.8764733 -0.139247 0.560517 0.8163523 -0.1577168 0.6928799 0.7035928 -0.2959118 0.7036346 0.6460145 0.01558679 0.9923439 0.1225181 0.4458625 0.862899 0.2379327 0.1874752 0.929524 0.3175505 -0.01603019 0.4611711 0.8871665 -0.00130397 0.4319561 0.9018938 -0.0646395 0.6855813 0.7251207 -0.04469531 0.544522 0.8375549 -0.1264626 0.9120439 0.3901067 -0.04559111 0.9131518 0.4050621 0.09628415 0.4519488 0.8868324 0.2560667 0.9378299 0.2343187 0.007652044 0.6690042 0.7432192 -0.006779134 0.9055327 0.4242225 0.06031477 0.5269241 0.8477695 0.07194143 0.9745337 -0.2123873 0.0803135 0.971562 -0.2227486 0.1050315 0.6395269 0.7615602 0.09342962 0.8905091 0.4452692 0.2616562 0.951933 -0.1592468 0.1873692 0.5112017 0.8387883 0.08960121 0.9816059 -0.1685867 0.06060373 0.9478906 -0.3127787 0.2460991 0.5962141 0.7641755 0.2951477 0.838794 0.457507 0.5307227 0.8466258 -0.03947722 0.274148 0.9604732 0.04831385 -0.07338333 0.9972262 0.01244533 0.1299114 0.936741 -0.3250222 -0.0178337 0.9953992 0.09413963 0.5161917 0.7271888 0.4524849 0.6972728 0.7055789 0.1263687 0.386044 0.8374901 0.3867563 0.509676 0.5990087 0.6175914 0.6972213 0.6156886 0.367165 0.3256322 0.4997005 0.80266 0.4894735 0.5165566 0.702556 0.07434004 0.968085 0.2393432 0.3873952 0.6961525 0.6043978 0.6376026 0.5565598 0.532639 0.3405633 0.4426226 0.8295191 0.2199628 0.4429039 0.8691678 0.443004 0.4627708 0.7678481 0.3379024 0.5581298 0.7578344 0.5390778 0.5136888 0.6674721 0.2406861 0.4223215 0.8739078 0.1246619 0.429416 0.8944615 0.3899405 0.454396 0.8009187 0.3329668 0.428908 0.8397448 0.4477098 0.5116621 0.7333198 0.3417887 0.4887478 0.8026868 0.2369502 0.4138515 0.8789663 0.1464871 0.4191778 0.8960087 0.01897633 0.419371 0.9076167 0.2937504 0.5464484 0.7842862 0.2605493 0.5250179 0.8102285 0.2927185 0.4262595 0.8559316 0.359186 0.59871 0.7159133 0.4018949 0.5029679 0.7651823 0.2131629 0.4233998 0.8805079 0.1467999 0.4170184 0.8969646 0.04086571 0.4139168 0.909397 -0.09393382 0.403757 0.9100313 -0.05779856 0.4099862 0.9102587 0.07921493 0.8480901 0.5238971 0.07121294 0.4835686 0.8724048 -3.34521e-5 0.4868013 0.8735128 -0.9531756 0.2976282 -0.05360895 -0.9827182 0.1647588 0.08437645 -0.9625809 0.269573 0.02771943 -0.9406411 0.3206415 -0.1112805 -0.9253151 0.3708568 -0.07910293 -0.9317284 0.3586769 -0.05685997 -0.8702917 0.4131547 -0.2681336 -0.908797 0.3562498 -0.2171962 -0.8199009 0.4761229 -0.3179143 -0.8802446 0.3617638 -0.3070772 -0.9110156 0.2929312 -0.2902446 -0.9654577 0.2578376 -0.03756785 -0.7997899 0.2475374 -0.5468651 -0.7201728 0.4784873 -0.5023953 -0.777757 0.60881 -0.1563475 -0.6498512 0.729425 -0.2136181 -0.9064999 0.4122111 -0.09132337 -0.9052584 -0.05790293 -0.4208972 -0.6015029 0.7811521 0.1673189 -0.9888972 0.03007614 -0.1455262 -0.9703448 -0.2395129 -0.03262895 -0.6166672 0.6464701 0.4492194 -0.9205178 -0.2093619 0.3298707 -0.8017727 0.1151069 0.5864391 -0.6601726 0.4045568 0.6328555 -0.8443778 0.4029185 0.3531045 -0.9803217 0.08178979 0.1796662 -0.8960201 0.3676954 0.2488939 -0.9052606 0.3451843 -0.2476918 -0.7187767 0.6723962 -0.1767582 -0.8095313 0.4159823 -0.4142679 -0.652185 0.4835193 -0.5838356 -0.8391054 0.09000021 -0.536472 -0.6790893 0.2626519 -0.6854574 -0.7988443 0.301513 -0.5205166 -0.8697115 0.4082524 -0.2773662 -0.8925115 0.4418515 -0.09050172 -0.9282969 0.3706312 0.02995741 -0.8852258 0.4155197 -0.2090903 -0.8900639 0.4513769 -0.06360274 -0.8955855 0.442417 0.0468384 -0.8573581 0.491441 -0.1530456 -0.8535161 0.5205106 -0.02406907 -0.8736717 0.4664298 0.1383509 -0.8252708 0.5596089 0.07593536 -0.7855257 0.608318 -0.1135718 -0.7813426 0.6240869 0.004392087 -0.8326082 0.5332865 0.1495639 -0.8472192 0.469511 0.2485542 -0.8042061 0.5395498 0.2492762 -0.7572053 0.6346948 0.154281 -0.6786396 0.7308585 0.07276141 -0.6308559 0.7675771 -0.1133421 -0.6235551 0.7817791 -8.11066e-4 -0.7250036 0.6390783 0.2568054 -0.5918424 0.7954586 0.1302615 -0.7519861 0.5503425 0.3628227 -0.6685226 0.6426352 0.3742961 -0.3606212 0.9322122 0.03054326 -0.3078634 0.940926 -0.1409915 -0.2895188 0.9549716 -0.06487131 -0.5503401 0.7969339 0.2490428 -0.4882258 0.7904767 0.3698409 -0.2539136 0.9662378 0.04373365 0.01305353 0.9998716 -0.009293973 0.1297668 0.9809203 -0.1447621 0.2435479 0.9604969 -0.1346482 -0.19694 0.96355 0.1810692 -0.1265965 0.939631 0.3179104 0.3412777 0.9354403 -0.09209322 0.02658194 0.9996398 -0.00372678 -0.09827822 0.9931878 0.06260496 -0.1060991 0.9899012 0.09401428 0.4164494 0.9091066 -0.009752154 0.4497752 0.8873591 0.1014701 0.1328203 0.9838418 0.1200596 0.01875811 0.9750072 0.2213802 0.02404737 0.9667952 0.2544189 0.9981408 0.036857 0.04854452 0.9281322 -0.2255636 -0.2961279 0.9698273 -0.2364718 0.05929678 0.9015313 -0.1162865 0.4167959 0.9727367 0.09662723 0.2108236 0.9375099 0.3469274 0.02677154 0.9264516 0.3636055 0.09735786 0.9914064 0.06087833 0.1157894 0.7860012 0.617573 0.02838468 0.7941806 0.6061185 -0.04355973 0.9792954 0.0832349 0.1845332 0.8872805 0.3921269 0.2428373 0.7552599 0.6307713 0.1780733 0.9505919 -0.2241051 0.2148304 0.5537435 0.8213686 0.1368277 0.5717594 0.8202765 -0.01542246 0.575304 0.8131541 -0.08834975 0.9370486 0.1284266 0.3247253 0.9393386 -0.1960219 0.281458 0.8272435 0.4111876 0.3828747 0.7067105 0.6290584 0.3237991 0.5229869 0.8028565 0.2861925 0.8190041 -0.4800673 0.3142732 0.2936446 0.9158421 0.2738727 0.302672 0.9450966 0.1232163 0.304418 0.9520692 -0.02989876 0.302654 0.9475113 -0.1030676 0.8725142 0.1707512 0.4577807 0.8994211 -0.1340019 0.4160353 0.8104817 -0.4467438 0.3788658 0.7474873 0.4206268 0.5141361 0.6415398 0.6122574 0.4621338 0.4794197 0.7655015 0.4291439 0.277854 0.8648034 0.4182249 0.6097076 -0.6819553 0.4039723 0.05601495 0.9008785 0.4304421 0.04157906 0.9567977 0.287766 0.02626854 0.990011 0.1385216 0.01033693 0.9998545 -0.01356863 0.002623617 0.9962546 -0.08642846 0.8382097 -0.06871521 0.5410016 0.7783263 -0.3698614 0.5073567 0.6054189 -0.6444782 0.4670288 0.5606237 0.5811373 0.5898989 0.4248764 0.7095963 0.562097 0.2554306 0.7931562 0.5528641 0.06911462 0.8234558 0.5631553 0.0584585 0.6548481 0.7534964 0.2409528 0.7577676 0.6064077 -0.01087492 0.6221559 0.7828179 0.274615 0.645412 0.7127623 0.3178974 0.7642652 0.561106 -0.08979427 0.4905281 0.8667868 -0.05289071 0.6113556 0.7895867 0.3507958 0.6742601 0.6498582 -0.04419338 0.306894 0.9507172 0.3586955 0.7466928 0.5601674 -0.1221222 0.5088458 0.8521515 -0.1561937 0.4010587 0.9026381 0.3420149 0.7279803 0.5941975 -0.09923171 0.3574084 0.9286616 -0.5390875 -0.4267982 0.7261047 0.3574171 0.7602515 0.5424674 -0.1429567 0.4480965 0.8824811 -0.1763293 0.377026 0.9092631 -0.1611105 0.4130246 0.8963561 -0.5205398 -0.3237633 0.7900732 -0.171628 0.4582739 0.8720832 0.221531 0.8129461 0.5385562 0.2476675 0.8037101 0.5410278 -0.4814116 -0.6044468 0.6347337 -0.565975 -0.1787437 0.8048124 -0.2878446 0.5688081 0.7704564 0.03997999 0.889671 0.4548485 -0.6552665 -0.06092435 0.752937 -0.6269552 -0.390128 0.6743348 -0.5023069 0.6165298 0.6062827 -0.4781709 0.1931937 0.8567548 0.2318294 0.1913198 0.9537568 -0.5821474 -0.3455498 0.7360026 -0.4910629 0.2361147 0.8385148 -0.4908565 0.2494516 0.8347657 -0.4046373 0.3316152 0.8522325 -0.3495505 0.4005441 0.8469823 -0.3030011 0.5195681 0.7988989 -0.3334289 0.5365279 0.7752181 -0.2885383 0.6073527 0.7401813 -0.337583 0.522353 0.7830614 -0.3002358 0.392268 0.8694737 -0.2232622 -0.128188 0.9662929 -0.03064686 -0.7087331 0.7048108 -0.08224356 -0.6824091 0.7263291 0.1452822 -0.950836 0.2735036 0.1514067 -0.9474588 0.2817762 -0.1710399 -0.6236029 0.7628006 0.1286519 -0.9516252 0.2790308 0.157339 -0.9506675 0.2673496 0.1681051 -0.9478458 0.2707934 0.195638 -0.9500019 0.2433561 -0.1886265 -0.6250924 0.7574164 0.06696122 -0.8457661 0.5293353 0.04617422 -0.8068904 0.5888939 0.06617581 -0.8521569 0.5190854 0.1771456 -0.9395591 0.2929989 0.2739645 -0.9508159 0.1445431 -0.1306384 0.9566708 -0.2602202 -0.1044281 0.960756 -0.2569878 -0.212186 0.9493123 -0.2319126 -0.1306366 0.9566586 -0.2602665 -0.04822528 0.8706551 -0.4895244 -0.1044113 0.9607474 -0.2570269 -0.03579741 0.8627466 -0.5043679 -0.04190105 0.8593195 -0.50972 -0.01957225 0.8696866 -0.4932163 -0.1124265 0.9858834 0.1240735 -0.2020705 0.9753257 0.08892464 -0.461204 0.504403 0.7299785 -0.507852 0.5938205 0.6240701 -0.4091783 0.5844756 0.7006863 -0.483497 0.7101022 0.5118453 -0.3390998 0.7221026 0.6029754 -0.4267899 0.8501513 0.3083722 -0.3900902 0.7167136 0.5780583 -0.2357504 0.8688191 0.4354023 -0.2774029 0.8878825 0.3670319 -0.3692035 0.8844233 0.2854548 -0.09362185 0.9849858 0.1450454 -0.2418068 0.9676928 -0.07141512 -0.1274643 0.9815927 -0.1422274 4.87194e-5 0.98629 -0.1650217 -0.2137001 0.9701238 -0.1148573 -0.03494971 0.9251883 -0.3778956 0.01555675 0.992347 0.1224972 -0.1429356 0.9897139 0.00600183 -0.05505734 0.9969453 -0.05539828 0.0833491 0.9285464 -0.3617382 0.04952406 0.9957125 0.07812786 0.3044012 0.9490978 -0.08095294 -0.463523 -0.8367795 0.2914564 0.362636 0.9102326 -0.1999291 -0.1884548 -0.2215762 0.9567595 0.3377254 0.9370671 -0.08858263 -0.2771392 -0.7026883 0.6553038 0.3771647 0.9175503 -0.1258902 0.3897908 0.9081032 -0.1530089 -0.5728603 -0.7853106 0.234773 0.337718 0.937076 -0.08851599 0.3772379 0.9175278 -0.1258339 0.0271967 -0.5655004 0.8242995 0.3864064 0.9130612 -0.13042 0.8374857 0.5142036 0.184966 0.8270956 0.5160864 0.2226383 0.6729599 0.7310853 0.1124251 0.6742041 0.6825137 0.2821771 0.8334319 0.5502418 -0.05123686 0.8461217 0.4809482 -0.2297105 0.6950176 0.7189401 -0.008705914 0.7715854 0.5884568 -0.2416083 0.385436 0.8548549 0.3473647 0.4245862 0.9013698 0.08520191 0.6103791 0.7632353 -0.2119183 0.3957419 0.9179272 0.0282517 0.7754675 0.4429039 -0.4499847 0.731911 0.5224254 -0.4374678 0.3429992 -0.810048 0.4755772 -0.2087178 0.9217498 0.3268246 -0.1642875 0.870034 0.4648122 -0.2481588 0.9516029 0.1812989 -0.2817488 0.9589573 0.03191661 -0.2953737 0.9545446 -0.03998959 0.7276153 -0.2837004 0.6245719 0.5854561 -0.5556408 0.5903427 0.3440344 -0.77013 0.5371593 0.3603828 0.6372656 0.6811878 0.2270659 0.7031353 0.6738262 0.08049136 0.7269048 0.6820048 0.04505693 -0.8517099 0.522073 -0.3615055 0.7752413 0.5179913 -0.4329302 0.8141018 0.3870528 -0.4939524 0.8335713 0.2473256 -0.5429816 0.8335116 0.1021243 -0.5619519 0.8265648 0.03163683 0.5518835 -0.4534649 0.6998531 0.3398101 -0.6737194 0.6562252 0.05193555 -0.8111006 0.5825966 0.08980005 0.616315 0.782363 0.1942226 0.5996239 0.7763561 -0.2551844 -0.8029289 0.5386895 -0.5165076 0.6258647 0.5843914 -0.6088213 0.6444587 0.4626119 -0.686739 0.6476129 0.330132 -0.7480754 0.6357715 0.1902052 -0.7714987 0.6245187 0.1215164 0.06532365 -0.7118895 0.6992469 0.3276222 -0.5610091 0.7602188 -0.2420703 -0.7631945 0.599113 -0.5278517 -0.6684972 0.5239125 -0.7193303 0.429493 0.5459853 -0.6137526 0.4367533 0.6576887 -0.8077343 0.411944 0.4217434 -0.877043 0.3848022 0.2876162 -0.9029389 0.3686893 0.2208381 0.07726883 -0.5961146 0.7991727 -0.2110853 -0.6670747 0.7144609 -0.5094305 -0.6314774 0.5845656 -0.7465092 -0.4616769 0.4791436 -0.753681 0.1898822 0.6292135 -0.643999 0.2259337 0.7309031 -0.8454074 0.1494404 0.5127904 -0.917032 0.1056356 0.3845694 -0.9437826 0.08367323 0.3198019 -0.17496 -0.5552265 0.8130883 -0.4621772 -0.5434848 0.7007257 -0.7237741 -0.4288459 0.5405944 -0.8898038 -0.2024341 0.4089862 -0.8642591 -0.1747995 0.4717006 -0.6635435 -0.3527947 0.6597319 -0.7958407 -0.1140117 0.5946756 -0.7083902 -0.05046963 0.7040144 -0.6039562 0.0144 0.7968874 -0.4040361 -0.4421305 0.8007969 -0.5878189 -0.2683856 0.7631764 -0.4981201 -0.177388 0.8487696 -0.3362191 -0.3303512 0.8819438 -0.1344933 -0.429594 0.8929505 -0.2602325 -0.2105517 0.9423094 -0.3962196 -0.0820316 0.914484 -0.09091955 -0.294118 0.9514349 -0.4853995 0.07892477 0.8707228 -0.1785961 -0.08623468 0.9801362 -0.04535031 -0.1518474 0.9873631 -0.2853606 0.01483434 0.9583055 0.1012219 -0.1756914 0.9792277 0.09547138 -0.3244963 0.9410566 -0.3555027 0.1414905 0.9239038 -0.5186192 0.2566413 0.8155792 7.47717e-5 -0.009968876 0.9999504 -0.09486854 0.03683251 0.9948083 0.1045556 -0.02691006 0.994155 -0.1710634 0.1089095 0.9792222 0.2467115 -0.155278 0.956568 0.2082448 -0.01237839 0.9779984 -0.2209731 0.1991292 0.9547348 -0.3818703 0.281243 0.8803849 -0.4934559 0.4336305 0.7539668 0.04181361 0.1206968 0.9918084 0.1055283 0.1102921 0.9882811 -0.01609951 0.149138 0.9886853 0.1688058 0.1191208 0.9784247 -0.06257957 0.1931378 0.979174 0.2254231 0.1463359 0.9632084 0.3010017 0.0321837 0.9530804 0.1032552 0.3132262 0.9440486 -0.09300601 0.2481402 0.9642491 -0.2396262 0.2985777 0.9238131 -0.3618201 0.4204221 0.8320647 -0.4115886 0.5927131 0.6923049 0.2697132 0.1891949 0.9441717 -0.1044536 0.3088602 0.9453544 -0.2255036 0.3979946 0.8892404 -0.2975806 0.5453581 0.7836008 -0.2816408 0.7180166 0.6364989 -0.09576547 0.3693921 0.924326 -0.1797256 0.4871428 0.854629 -0.1952996 0.6439963 0.7396802 -0.1159977 0.7975857 0.5919474 -0.06785804 0.4237807 0.9032194 -0.1068421 0.557276 0.8234248 -0.06506156 0.7065808 0.7046352 -0.0233913 0.4665116 0.8842058 -0.01396316 0.6020529 0.7983341 0.03324717 0.4938006 0.8689394 0.09649342 0.5029423 0.8589168 0.1602794 0.4924416 0.8554599 0.2180867 0.4637634 0.8586977 0.2890385 0.5526833 0.7816635 0.2646308 0.4199023 0.8681318 0.3652434 0.4804573 0.7973443 0.4670559 0.5361628 0.7031276 0.5371166 0.409686 0.7373352 0.4152524 0.390344 0.8217037 0.6499025 0.4201672 0.6333137 0.5634762 0.2700181 0.7807592 0.6830886 0.2424121 0.6889314 0.7872186 0.209129 0.5801309 0.4341397 0.2908073 0.852616 0.2948753 0.3647007 0.8831999 0.3064741 0.304021 0.9020227 0.5434823 0.1308677 0.8291566 0.6576696 0.06549155 0.7504543 0.7571806 -0.001654386 0.6532036 0.4196702 0.1915287 0.8872393 0.2978896 0.2435743 0.9230024 0.4793444 0.00582987 0.8776076 0.5761308 -0.0934844 0.8119939 0.6598298 -0.190962 0.726745 0.3739677 0.1024798 0.9217625 0.6080551 0.6506062 -0.4549513 0.01659619 0.9310673 0.36447 0.01898992 0.9778519 0.2084351 0.3355168 0.9352543 -0.1128185 -0.07483172 0.9958541 0.05171889 0.3835318 0.8080201 -0.4472212 -0.08544349 0.9837658 0.1578111 0.05413573 0.9985023 -0.007913708 0.02232569 0.9665049 0.2556754 0.1005729 0.9383394 -0.3307636 0.4618325 0.4386627 -0.7708995 0.4074382 0.5253483 -0.7469962 0.2715067 0.6587166 -0.7016956 0.06531554 0.7868984 -0.6136162 -0.1387786 0.9901141 0.02036339 -0.2056457 0.9773386 -0.05019181 -0.1321036 0.8985547 -0.4185069 0.01918047 0.9997762 -0.008932173 0.5625512 0.4976098 -0.6602429 0.573804 0.4148434 -0.7061544 0.5161517 0.6562953 -0.5503309 0.3534362 0.8607208 -0.3663913 -0.203273 0.9776026 -0.05452954 -0.2957192 0.944514 -0.1429812 0.1166535 0.974002 -0.1941967 -0.05950117 0.9727944 -0.2238986 -0.1337712 0.9906283 0.02758312 0.04612964 0.9734234 -0.2243188 0.5820463 0.3794015 -0.7192195 0.4932387 0.3833482 -0.7808712 0.5098112 0.3447757 -0.7881767 0.7850613 0.3954631 -0.476747 0.6016626 0.346224 -0.7198132 0.7769172 0.3674417 -0.5112596 0.5210303 0.360854 -0.7735062 0.6029448 0.3761725 -0.7035282 0.8970928 0.3740768 -0.2351407 0.7617849 0.3650221 -0.5352035 0.5429576 0.3901289 -0.7436375 0.5605765 0.4060363 -0.7217261 0.9198758 0.3884091 -0.05446994 0.8896182 0.3720518 -0.2648715 0.7509195 0.3849745 -0.5365768 0.5664616 0.4116411 -0.7139137 0.9151175 0.3899419 -0.1024968 0.8739044 0.3913824 -0.2882899 0.7449133 0.4119893 -0.5247561 0.5527678 0.4216507 -0.7187896 0.5738076 0.4326621 -0.6953765 0.5697953 0.4318512 -0.6991695 0.9088152 0.4072763 -0.09044975 0.9110692 0.3947244 -0.1189358 0.8510629 0.4230687 -0.310974 0.7314684 0.4421746 -0.519072 0.776716 0.6273372 0.056216 0.5985552 0.418635 -0.6829908 0.5741638 0.4220575 -0.7015722 0.892715 0.4376096 -0.1075069 0.8203884 0.4634118 -0.3349812 0.7182012 0.4523389 -0.52875 0.9802444 0.1152624 -0.1607346 0.8563126 0.4110509 -0.3126752 0.5981771 0.3923396 -0.6987517 0.5590438 0.4201551 -0.7148005 0.7974445 0.4819632 -0.363034 0.7104626 0.4541115 -0.5376111 0.5297921 0.4502103 -0.7187706 0.6010158 0.3625119 -0.7122957 0.7963449 0.464856 -0.3869674 0.8319934 0.3996604 -0.3847839 0.7431625 0.4311262 -0.511703 0.8672967 0.4683254 -0.1687243 0.2437371 0.408158 -0.8797723 0.7393766 0.483482 -0.4685804 0.4717261 0.5586333 -0.6822048 0.8338664 0.2919338 -0.468446 0.9108126 0.3740815 -0.1745951 0.8900727 0.2670711 -0.3693829 0.8887907 0.4461128 0.1050466 0.06950664 0.5110951 -0.8567092 0.4067016 0.6718072 -0.6190871 0.777072 0.5186907 -0.3565379 0.8534432 0.2748663 -0.4428128 0.9310532 0.1101513 -0.3478601 0.8395043 0.1158128 -0.5308672 0.9588862 0.2316621 -0.1639208 0.9339687 0.3444404 0.0952025 0.5674634 0.2381931 -0.7881938 0.9109853 0.2287269 -0.3432053 0.868703 -0.1111474 -0.4827023 0.8067819 0.040605 -0.5894525 0.9893737 0.06653064 -0.1292806 0.9745594 0.2024933 0.09607499 0.9380548 0.3332717 0.09477972 0.5516955 -0.06574785 -0.8314502 0.5320815 -0.251872 -0.8083624 0.9931083 0.04704135 0.1073464 0.9935877 -0.07851904 -0.08135324 0.9981185 0.04555881 0.04103678 0.9788254 0.1861211 0.08520537 0.9866074 -0.105821 0.1241285 0.9238564 0.3393543 -0.1769975 0.9651893 0.1819981 -0.1878463 0.9936584 0.01397228 -0.1115707 0.9930592 -0.1149761 0.02478092 0.9849606 -0.1337969 -0.1093208 0.9376991 -0.3469941 0.01776063 0.9181342 0.3445533 -0.1957365 0.9692493 0.170171 -0.1777576 0.9947173 0.05520081 -0.08654791 0.9938858 0.01192909 0.1097676 0.9837498 -0.1575977 0.08601933 0.921929 -0.3647556 -0.1303857 0.8136965 -0.5812127 0.009480595 0.732788 0.4010406 -0.5497166 0.8551031 0.0659883 -0.5142415 0.9430522 0.006064832 0.3325895 0.9245083 -0.188817 0.3311079 0.9156997 -0.3960479 0.06812006 0.7808948 -0.6036137 -0.1607915 0.8461086 -0.01987862 0.5326398 0.3770123 -0.09277623 0.92155 0.4463018 -0.2188737 0.8677033 0.5048018 -0.3402776 0.7933388 0.280558 -0.2983714 0.9122838 0.3076624 -0.4350972 0.8461882 0.08741134 -0.4658814 0.880519 0.9366919 0.3421005 0.07467126 0.9317081 0.3486834 0.1016858 0.9849221 0.05148649 0.1651602 0.7925699 0.6094419 0.02033746 0.796926 0.604036 -0.007050812 0.9796409 0.05973809 0.1916644 0.9067773 0.3711123 0.2000772 0.7715435 0.6245572 0.1210328 0.9366491 -0.239171 0.255902 0.5605132 0.8260931 0.05826795 0.5757133 0.8164603 -0.04412382 0.5791444 0.8120523 -0.07185405 0.9534887 0.08965533 0.2877867 0.9316916 -0.2292588 0.2817645 0.852396 0.3963922 0.3410196 0.7251316 0.6347998 0.2668584 0.5268211 0.8241661 0.20787 0.7967488 -0.5013868 0.3373465 0.2768478 0.945771 0.1699192 0.2946386 0.9554392 0.01800048 0.3027366 0.94923 -0.08551561 0.3044289 0.9457513 -0.1134796 0.8961541 0.1319609 0.4236677 0.9067817 -0.1916407 0.3755275 0.7925164 -0.4900069 0.3630579 0.7777113 0.4125572 0.4743016 0.6616368 0.6299033 0.4067661 0.4807298 0.8027647 0.3527998 0.2526918 0.9136587 0.3183941 0.5789316 -0.7092635 0.4022232 -4.78492e-6 0.9518727 0.3064941 2.19652e-5 0.9876048 0.1569609 1.03225e-6 0.9999915 0.004136204 7.31122e-6 0.9950101 -0.09977382 -1.58418e-6 0.9917949 -0.1278397 0.8524098 -0.132425 0.5058274 0.7714622 -0.4452065 0.4545738 0.5757862 -0.6968911 0.4275665 0.5820902 0.6104195 0.5371769 0.4229328 0.7623521 0.4898442 0.2224165 0.8598877 0.4594826 -1.81561e-6 0.8935456 0.4489725 0.3044562 -0.8428009 0.4438392 -0.276848 0.9457727 0.1699103 -0.2527133 0.9136568 0.3183823 -0.2946401 0.9554389 0.01799356 -0.3027253 0.9492354 -0.08549571 -0.3044286 0.9457522 -0.1134737 0.5605046 -0.6469159 0.517044 0.7251754 -0.3708845 0.5801426 0.3027957 -0.8297555 0.4688503 0.3552532 0.7037003 0.6153057 0.186764 0.7856312 0.5898331 1.86567e-6 0.813903 0.5810009 0 -0.8887909 0.4583131 -0.4807342 0.8027509 0.3528252 -0.5268081 0.8241694 0.2078897 -0.5605011 0.8261005 0.05827951 -0.5757128 0.8164606 -0.04412436 -0.5791692 0.8120296 -0.07191032 0.2946913 -0.7759662 0.557704 0.526917 -0.5601171 0.6392397 -3.09702e-5 -0.8755159 0.4831895 0.1468427 0.6932952 0.7055346 7.42148e-7 0.7153602 0.6987559 -0.3044485 -0.842796 0.4438538 -0.7251095 0.6348073 0.2669009 -0.6616359 0.629907 0.406762 -0.7715467 0.6245527 0.1210367 -0.7925619 0.6094512 0.02036958 -0.7969493 0.604005 -0.007072448 6.99807e-5 -0.8207694 0.5712597 0.2768588 -0.6816524 0.6772735 -0.30281 -0.8297417 0.4688655 -0.5789269 -0.7092746 0.4022103 -0.8523941 0.3963972 0.3410184 -0.7777269 0.4124956 0.4743293 -0.9067755 0.3710975 0.200112 -0.9317164 0.3486758 0.1016355 -0.9366919 0.3421032 0.07465791 -9.53139e-6 -0.7237536 0.6900586 -0.2946918 -0.775968 0.557701 -0.5757966 -0.6968795 0.4275715 -0.796751 -0.5013953 0.3373289 -0.8176459 0.1712124 0.549674 -0.896166 0.1319826 0.4236356 -0.9534866 0.0896669 0.2877902 -0.9796241 0.05973905 0.1917494 -0.9849186 0.05149 0.1651797 -0.2768629 -0.6816592 0.6772649 -0.5605141 -0.6469088 0.5170426 -0.7925201 -0.4899904 0.363072 -0.9366589 -0.2391578 0.2558784 -0.9317069 -0.2292496 0.2817217 -0.7714185 -0.4453097 0.4545469 -0.9067848 -0.1916562 0.3755121 -0.8524168 -0.1324242 0.5058156 -0.7776057 -0.06990486 0.6248542 -0.5269165 -0.5601234 0.6392347 -0.7251755 -0.3708899 0.5801391 -0.6616477 -0.2875977 0.6924666 -0.4806475 -0.4601207 0.7465031 -0.2527098 -0.5713449 0.7808348 -0.4229612 -0.3492121 0.8361548 -0.5821675 -0.1973101 0.7887648 -0.222383 -0.4467185 0.8665958 -0.6845338 -0.005748808 0.7289584 -0.3556361 -0.2250679 0.9071204 -0.1867665 -0.311718 0.9316384 -0.4834886 -0.0895518 0.8707578 3.74711e-4 -0.3402443 0.9403371 4.08583e-6 -0.4804677 0.8770125 -0.5594838 0.06798404 0.8260485 -0.7195774 0.2065275 0.6629893 -0.2848805 -0.09858351 0.9534803 -0.1468241 -0.1697477 0.9744889 1.82958e-6 -0.1920163 0.9813918 -0.3882282 0.01188951 0.9214866 0.1468315 -0.1697677 0.9744842 0.1868029 -0.3117584 0.9316176 -0.5922137 0.234472 0.7709124 -0.6845061 0.4189103 0.5966286 -0.4443004 0.1280606 0.8866779 -0.4680564 0.2478221 0.8482379 -0.1046774 -0.02765244 0.9941218 -0.2065783 0.01907247 0.9782442 1.90921e-6 -0.04350996 0.999053 0.1046799 -0.02766138 0.9941213 -0.2956367 0.08838629 0.9512029 0.27924 -0.1053133 0.9544287 0.1990566 0.01829189 0.9798173 -0.4524189 0.3913853 0.8013332 -0.5721905 0.4115643 0.7093752 -0.5821061 0.6104176 0.537162 -0.3596724 0.2649425 0.8946739 -0.3293359 0.3723115 0.8677108 0.06383663 0.1034448 0.9925846 6.482e-7 0.0938121 0.9955899 0.121454 0.1314673 0.9838523 -0.4890466 0.5762162 0.6548346 -0.3845549 0.5283766 0.7569252 -0.4229459 0.7623388 0.4898535 3.17095e-6 0.2976526 0.9546743 0.7813436 -0.2300503 0.5801543 0.8461536 -0.4264989 0.3195668 0.7704437 -0.6361978 0.04085493 0.5723987 -0.8199756 1.56827e-4 0.6994217 -0.6583635 0.2781488 0.6782926 -0.4426746 0.5864796 0.6742311 -0.2422935 0.6976434 0.3703145 -0.2770593 0.8866259 0.7522801 -0.02035534 0.6585289 0.5165248 -0.8304784 0.2085855 0.5498138 -0.646976 0.5283245 0.4131051 -0.7993626 0.4363067 0.3227217 -0.3977111 0.8588811 0.2986331 -0.3633582 0.8824903 0.701561 -0.3852021 0.5995262 0.2783513 -0.5640246 0.7774297 0.4425966 -0.3666679 0.8183294 0.2859155 -0.9053518 0.3139913 0.2380504 -0.7041336 0.6689753 0.2185616 -0.6310162 0.744345 0.504885 -0.5200163 0.688966 -0.2961892 -0.4661672 0.8336427 0.8954129 -0.2739014 0.3510184 0.2005346 -0.8465359 0.4931154 0.5576875 -0.6836557 0.4707436 0.8746101 -0.4189947 0.2439275 0.1511328 -0.9741207 0.1680709 0.8041052 -0.291709 0.5179969 0.1151965 -0.9567446 0.2671511 0.4469791 -0.8676062 0.2178745 0.7938153 -0.5975551 0.1130715 0.7631846 -0.4875517 0.4240787 0.2924382 -0.9559184 0.02645558 0.002142846 -0.9991025 -0.04230415 0.6158217 -0.7867771 -0.04177945 0.6562562 -0.7036307 0.2724549 0.5250066 -0.5562564 0.6441638 0.07858586 -0.9885888 -0.128517 0.4156725 -0.9002327 -0.1296053 0.2396116 -0.9515746 -0.1925932 0.4653968 -0.883858 0.04691445 0.4206581 -0.7846787 0.455331 0.2890641 -0.9521896 -0.09887874 0.2877976 -0.942723 0.1686596 0.1745961 -0.7941152 0.582149 0.1178656 -0.9688041 -0.2180058 0.1652827 -0.9852058 -0.04529047 0.0814557 -0.9524416 0.2936325 0.05811434 -0.9782214 -0.1992628 0.02672237 -0.9984598 0.04862183 -0.03941625 -0.9875656 -0.1521862 -0.02733862 -0.995207 0.09389227 0.02565526 -0.9445179 0.3274568 -0.06994569 -0.9955791 -0.06268787 -0.09055936 -0.9915725 0.09264534 -0.02341639 -0.9350332 0.3537864 -0.1179742 -0.9862717 -0.1155431 -0.2011967 -0.9737552 0.1063991 -0.1630479 -0.981734 -0.0980497 -0.2010217 -0.9119778 0.3576129 -0.3379005 -0.9287266 0.1526113 -0.2424984 -0.9699968 -0.01734834 -0.3837885 -0.8642658 0.325194 -0.1294339 -0.7648754 0.6310408 -0.04533582 -0.919858 0.3896229 0.01256567 -0.9837595 0.1790516 0.01100093 -0.9979758 -0.06263798 -0.3435276 -0.756395 0.5566468 -0.08362686 -0.7792701 0.6210835 -0.09849309 -0.5882888 0.8026303 -0.3180594 -0.5907094 0.7415528 0.3393971 -0.9141725 0.2215812 0.3630665 -0.8247211 0.4336104 0.2604763 -0.9652296 0.02199918 0.2756233 -0.6884498 0.6708717 -0.1221256 -0.6029034 0.7884117 0.1495288 -0.9048138 0.3986895 0.2089728 -0.9667599 0.1473288 -0.07518428 -0.3583347 0.930561 -0.2915132 -0.3464441 0.8916258 -0.1425701 -0.3857061 0.9115397 0.1605656 -0.529922 0.8327072 0.1828272 -0.9783411 -0.09707182 0.004536569 -0.7553715 0.6552811 -0.1031151 -0.5794782 0.8084382 0.083144 -0.9912978 0.1020579 -0.04826694 -0.9422985 0.3312762 0.1453713 -0.9872155 -0.06536698 -0.2049568 -0.7739676 0.5991385 0.09293812 -0.3486347 0.9326395 -0.1719281 -0.392652 0.9034739 -0.1032562 -0.9939862 -0.03646343 -0.3452727 -0.4004697 0.8487701 -0.2939772 -0.585535 0.7554644 -0.2225155 -0.9544882 0.1985936 -0.3769737 -0.7852268 0.491233 -0.463708 -0.5880044 0.6627411 -0.520031 -0.3930882 0.7583202 -0.4570257 -0.8891487 -0.02328401 -0.6093971 -0.7480868 0.2626814 -0.6879776 -0.5571219 0.465083 -0.7276533 -0.3636052 0.5816459 -0.624045 -0.73343 -0.2695337 -0.761625 -0.6473922 -0.02847254 -0.8551558 -0.4839697 0.1856936 -0.898407 -0.3020036 0.3188398 -0.5678536 -0.7909861 0.227779 -0.6478863 -0.6293373 0.4291596 -0.7060559 -0.4089508 0.5781388 -0.4345143 -0.8973498 0.07720649 -0.2688205 -0.7915205 0.5488451 -0.3552547 0.7036873 0.6153197 -0.2224071 0.8598743 0.4595119 -0.2739868 0.470067 0.8390282 -0.2792771 0.6288975 0.7255979 -0.1867507 0.7856225 0.5898489 -0.06383252 0.1034467 0.9925846 -0.1468414 0.6933001 0.7055301 -0.1990898 0.5414573 0.8168154 -0.1214588 0.1314463 0.9838545 -0.104695 0.5875202 0.8024083 -0.1671348 0.40702 0.8979982 -0.1214665 0.4507376 0.8843538 -0.06384456 0.4788144 0.8755917 2.49594e-7 0.6035031 0.7973607 -0.1671236 0.1751583 0.9702522 1.13435e-6 0.4883208 0.8726643 0.1046948 0.5875087 0.8024168 0.06383812 0.4788018 0.875599 -0.1965364 0.3520794 0.915103 -0.1965458 0.2301036 0.9531119 -0.349926 0.1705785 0.9211161 0.1990898 0.5414559 0.8168163 0.2793039 0.6289128 0.7255744 0.1214789 0.4507371 0.8843523 -0.206673 0.2910295 0.9341242 0.2739915 0.4700614 0.8390299 0.3845757 0.5283798 0.7569124 0.4890577 0.5762132 0.654829 0.1671162 0.4069902 0.8980151 0.4519169 0.4018682 0.7964127 0.3220288 0.3798908 0.8671681 0.5747462 0.4153103 0.7051129 0.6845076 0.4189102 0.596627 0.1965398 0.3520813 0.9151015 0.4754064 0.2617494 0.8399262 0.6043769 0.2370157 0.7606262 0.3385879 0.279776 0.8983783 0.7196229 0.2065015 0.662948 0.8176516 0.1712157 0.5496644 0.4518831 0.1215237 0.8837611 0.574637 0.05870342 0.8163003 0.6845307 -0.005730688 0.7289615 0.7775938 -0.06989812 0.6248698 0.2066796 0.2910305 0.9341225 0.322086 0.1799863 0.9294437 0.3844177 -0.004935383 0.9231461 0.4890342 -0.1021138 0.8662669 0.5821866 -0.1973153 0.7887492 0.6616687 -0.2876015 0.6924449 0.1965358 0.2300992 0.9531149 0.2738151 0.0896728 0.9575929 0.3551704 -0.2297049 0.9061401 0.4229487 -0.3492091 0.8361623 0.4806488 -0.4601658 0.7464746 0.1671147 0.1751959 0.970247 0.2223932 -0.4467327 0.866586 0.252708 -0.571334 0.7808433 -1.69536e-6 -0.6093457 0.7929047</float_array>
          <technique_common>
            <accessor source="#Body_Default_M_002-mesh-normals-array" count="2795" stride="3">
              <param name="X" type="float"/>
              <param name="Y" type="float"/>
              <param name="Z" type="float"/>
            </accessor>
          </technique_common>
        </source>
        <source id="Body_Default_M_002-mesh-map-0">
          <float_array id="Body_Default_M_002-mesh-map-0-array" count="30078">0.1412353 0.01611328 0.1531982 0.02539062 0.1202392 0.04052734 0.1202392 0.04052734 0.1531982 0.02539062 0.1328125 0.0546875 0.1531982 0.02539062 0.1557617 0.04003906 0.1328125 0.0546875 0.1202392 0.04052734 0.1328125 0.0546875 0.097229 0.06542968 0.097229 0.06542968 0.1328125 0.0546875 0.1127929 0.07714843 0.1328125 0.0546875 0.1417236 0.0625 0.1127929 0.07714843 0.1328125 0.0546875 0.1557617 0.04003906 0.1417236 0.0625 0.1127929 0.07714843 0.1417236 0.0625 0.1276855 0.0883789 0.09851074 0.1005859 0.097229 0.06542968 0.1127929 0.07714843 0.1127929 0.07714843 0.1276855 0.0883789 0.09851074 0.1005859 0.078125 0.09033203 0.097229 0.06542968 0.09851074 0.1005859 0.1276855 0.0883789 0.1417236 0.0625 0.1456298 0.0961914 0.1417236 0.0625 0.1557617 0.04003906 0.1612548 0.07128906 0.1456298 0.0961914 0.1417236 0.0625 0.1612548 0.07128906 0.1612548 0.07128906 0.1557617 0.04003906 0.1743164 0.0336914 0.09851074 0.1005859 0.1276855 0.0883789 0.1176757 0.1098632 0.1374511 0.1166992 0.1276855 0.0883789 0.1456298 0.0961914 0.1176757 0.1098632 0.1276855 0.0883789 0.1374511 0.1166992 0.08770751 0.1259765 0.078125 0.09033203 0.09851074 0.1005859 0.1085205 0.1323242 0.09851074 0.1005859 0.1176757 0.1098632 0.08770751 0.1259765 0.09851074 0.1005859 0.1085205 0.1323242 0.1085205 0.1323242 0.1176757 0.1098632 0.1286621 0.1391601 0.1286621 0.1391601 0.1176757 0.1098632 0.1374511 0.1166992 0.1374511 0.1166992 0.1456298 0.0961914 0.156372 0.1225585 0.156372 0.1225585 0.1286621 0.1391601 0.1374511 0.1166992 0.1456298 0.0961914 0.1612548 0.07128906 0.163208 0.102539 0.156372 0.1225585 0.1456298 0.0961914 0.163208 0.102539 0.05914306 0.1269531 0.078125 0.09033203 0.08770751 0.1259765 0.163208 0.102539 0.1612548 0.07128906 0.171875 0.07714843 0.1612548 0.07128906 0.1868896 0.03662109 0.171875 0.07714843 0.1743164 0.0336914 0.1868896 0.03662109 0.1612548 0.07128906 0.1085205 0.1323242 0.1031494 0.1479492 0.08770751 0.1259765 0.1286621 0.1391601 0.1031494 0.1479492 0.1085205 0.1323242 0.08770751 0.1259765 0.1031494 0.1479492 0.08172607 0.1464843 0.08770751 0.1259765 0.08172607 0.1464843 0.05914306 0.1269531 0.1481933 0.1508789 0.1286621 0.1391601 0.156372 0.1225585 0.1481933 0.1508789 0.1221923 0.1572265 0.1286621 0.1391601 0.1221923 0.1572265 0.1031494 0.1479492 0.1286621 0.1391601 0.156372 0.1225585 0.163208 0.102539 0.1816406 0.1293945 0.1755371 0.15625 0.156372 0.1225585 0.1816406 0.1293945 0.1481933 0.1508789 0.156372 0.1225585 0.1755371 0.15625 0.163208 0.102539 0.171875 0.07714843 0.1877441 0.1088867 0.1816406 0.1293945 0.163208 0.102539 0.1877441 0.1088867 0.1877441 0.1088867 0.171875 0.07714843 0.1990966 0.07958984 0.1868896 0.03662109 0.1990966 0.07958984 0.171875 0.07714843 0.1031494 0.1479492 0.1221923 0.1572265 0.09875488 0.1635742 0.1031494 0.1479492 0.09875488 0.1635742 0.08172607 0.1464843 0.05914306 0.1269531 0.08172607 0.1464843 0.04904174 0.1606445 0.08172607 0.1464843 0.09875488 0.1635742 0.08123779 0.1665039 0.08172607 0.1464843 0.08123779 0.1665039 0.04904174 0.1606445 0.208496 0.03955078 0.1990966 0.07958984 0.1868896 0.03662109 0.1755371 0.15625 0.1700439 0.1826171 0.1481933 0.1508789 0.1416015 0.1782226 0.1221923 0.1572265 0.1481933 0.1508789 0.1481933 0.1508789 0.1700439 0.1826171 0.1416015 0.1782226 0.1221923 0.1572265 0.1416015 0.1782226 0.1136474 0.1723632 0.09875488 0.1635742 0.1221923 0.1572265 0.1136474 0.1723632 0.1816406 0.1293945 0.1877441 0.1088867 0.2060546 0.1342773 0.1816406 0.1293945 0.2006835 0.1601562 0.1755371 0.15625 0.2060546 0.1342773 0.2006835 0.1601562 0.1816406 0.1293945 0.2006835 0.1601562 0.1975097 0.1850585 0.1755371 0.15625 0.1755371 0.15625 0.1975097 0.1850585 0.1700439 0.1826171 0.1877441 0.1088867 0.1990966 0.07958984 0.2117919 0.1123046 0.2060546 0.1342773 0.1877441 0.1088867 0.2117919 0.1123046 0.2117919 0.1123046 0.1990966 0.07958984 0.2148437 0.0805664 0.2204589 0.05273437 0.1990966 0.07958984 0.208496 0.03955078 0.2148437 0.0805664 0.1990966 0.07958984 0.2204589 0.05273437 0.2060546 0.1342773 0.2117919 0.1123046 0.2297363 0.1416015 0.2297363 0.1416015 0.2006835 0.1601562 0.2060546 0.1342773 0.2006835 0.1601562 0.2270507 0.1669921 0.1975097 0.1850585 0.2270507 0.1669921 0.2006835 0.1601562 0.2297363 0.1416015 0.1700439 0.1826171 0.1656494 0.2050781 0.1416015 0.1782226 0.1950683 0.2089843 0.1700439 0.1826171 0.1975097 0.1850585 0.1656494 0.2050781 0.1700439 0.1826171 0.1950683 0.2089843 0.1975097 0.1850585 0.2270507 0.1669921 0.2248535 0.1914062 0.2248535 0.1914062 0.1950683 0.2089843 0.1975097 0.1850585 0.2117919 0.1123046 0.2148437 0.0805664 0.2332763 0.1132812 0.2297363 0.1416015 0.2117919 0.1123046 0.2332763 0.1132812 0.2332763 0.1132812 0.2148437 0.0805664 0.2365722 0.07666015 0.2148437 0.0805664 0.2204589 0.05273437 0.2365722 0.07666015 0.2365722 0.07666015 0.2204589 0.05273437 0.2427978 0.03857421 0.2541504 0.1230468 0.2297363 0.1416015 0.2332763 0.1132812 0.2531738 0.145996 0.2297363 0.1416015 0.2541504 0.1230468 0.2297363 0.1416015 0.2531738 0.145996 0.2270507 0.1669921 0.2526856 0.1694335 0.2248535 0.1914062 0.2270507 0.1669921 0.2270507 0.1669921 0.2531738 0.145996 0.2526856 0.1694335 0.2541504 0.1230468 0.2332763 0.1132812 0.2600098 0.09130859 0.2600098 0.09130859 0.2332763 0.1132812 0.2365722 0.07666015 0.2600098 0.09130859 0.2365722 0.07666015 0.267334 0.04345703 0.267334 0.04345703 0.2365722 0.07666015 0.2427978 0.03857421 0.2233886 0.2128906 0.1950683 0.2089843 0.2248535 0.1914062 0.1950683 0.2089843 0.2233886 0.2128906 0.1911621 0.230957 0.1911621 0.230957 0.1629638 0.2211914 0.1950683 0.2089843 0.1950683 0.2089843 0.1629638 0.2211914 0.1656494 0.2050781 0.2521973 0.1933593 0.2248535 0.1914062 0.2526856 0.1694335 0.2248535 0.1914062 0.251709 0.2138671 0.2233886 0.2128906 0.2521973 0.1933593 0.251709 0.2138671 0.2248535 0.1914062 0.2600098 0.09130859 0.2756348 0.09326171 0.2541504 0.1230468 0.2541504 0.1230468 0.277832 0.1259765 0.2531738 0.145996 0.2541504 0.1230468 0.2756348 0.09326171 0.277832 0.1259765 0.2531738 0.145996 0.277832 0.1259765 0.277832 0.1469726 0.2531738 0.145996 0.277832 0.1469726 0.2526856 0.1694335 0.2756348 0.09326171 0.2600098 0.09130859 0.2841797 0.0625 0.2841797 0.0625 0.2600098 0.09130859 0.267334 0.04345703 0.2526856 0.1694335 0.2785645 0.1933593 0.2521973 0.1933593 0.2783203 0.1699218 0.2785645 0.1933593 0.2526856 0.1694335 0.2526856 0.1694335 0.277832 0.1469726 0.2783203 0.1699218 0.2785645 0.1933593 0.2788086 0.2133789 0.2521973 0.1933593 0.2521973 0.1933593 0.2788086 0.2133789 0.251709 0.2138671 0.2788086 0.2133789 0.251709 0.2348632 0.251709 0.2138671 0.251709 0.2138671 0.251709 0.2348632 0.2233886 0.2128906 0.2233886 0.2128906 0.251709 0.2348632 0.2230224 0.234375 0.1911621 0.230957 0.2233886 0.2128906 0.2230224 0.234375 0.2756348 0.09326171 0.3029785 0.09863281 0.277832 0.1259765 0.2756348 0.09326171 0.2841797 0.0625 0.3029785 0.09863281 0.277832 0.1259765 0.3022461 0.1464843 0.277832 0.1469726 0.3022461 0.1464843 0.2783203 0.1699218 0.277832 0.1469726 0.277832 0.1259765 0.3029785 0.09863281 0.3024902 0.1264648 0.3024902 0.1264648 0.3022461 0.1464843 0.277832 0.1259765 0.2783203 0.1699218 0.3032227 0.1699218 0.2785645 0.1933593 0.3032227 0.1699218 0.2783203 0.1699218 0.3022461 0.1464843 0.2785645 0.1933593 0.3032227 0.1699218 0.3044434 0.192871 0.2785645 0.1933593 0.3044434 0.192871 0.2788086 0.2133789 0.3029785 0.09863281 0.2841797 0.0625 0.3100586 0.04882812 0.2797852 0.2348632 0.251709 0.2348632 0.2788086 0.2133789 0.3059082 0.2133789 0.2797852 0.2348632 0.2788086 0.2133789 0.2788086 0.2133789 0.3044434 0.192871 0.3059082 0.2133789 0.2230224 0.234375 0.251709 0.2348632 0.2221679 0.2578125 0.2797852 0.2348632 0.253418 0.2587891 0.251709 0.2348632 0.2221679 0.2578125 0.251709 0.2348632 0.253418 0.2587891 0.3044434 0.192871 0.3032227 0.1699218 0.329834 0.1909179 0.329834 0.1909179 0.3059082 0.2133789 0.3044434 0.192871 0.329834 0.1909179 0.3032227 0.1699218 0.3276367 0.1679687 0.3032227 0.1699218 0.3022461 0.1464843 0.3276367 0.1679687 0.3022461 0.1464843 0.3024902 0.1264648 0.3266602 0.1420898 0.3276367 0.1679687 0.3022461 0.1464843 0.3266602 0.1420898 0.3024902 0.1264648 0.3029785 0.09863281 0.3269043 0.1240234 0.3266602 0.1420898 0.3024902 0.1264648 0.3269043 0.1240234 0.2817383 0.2578125 0.253418 0.2587891 0.2797852 0.2348632 0.3078613 0.2348632 0.2817383 0.2578125 0.2797852 0.2348632 0.3078613 0.2348632 0.2797852 0.2348632 0.3059082 0.2133789 0.3059082 0.2133789 0.3325195 0.2114257 0.3078613 0.2348632 0.3325195 0.2114257 0.3059082 0.2133789 0.329834 0.1909179 0.329834 0.1909179 0.3276367 0.1679687 0.3537598 0.1884765 0.3537598 0.1884765 0.3325195 0.2114257 0.329834 0.1909179 0.3537598 0.1884765 0.3276367 0.1679687 0.3510742 0.1645507 0.3266602 0.1420898 0.3510742 0.1645507 0.3276367 0.1679687 0.3266602 0.1420898 0.3269043 0.1240234 0.3483887 0.1396484 0.3483887 0.1396484 0.3510742 0.1645507 0.3266602 0.1420898 0.253418 0.2587891 0.2218017 0.28125 0.2221679 0.2578125 0.2543945 0.2817383 0.2218017 0.28125 0.253418 0.2587891 0.2817383 0.2578125 0.2543945 0.2817383 0.253418 0.2587891 0.3735352 0.161621 0.3537598 0.1884765 0.3510742 0.1645507 0.3483887 0.1396484 0.3735352 0.161621 0.3510742 0.1645507 0.3078613 0.2348632 0.3325195 0.2114257 0.3361817 0.2329101 0.3361817 0.2329101 0.309082 0.2578125 0.3078613 0.2348632 0.309082 0.2578125 0.2817383 0.2578125 0.3078613 0.2348632 0.2844238 0.2797852 0.2543945 0.2817383 0.2817383 0.2578125 0.2817383 0.2578125 0.3073731 0.2792969 0.2844238 0.2797852 0.309082 0.2578125 0.3073731 0.2792969 0.2817383 0.2578125 0.3325195 0.2114257 0.3618164 0.2265625 0.3361817 0.2329101 0.3571777 0.2080078 0.3618164 0.2265625 0.3325195 0.2114257 0.3571777 0.2080078 0.3325195 0.2114257 0.3537598 0.1884765 0.378418 0.1855468 0.3537598 0.1884765 0.3735352 0.161621 0.3537598 0.1884765 0.378418 0.1855468 0.3571777 0.2080078 0.2543945 0.2817383 0.2844238 0.2797852 0.2773438 0.3007813 0.2773438 0.3007813 0.2512207 0.3095703 0.2543945 0.2817383 0.2543945 0.2817383 0.2512207 0.3095703 0.2218017 0.28125 0.3413086 0.2592774 0.309082 0.2578125 0.3361817 0.2329101 0.3681641 0.2456054 0.3361817 0.2329101 0.3618164 0.2265625 0.3413086 0.2592774 0.3361817 0.2329101 0.3681641 0.2456054 0.3413086 0.2592774 0.3317871 0.2880859 0.309082 0.2578125 0.309082 0.2578125 0.3317871 0.2880859 0.3073731 0.2792969 0.3571777 0.2080078 0.3823242 0.2041015 0.3618164 0.2265625 0.3571777 0.2080078 0.378418 0.1855468 0.3823242 0.2041015 0.3618164 0.2265625 0.3823242 0.2041015 0.3874512 0.2207031 0.3618164 0.2265625 0.3874512 0.2207031 0.3681641 0.2456054 0.2773438 0.3007813 0.2844238 0.2797852 0.2875977 0.2963867 0.2844238 0.2797852 0.2995606 0.2988281 0.2875977 0.2963867 0.3073731 0.2792969 0.2995606 0.2988281 0.2844238 0.2797852 0.2995606 0.2988281 0.3073731 0.2792969 0.3071289 0.3046875 0.3071289 0.3046875 0.3073731 0.2792969 0.3317871 0.2880859 0.3681641 0.2456054 0.3642578 0.2744141 0.3413086 0.2592774 0.3413086 0.2592774 0.3642578 0.2744141 0.3317871 0.2880859 0.3681641 0.2456054 0.3874512 0.2207031 0.3930664 0.2373046 0.3781738 0.2587891 0.3642578 0.2744141 0.3681641 0.2456054 0.3681641 0.2456054 0.3930664 0.2373046 0.3781738 0.2587891 0.3317871 0.2880859 0.3642578 0.2744141 0.3566895 0.2958984 0.3317871 0.2880859 0.3312988 0.3168945 0.3071289 0.3046875 0.3566895 0.2958984 0.3312988 0.3168945 0.3317871 0.2880859 0.3874512 0.2207031 0.409668 0.2167968 0.3930664 0.2373046 0.3874512 0.2207031 0.4055176 0.2021484 0.409668 0.2167968 0.3823242 0.2041015 0.4055176 0.2021484 0.3874512 0.2207031 0.3642578 0.2744141 0.3818359 0.2861328 0.3566895 0.2958984 0.3642578 0.2744141 0.3901367 0.2714844 0.3818359 0.2861328 0.3781738 0.2587891 0.3901367 0.2714844 0.3642578 0.2744141 0.3781738 0.2587891 0.3994141 0.2504883 0.3901367 0.2714844 0.3781738 0.2587891 0.3930664 0.2373046 0.3994141 0.2504883 0.4147949 0.2319335 0.3994141 0.2504883 0.3930664 0.2373046 0.3930664 0.2373046 0.409668 0.2167968 0.4147949 0.2319335 0.3566895 0.2958984 0.3818359 0.2861328 0.3774414 0.300293 0.3566895 0.2958984 0.3774414 0.300293 0.3564453 0.3173828 0.3564453 0.3173828 0.3312988 0.3168945 0.3566895 0.2958984 0.409668 0.2167968 0.4240723 0.215332 0.4147949 0.2319335 0.4194336 0.1992187 0.409668 0.2167968 0.4055176 0.2021484 0.4240723 0.215332 0.409668 0.2167968 0.4194336 0.1992187 0.3818359 0.2861328 0.3911133 0.2905274 0.3774414 0.300293 0.3818359 0.2861328 0.3991699 0.2817383 0.3911133 0.2905274 0.3901367 0.2714844 0.3991699 0.2817383 0.3818359 0.2861328 0.3901367 0.2714844 0.4060059 0.2641602 0.3991699 0.2817383 0.3901367 0.2714844 0.3994141 0.2504883 0.4060059 0.2641602 0.3994141 0.2504883 0.4189453 0.2446289 0.4060059 0.2641602 0.4189453 0.2446289 0.3994141 0.2504883 0.4147949 0.2319335 0.4147949 0.2319335 0.4240723 0.215332 0.4287109 0.230957 0.4147949 0.2319335 0.4287109 0.230957 0.4189453 0.2446289 0.3564453 0.3173828 0.3774414 0.300293 0.378418 0.3178711 0.3774414 0.300293 0.3847656 0.3027344 0.378418 0.3178711 0.3774414 0.300293 0.3911133 0.2905274 0.3847656 0.3027344 0.4240723 0.215332 0.4389649 0.2148437 0.4287109 0.230957 0.4240723 0.215332 0.4355469 0.1977539 0.4389649 0.2148437 0.4194336 0.1992187 0.4355469 0.1977539 0.4240723 0.215332 0.3991699 0.2817383 0.4060059 0.2641602 0.4125977 0.2739258 0.4025879 0.2856445 0.3911133 0.2905274 0.3991699 0.2817383 0.4125977 0.2739258 0.4025879 0.2856445 0.3991699 0.2817383 0.4060059 0.2641602 0.4260254 0.2612305 0.4125977 0.2739258 0.4060059 0.2641602 0.4189453 0.2446289 0.4260254 0.2612305 0.4189453 0.2446289 0.4287109 0.230957 0.434082 0.2456054 0.434082 0.2456054 0.4260254 0.2612305 0.4189453 0.2446289 0.4428711 0.2314453 0.434082 0.2456054 0.4287109 0.230957 0.4287109 0.230957 0.4389649 0.2148437 0.4428711 0.2314453 0.4516602 0.1967773 0.4389649 0.2148437 0.4355469 0.1977539 0.4541016 0.2143554 0.4389649 0.2148437 0.4516602 0.1967773 0.4541016 0.2143554 0.4428711 0.2314453 0.4389649 0.2148437 0.4125977 0.2739258 0.4260254 0.2612305 0.4287109 0.2700195 0.4125977 0.2739258 0.4287109 0.2700195 0.4160156 0.2792969 0.4160156 0.2792969 0.4025879 0.2856445 0.4125977 0.2739258 0.4260254 0.2612305 0.4396973 0.2607422 0.4287109 0.2700195 0.4396973 0.2607422 0.4260254 0.2612305 0.434082 0.2456054 0.434082 0.2456054 0.4479981 0.246582 0.4396973 0.2607422 0.4479981 0.246582 0.434082 0.2456054 0.4428711 0.2314453 0.4428711 0.2314453 0.4575195 0.230957 0.4479981 0.246582 0.4575195 0.230957 0.4428711 0.2314453 0.4541016 0.2143554 0.4667969 0.196289 0.4541016 0.2143554 0.4516602 0.1967773 0.46875 0.2138671 0.4541016 0.2143554 0.4667969 0.196289 0.4541016 0.2143554 0.46875 0.2138671 0.4575195 0.230957 0.4160156 0.2792969 0.4287109 0.2700195 0.4318848 0.2763672 0.4287109 0.2700195 0.4440918 0.2700195 0.4318848 0.2763672 0.4287109 0.2700195 0.4396973 0.2607422 0.4440918 0.2700195 0.4396973 0.2607422 0.4479981 0.246582 0.4538574 0.2626953 0.4396973 0.2607422 0.4538574 0.2626953 0.4440918 0.2700195 0.4626465 0.2485351 0.4538574 0.2626953 0.4479981 0.246582 0.4479981 0.246582 0.4575195 0.230957 0.4626465 0.2485351 0.4575195 0.230957 0.46875 0.2138671 0.4716797 0.2319335 0.4716797 0.2319335 0.4626465 0.2485351 0.4575195 0.230957 0.46875 0.2138671 0.4821777 0.2143554 0.4716797 0.2319335 0.4807129 0.1967773 0.46875 0.2138671 0.4667969 0.196289 0.4821777 0.2143554 0.46875 0.2138671 0.4807129 0.1967773 0.3693848 0.1162109 0.3481445 0.09228515 0.3710938 0.08740234 0.3527832 0.06054687 0.3710938 0.08740234 0.3481445 0.09228515 0.3764649 0.04492187 0.3710938 0.08740234 0.3527832 0.06054687 0.3764649 0.04492187 0.3913574 0.07714843 0.3710938 0.08740234 0.3479004 0.1210937 0.3325195 0.09375 0.3481445 0.09228515 0.3481445 0.09228515 0.3325195 0.09375 0.3527832 0.06054687 0.3269043 0.1240234 0.3325195 0.09375 0.3479004 0.1210937 0.3483887 0.1396484 0.3269043 0.1240234 0.3479004 0.1210937 0.3527832 0.06054687 0.3325195 0.09375 0.3378906 0.046875 0.3959961 0.04101562 0.3913574 0.07714843 0.3764649 0.04492187 0.4123535 0.05126953 0.3913574 0.07714843 0.3959961 0.04101562 0.4130859 0.07958984 0.3913574 0.07714843 0.4123535 0.05126953 0.3269043 0.1240234 0.3029785 0.09863281 0.3325195 0.09375 0.3100586 0.04882812 0.3325195 0.09375 0.3029785 0.09863281 0.3378906 0.046875 0.3325195 0.09375 0.3100586 0.04882812 0.4130859 0.07958984 0.4123535 0.05126953 0.4267578 0.08154296 0.4267578 0.08154296 0.4123535 0.05126953 0.4255371 0.04248046 0.4482422 0.04443359 0.4267578 0.08154296 0.4255371 0.04248046 0.7011719 0.1254882 0.7001953 0.09570312 0.7260742 0.125 0.7260742 0.125 0.7001953 0.09570312 0.7290039 0.09130859 0.7260742 0.125 0.7290039 0.09130859 0.7524414 0.1210937 0.7529297 0.1425781 0.7260742 0.125 0.7524414 0.1210937 0.7524414 0.1210937 0.7290039 0.09130859 0.7470703 0.0883789 0.7290039 0.09130859 0.7001953 0.09570312 0.722168 0.0571289 0.7290039 0.09130859 0.722168 0.0571289 0.7470703 0.0883789 0.7524414 0.1210937 0.7470703 0.0883789 0.7758789 0.1142578 0.7773438 0.1440429 0.7524414 0.1210937 0.7758789 0.1142578 0.7529297 0.1425781 0.7524414 0.1210937 0.7773438 0.1440429 0.7758789 0.1142578 0.7470703 0.0883789 0.7729492 0.07763671 0.7407227 0.03662109 0.7729492 0.07763671 0.7470703 0.0883789 0.7470703 0.0883789 0.722168 0.0571289 0.7407227 0.03662109 0.722168 0.0571289 0.7001953 0.09570312 0.6987305 0.04785156 0.6987305 0.04785156 0.7001953 0.09570312 0.6772461 0.06054687 0.7729492 0.07763671 0.8012695 0.0859375 0.7758789 0.1142578 0.7758789 0.1142578 0.8022461 0.121582 0.7773438 0.1440429 0.7758789 0.1142578 0.8012695 0.0859375 0.8022461 0.121582 0.7773438 0.1440429 0.8022461 0.121582 0.8061524 0.1445312 0.7675781 0.02929687 0.7729492 0.07763671 0.7407227 0.03662109 0.7978516 0.03417968 0.7729492 0.07763671 0.7675781 0.02929687 0.8012695 0.0859375 0.7729492 0.07763671 0.7978516 0.03417968 0.8012695 0.0859375 0.8242188 0.08789062 0.8022461 0.121582 0.8217774 0.05175781 0.8012695 0.0859375 0.7978516 0.03417968 0.8242188 0.08789062 0.8012695 0.0859375 0.8217774 0.05175781 0.8022461 0.121582 0.8242188 0.08789062 0.831543 0.1220703 0.8022461 0.121582 0.831543 0.1220703 0.8061524 0.1445312 0.855957 0.08886718 0.831543 0.1220703 0.8242188 0.08789062 0.8217774 0.05175781 0.855957 0.08886718 0.8242188 0.08789062 0.8442383 0.03662109 0.855957 0.08886718 0.8217774 0.05175781 0.8608399 0.1171875 0.831543 0.1220703 0.855957 0.08886718 0.8061524 0.1445312 0.831543 0.1220703 0.8359375 0.1440429 0.8608399 0.1171875 0.8359375 0.1440429 0.831543 0.1220703 0.8359375 0.1440429 0.809082 0.1713867 0.8061524 0.1445312 0.8681641 0.02929687 0.855957 0.08886718 0.8442383 0.03662109 0.8608399 0.1171875 0.855957 0.08886718 0.8916016 0.1132812 0.8881836 0.08007812 0.855957 0.08886718 0.8681641 0.02929687 0.8916016 0.1132812 0.855957 0.08886718 0.8881836 0.08007812 0.8916016 0.1132812 0.8647461 0.1391601 0.8608399 0.1171875 0.8647461 0.1391601 0.8359375 0.1440429 0.8608399 0.1171875 0.8388672 0.1728515 0.809082 0.1713867 0.8359375 0.1440429 0.8686524 0.1689453 0.8359375 0.1440429 0.8647461 0.1391601 0.8388672 0.1728515 0.8359375 0.1440429 0.8686524 0.1689453 0.8955078 0.1367187 0.8647461 0.1391601 0.8916016 0.1132812 0.8955078 0.1367187 0.8686524 0.1689453 0.8647461 0.1391601 0.809082 0.1713867 0.8388672 0.1728515 0.8105469 0.1967773 0.8833008 0.02392578 0.8881836 0.08007812 0.8681641 0.02929687 0.8916016 0.1132812 0.8881836 0.08007812 0.9179688 0.1054687 0.9238281 0.1318359 0.8916016 0.1132812 0.9179688 0.1054687 0.8955078 0.1367187 0.8916016 0.1132812 0.9238281 0.1318359 0.9179688 0.1054687 0.8881836 0.08007812 0.9042969 0.07470703 0.9042969 0.07470703 0.8881836 0.08007812 0.8833008 0.02392578 0.8999024 0.1669921 0.8686524 0.1689453 0.8955078 0.1367187 0.9238281 0.1318359 0.8999024 0.1669921 0.8955078 0.1367187 0.8686524 0.1689453 0.8999024 0.1669921 0.8706055 0.1958007 0.8686524 0.1689453 0.8706055 0.1958007 0.8388672 0.1728515 0.8105469 0.1967773 0.8388672 0.1728515 0.840332 0.1982421 0.8388672 0.1728515 0.8706055 0.1958007 0.840332 0.1982421 0.9179688 0.1054687 0.9042969 0.07470703 0.9360352 0.09130859 0.9467774 0.1220703 0.9179688 0.1054687 0.9360352 0.09130859 0.9238281 0.1318359 0.9179688 0.1054687 0.9467774 0.1220703 0.9360352 0.09130859 0.9042969 0.07470703 0.9194336 0.05761718 0.8833008 0.02392578 0.9194336 0.05761718 0.9042969 0.07470703 0.9008789 0.01611328 0.9194336 0.05761718 0.8833008 0.02392578 0.9296875 0.1655273 0.8999024 0.1669921 0.9238281 0.1318359 0.9238281 0.1318359 0.9580078 0.1611328 0.9296875 0.1655273 0.9467774 0.1220703 0.9580078 0.1611328 0.9238281 0.1318359 0.8999024 0.1669921 0.9296875 0.1655273 0.9018555 0.1958007 0.8706055 0.1958007 0.8999024 0.1669921 0.9018555 0.1958007 0.8706055 0.1958007 0.9018555 0.1958007 0.8710938 0.21875 0.8706055 0.1958007 0.8710938 0.21875 0.840332 0.1982421 0.9296875 0.1655273 0.9580078 0.1611328 0.9331055 0.1953125 0.9018555 0.1958007 0.9296875 0.1655273 0.9331055 0.1953125 0.9018555 0.1958007 0.9331055 0.1953125 0.9018555 0.2197265 0.8710938 0.21875 0.9018555 0.1958007 0.9018555 0.2197265 0.9331055 0.1953125 0.9580078 0.1611328 0.9633789 0.1972656 0.9018555 0.2197265 0.9331055 0.1953125 0.9335938 0.2202148 0.9633789 0.1972656 0.9335938 0.2202148 0.9331055 0.1953125 0.9335938 0.2202148 0.9335938 0.2363281 0.9018555 0.2197265 0.9335938 0.2202148 0.9663086 0.224121 0.9335938 0.2363281 0.9663086 0.224121 0.9335938 0.2202148 0.9633789 0.1972656 0.9335938 0.2363281 0.9663086 0.224121 0.9672852 0.2490234 0.9467774 0.2553711 0.9335938 0.2363281 0.9672852 0.2490234 0.9467774 0.2553711 0.9672852 0.2490234 0.949707 0.2685547 0.949707 0.2685547 0.9672852 0.2490234 0.9663086 0.2739258 0.9467774 0.2553711 0.949707 0.2685547 0.9360352 0.2631836 0.9360352 0.2631836 0.949707 0.2685547 0.9370117 0.2670899 0.7475586 0.3349609 0.7758789 0.309082 0.7734375 0.3417969 0.746582 0.3022461 0.7758789 0.309082 0.7475586 0.3349609 0.7226563 0.3291016 0.746582 0.3022461 0.7475586 0.3349609 0.7250977 0.3007813 0.746582 0.3022461 0.7226563 0.3291016 0.746582 0.3022461 0.7250977 0.3007813 0.7402344 0.2836914 0.7226563 0.3291016 0.6967774 0.3027344 0.7250977 0.3007813 0.6967774 0.3271484 0.6967774 0.3027344 0.7226563 0.3291016 0.7250977 0.3007813 0.6967774 0.3027344 0.7104492 0.2792969 0.7250977 0.3007813 0.7104492 0.2792969 0.730957 0.2832031 0.7402344 0.2836914 0.7250977 0.3007813 0.730957 0.2832031 0.7402344 0.2836914 0.730957 0.2832031 0.7382813 0.2744141 0.6967774 0.3027344 0.6967774 0.3271484 0.6699219 0.3051758 0.6699219 0.3051758 0.6904297 0.28125 0.6967774 0.3027344 0.7104492 0.2792969 0.6967774 0.3027344 0.6904297 0.28125 0.6699219 0.3051758 0.6967774 0.3271484 0.6694336 0.3271484 0.730957 0.2832031 0.7104492 0.2792969 0.7246094 0.2758789 0.730957 0.2832031 0.7246094 0.2758789 0.734375 0.2739258 0.7382813 0.2744141 0.730957 0.2832031 0.734375 0.2739258 0.7246094 0.2758789 0.7104492 0.2792969 0.7216797 0.265625 0.7104492 0.2792969 0.6904297 0.28125 0.7084961 0.2666016 0.7216797 0.265625 0.7104492 0.2792969 0.7084961 0.2666016 0.7368164 0.2675781 0.7382813 0.2744141 0.734375 0.2739258 0.6699219 0.3051758 0.6694336 0.3271484 0.6489258 0.3095703 0.6699219 0.2841797 0.6904297 0.28125 0.6699219 0.3051758 0.6699219 0.3051758 0.6538086 0.2915039 0.6699219 0.2841797 0.6489258 0.3095703 0.6538086 0.2915039 0.6699219 0.3051758 0.6699219 0.2841797 0.6699219 0.269043 0.6904297 0.28125 0.7084961 0.2666016 0.6904297 0.28125 0.6894531 0.2675781 0.6904297 0.28125 0.6699219 0.269043 0.6894531 0.2675781 0.7299805 0.2670899 0.7246094 0.2758789 0.7216797 0.265625 0.7304688 0.2719727 0.7246094 0.2758789 0.7299805 0.2670899 0.734375 0.2739258 0.7246094 0.2758789 0.7304688 0.2719727 0.7304688 0.2719727 0.7299805 0.2670899 0.734375 0.2739258 0.734375 0.2739258 0.7299805 0.2670899 0.7368164 0.2675781 0.6538086 0.2915039 0.6464844 0.2797852 0.6699219 0.2841797 0.6699219 0.2841797 0.6464844 0.2797852 0.6699219 0.269043 0.7084961 0.2666016 0.7128906 0.2524414 0.7216797 0.265625 0.6928711 0.25 0.7084961 0.2666016 0.6894531 0.2675781 0.7128906 0.2524414 0.7084961 0.2666016 0.6928711 0.25 0.6699219 0.269043 0.6728516 0.2485351 0.6894531 0.2675781 0.6894531 0.2675781 0.6728516 0.2485351 0.6928711 0.25 0.6489258 0.3095703 0.6362305 0.2998047 0.6538086 0.2915039 0.6362305 0.2998047 0.6323242 0.2939453 0.6538086 0.2915039 0.6538086 0.2915039 0.6323242 0.2939453 0.6464844 0.2797852 0.6728516 0.2485351 0.6699219 0.269043 0.6459961 0.2480468 0.6699219 0.269043 0.6464844 0.2797852 0.6401367 0.2578125 0.6459961 0.2480468 0.6699219 0.269043 0.6401367 0.2578125 0.6401367 0.2578125 0.6464844 0.2797852 0.6308594 0.2709961 0.6230469 0.2822266 0.6464844 0.2797852 0.6323242 0.2939453 0.6308594 0.2709961 0.6464844 0.2797852 0.6230469 0.2822266 0.6401367 0.2578125 0.6201172 0.25 0.6459961 0.2480468 0.6308594 0.2709961 0.6201172 0.25 0.6401367 0.2578125 0.6230469 0.2822266 0.6147461 0.2661133 0.6308594 0.2709961 0.6147461 0.2661133 0.6201172 0.25 0.6308594 0.2709961 0.6728516 0.2485351 0.6459961 0.2480468 0.6621094 0.2382812 0.6230469 0.2822266 0.6323242 0.2939453 0.6201172 0.2856445 0.6098633 0.2763672 0.6147461 0.2661133 0.6230469 0.2822266 0.6201172 0.2856445 0.6098633 0.2763672 0.6230469 0.2822266 0.6362305 0.2998047 0.6298828 0.300293 0.6323242 0.2939453 0.6201172 0.2856445 0.6323242 0.2939453 0.628418 0.2954102 0.6323242 0.2939453 0.6298828 0.300293 0.628418 0.2954102 0.6362305 0.2998047 0.628418 0.3081055 0.6298828 0.300293 0.6098633 0.2763672 0.6049805 0.2626953 0.6147461 0.2661133 0.6049805 0.2626953 0.6201172 0.25 0.6147461 0.2661133 0.6459961 0.2480468 0.6201172 0.25 0.6254883 0.2338867 0.6201172 0.25 0.6083984 0.2456054 0.6254883 0.2338867 0.6083984 0.2456054 0.6201172 0.25 0.6049805 0.2626953 0.6298828 0.300293 0.6245117 0.300293 0.628418 0.2954102 0.6298828 0.300293 0.628418 0.3081055 0.6245117 0.300293 0.628418 0.2954102 0.6245117 0.300293 0.6235352 0.296875 0.6235352 0.296875 0.6201172 0.2856445 0.628418 0.2954102 0.605957 0.2802734 0.6098633 0.2763672 0.6201172 0.2856445 0.6171875 0.2885742 0.605957 0.2802734 0.6201172 0.2856445 0.6171875 0.2885742 0.6201172 0.2856445 0.6235352 0.296875 0.605957 0.2802734 0.5952149 0.2719727 0.6098633 0.2763672 0.5952149 0.2719727 0.6049805 0.2626953 0.6098633 0.2763672 0.6245117 0.300293 0.628418 0.3081055 0.6235352 0.3071289 0.6206055 0.3007813 0.6235352 0.296875 0.6245117 0.300293 0.6245117 0.300293 0.6235352 0.3071289 0.6206055 0.3007813 0.6206055 0.2978516 0.6235352 0.296875 0.6206055 0.3007813 0.6235352 0.296875 0.6206055 0.2978516 0.6171875 0.2885742 0.6083984 0.2456054 0.6049805 0.2626953 0.5986328 0.2514649 0.5952149 0.2719727 0.5991211 0.2602539 0.6049805 0.2626953 0.5986328 0.2514649 0.6049805 0.2626953 0.5991211 0.2602539 0.6254883 0.2338867 0.6083984 0.2456054 0.6137695 0.2285156 0.5957031 0.2387695 0.6137695 0.2285156 0.6083984 0.2456054 0.5986328 0.2514649 0.5957031 0.2387695 0.6083984 0.2456054 0.5927734 0.277832 0.5952149 0.2719727 0.605957 0.2802734 0.6030274 0.284668 0.5927734 0.277832 0.605957 0.2802734 0.6030274 0.284668 0.605957 0.2802734 0.6171875 0.2885742 0.6171875 0.2885742 0.6206055 0.2978516 0.6137695 0.2915039 0.6137695 0.2915039 0.6030274 0.284668 0.6171875 0.2885742 0.6206055 0.2978516 0.6206055 0.3007813 0.6181641 0.2988281 0.6118164 0.2944336 0.6206055 0.2978516 0.6181641 0.2988281 0.6137695 0.2915039 0.6206055 0.2978516 0.6118164 0.2944336 0.5917969 0.2456054 0.5957031 0.2387695 0.5986328 0.2514649 0.5986328 0.2514649 0.5991211 0.2602539 0.5922852 0.2548828 0.5922852 0.2548828 0.5917969 0.2456054 0.5986328 0.2514649 0.6005859 0.2890625 0.6030274 0.284668 0.6137695 0.2915039 0.6030274 0.284668 0.6005859 0.2890625 0.5898438 0.2832031 0.5898438 0.2832031 0.5927734 0.277832 0.6030274 0.284668 0.6005859 0.2890625 0.6137695 0.2915039 0.6005859 0.2929688 0.6005859 0.2929688 0.6137695 0.2915039 0.6118164 0.2944336 0.5898438 0.2832031 0.6005859 0.2890625 0.5869141 0.2880859 0.6005859 0.2890625 0.6005859 0.2929688 0.5869141 0.2880859 0.6118164 0.2944336 0.6049805 0.2983399 0.6005859 0.2929688 0.612793 0.2993164 0.6049805 0.2983399 0.6118164 0.2944336 0.6181641 0.2988281 0.612793 0.2993164 0.6118164 0.2944336 0.6132813 0.3017578 0.612793 0.2993164 0.6181641 0.2988281 0.590332 0.296875 0.6005859 0.2929688 0.6049805 0.2983399 0.5859375 0.2924805 0.6005859 0.2929688 0.590332 0.296875 0.5869141 0.2880859 0.6005859 0.2929688 0.5859375 0.2924805 0.5898438 0.2832031 0.5869141 0.2880859 0.578125 0.2827149 0.5869141 0.2880859 0.5859375 0.2924805 0.5761719 0.2875977 0.578125 0.2827149 0.5869141 0.2880859 0.5761719 0.2875977 0.612793 0.2993164 0.6108399 0.3012695 0.6049805 0.2983399 0.5947266 0.3012695 0.6049805 0.2983399 0.6108399 0.3012695 0.590332 0.296875 0.6049805 0.2983399 0.5947266 0.3012695 0.6132813 0.3017578 0.6118164 0.3017578 0.612793 0.2993164 0.6118164 0.3017578 0.6108399 0.3012695 0.612793 0.2993164 0.5786133 0.296875 0.5859375 0.2924805 0.590332 0.296875 0.590332 0.296875 0.5947266 0.3012695 0.5786133 0.296875 0.5751953 0.2924805 0.5859375 0.2924805 0.5786133 0.296875 0.5761719 0.2875977 0.5859375 0.2924805 0.5751953 0.2924805 0.5761719 0.2875977 0.5678711 0.2832031 0.578125 0.2827149 0.565918 0.2880859 0.5678711 0.2832031 0.5761719 0.2875977 0.5751953 0.2924805 0.565918 0.2880859 0.5761719 0.2875977 0.6118164 0.3017578 0.6108399 0.3032227 0.6108399 0.3012695 0.6064453 0.3061524 0.6108399 0.3012695 0.6108399 0.3032227 0.5947266 0.3012695 0.6108399 0.3012695 0.6064453 0.3061524 0.6064453 0.3061524 0.5996094 0.3100586 0.5947266 0.3012695 0.5786133 0.296875 0.5947266 0.3012695 0.581543 0.3012695 0.5947266 0.3012695 0.5996094 0.3100586 0.581543 0.3012695 0.5683594 0.2963867 0.5751953 0.2924805 0.5786133 0.296875 0.5786133 0.296875 0.581543 0.3012695 0.5683594 0.2963867 0.5654297 0.2924805 0.5751953 0.2924805 0.5683594 0.2963867 0.5654297 0.2924805 0.565918 0.2880859 0.5751953 0.2924805 0.5678711 0.2832031 0.565918 0.2880859 0.5585938 0.2832031 0.565918 0.2880859 0.5654297 0.2924805 0.5566406 0.2875977 0.5585938 0.2832031 0.565918 0.2880859 0.5566406 0.2875977 0.5996094 0.3100586 0.590332 0.3134766 0.581543 0.3012695 0.6074219 0.3066406 0.5996094 0.3100586 0.6064453 0.3061524 0.6064453 0.3061524 0.6103516 0.3037109 0.6074219 0.3066406 0.5996094 0.3105469 0.5996094 0.3100586 0.6074219 0.3066406 0.5585938 0.2832031 0.5566406 0.2875977 0.5488281 0.2827149 0.5893555 0.3139649 0.590332 0.3134766 0.5996094 0.3105469 0.6074219 0.3066406 0.5996094 0.3164063 0.5996094 0.3105469 0.5996094 0.3164063 0.5893555 0.3139649 0.5996094 0.3105469 0.6083984 0.3105469 0.5996094 0.3164063 0.6074219 0.3066406 0.6074219 0.3066406 0.6103516 0.3037109 0.6083984 0.3105469 0.6098633 0.3144531 0.5996094 0.3164063 0.6083984 0.3105469 0.4318848 0.2763672 0.4440918 0.2700195 0.4467774 0.2763672 0.4440918 0.2700195 0.4572754 0.2714844 0.4467774 0.2763672 0.4440918 0.2700195 0.4538574 0.2626953 0.4572754 0.2714844 0.4667969 0.2636719 0.4538574 0.2626953 0.4626465 0.2485351 0.4538574 0.2626953 0.4667969 0.2636719 0.4572754 0.2714844 0.4753418 0.2490234 0.4626465 0.2485351 0.4716797 0.2319335 0.4626465 0.2485351 0.4753418 0.2490234 0.4667969 0.2636719 0.4716797 0.2319335 0.4821777 0.2143554 0.484375 0.2324218 0.4716797 0.2319335 0.484375 0.2324218 0.4753418 0.2490234 0.4807129 0.1967773 0.4902344 0.1967773 0.4821777 0.2143554 0.4912109 0.2148437 0.484375 0.2324218 0.4821777 0.2143554 0.4821777 0.2143554 0.4902344 0.1967773 0.4912109 0.2148437 0.4572754 0.2714844 0.4667969 0.2636719 0.4692383 0.2719727 0.4572754 0.2714844 0.4692383 0.2719727 0.4594727 0.2768555 0.4467774 0.2763672 0.4572754 0.2714844 0.4594727 0.2768555 0.4667969 0.2636719 0.4785156 0.2646484 0.4692383 0.2719727 0.4667969 0.2636719 0.4753418 0.2490234 0.4785156 0.2646484 0.4753418 0.2490234 0.4873047 0.25 0.4785156 0.2646484 0.4753418 0.2490234 0.484375 0.2324218 0.4873047 0.25 0.4943848 0.2329101 0.4873047 0.25 0.484375 0.2324218 0.4943848 0.2329101 0.484375 0.2324218 0.4912109 0.2148437 0.4912109 0.2148437 0.5009766 0.215332 0.4943848 0.2329101 0.4997559 0.1967773 0.4912109 0.2148437 0.4902344 0.1967773 0.5009766 0.215332 0.4912109 0.2148437 0.4997559 0.1967773 0.4594727 0.2768555 0.4692383 0.2719727 0.470459 0.2768555 0.4692383 0.2719727 0.4785156 0.2646484 0.4797363 0.2719727 0.4692383 0.2719727 0.4797363 0.2719727 0.470459 0.2768555 0.4785156 0.2646484 0.4873047 0.25 0.4892578 0.2646484 0.4785156 0.2646484 0.4892578 0.2646484 0.4797363 0.2719727 0.4980469 0.2509766 0.4873047 0.25 0.4943848 0.2329101 0.4873047 0.25 0.4980469 0.2509766 0.4892578 0.2646484 0.5039063 0.234375 0.4980469 0.2509766 0.4943848 0.2329101 0.4943848 0.2329101 0.5009766 0.215332 0.5039063 0.234375 0.5009766 0.215332 0.5126953 0.2177734 0.5039063 0.234375 0.5009766 0.215332 0.5117188 0.1987304 0.5126953 0.2177734 0.4997559 0.1967773 0.5117188 0.1987304 0.5009766 0.215332 0.470459 0.2768555 0.4797363 0.2719727 0.4804688 0.2768555 0.489502 0.2719727 0.4804688 0.2768555 0.4797363 0.2719727 0.4797363 0.2719727 0.4892578 0.2646484 0.489502 0.2719727 0.4892578 0.2646484 0.4980469 0.2509766 0.4997559 0.2641602 0.4995117 0.2719727 0.4892578 0.2646484 0.4997559 0.2641602 0.489502 0.2719727 0.4892578 0.2646484 0.4995117 0.2719727 0.5078125 0.2514649 0.4980469 0.2509766 0.5039063 0.234375 0.5078125 0.2514649 0.4997559 0.2641602 0.4980469 0.2509766 0.5151367 0.234375 0.5078125 0.2514649 0.5039063 0.234375 0.5039063 0.234375 0.5126953 0.2177734 0.5151367 0.234375 0.5126953 0.2177734 0.5273438 0.2167968 0.5151367 0.234375 0.5126953 0.2177734 0.5117188 0.1987304 0.5273438 0.2167968 0.4899902 0.2763672 0.4804688 0.2768555 0.489502 0.2719727 0.4995117 0.2719727 0.4899902 0.2763672 0.489502 0.2719727 0.5092774 0.2641602 0.4997559 0.2641602 0.5078125 0.2514649 0.5087891 0.2724609 0.4997559 0.2641602 0.5092774 0.2641602 0.4995117 0.2719727 0.4997559 0.2641602 0.5087891 0.2724609 0.5087891 0.2724609 0.4997559 0.2763672 0.4995117 0.2719727 0.4997559 0.2763672 0.4899902 0.2763672 0.4995117 0.2719727 0.5180664 0.2509766 0.5078125 0.2514649 0.5151367 0.234375 0.5180664 0.2509766 0.5092774 0.2641602 0.5078125 0.2514649 0.5151367 0.234375 0.5283203 0.2353515 0.5180664 0.2509766 0.5151367 0.234375 0.5273438 0.2167968 0.5283203 0.2353515 0.519043 0.2646484 0.5092774 0.2641602 0.5180664 0.2509766 0.5092774 0.2641602 0.5180664 0.2724609 0.5087891 0.2724609 0.519043 0.2646484 0.5180664 0.2724609 0.5092774 0.2641602 0.5180664 0.2724609 0.5087891 0.2768555 0.5087891 0.2724609 0.5087891 0.2768555 0.4997559 0.2763672 0.5087891 0.2724609 0.5180664 0.2509766 0.5283203 0.2353515 0.5292969 0.2529297 0.5180664 0.2509766 0.5292969 0.2529297 0.519043 0.2646484 0.4997559 0.2763672 0.5087891 0.2768555 0.5 0.2807617 0.4997559 0.2763672 0.4907227 0.28125 0.4899902 0.2763672 0.5 0.2807617 0.4907227 0.28125 0.4997559 0.2763672 0.4812012 0.28125 0.4899902 0.2763672 0.4907227 0.28125 0.4804688 0.2768555 0.4899902 0.2763672 0.4812012 0.28125 0.519043 0.2646484 0.527832 0.2729492 0.5180664 0.2724609 0.5292969 0.2651367 0.527832 0.2729492 0.519043 0.2646484 0.519043 0.2646484 0.5292969 0.2529297 0.5292969 0.2651367 0.5180664 0.2773438 0.5087891 0.2768555 0.5180664 0.2724609 0.5180664 0.2724609 0.527832 0.277832 0.5180664 0.2773438 0.527832 0.2729492 0.527832 0.277832 0.5180664 0.2724609 0.5087891 0.2768555 0.5180664 0.2773438 0.5087891 0.2807617 0.5 0.2807617 0.5087891 0.2768555 0.5087891 0.2807617 0.5087891 0.2807617 0.5 0.2851563 0.5 0.2807617 0.5 0.2807617 0.4912109 0.2856445 0.4907227 0.28125 0.5 0.2851563 0.4912109 0.2856445 0.5 0.2807617 0.4812012 0.28125 0.4907227 0.28125 0.4819336 0.2861328 0.4819336 0.2861328 0.4907227 0.28125 0.4912109 0.2856445 0.4726563 0.2866211 0.4812012 0.28125 0.4819336 0.2861328 0.4714356 0.2817383 0.4812012 0.28125 0.4726563 0.2866211 0.4714356 0.2817383 0.4804688 0.2768555 0.4812012 0.28125 0.470459 0.2768555 0.4804688 0.2768555 0.4714356 0.2817383 0.527832 0.2729492 0.5292969 0.2651367 0.5390625 0.2739258 0.527832 0.2729492 0.5385742 0.2783203 0.527832 0.277832 0.5390625 0.2739258 0.5385742 0.2783203 0.527832 0.2729492 0.527832 0.277832 0.5273438 0.2817383 0.5180664 0.2773438 0.5087891 0.2807617 0.5180664 0.2773438 0.5180664 0.28125 0.5180664 0.2773438 0.5273438 0.2817383 0.5180664 0.28125 0.5385742 0.2783203 0.5380859 0.2822266 0.527832 0.277832 0.527832 0.277832 0.5380859 0.2822266 0.5273438 0.2817383 0.5175781 0.2856445 0.5087891 0.2807617 0.5180664 0.28125 0.5087891 0.2851563 0.5087891 0.2807617 0.5175781 0.2856445 0.5087891 0.2851563 0.5 0.2851563 0.5087891 0.2807617 0.5 0.2851563 0.4912109 0.2900391 0.4912109 0.2856445 0.4821777 0.2900391 0.4912109 0.2856445 0.4912109 0.2900391 0.4819336 0.2861328 0.4912109 0.2856445 0.4821777 0.2900391 0.4726563 0.2866211 0.4819336 0.2861328 0.4729004 0.2905274 0.4729004 0.2905274 0.4819336 0.2861328 0.4821777 0.2900391 0.4726563 0.2866211 0.4626465 0.2871094 0.4714356 0.2817383 0.4611817 0.2822266 0.470459 0.2768555 0.4714356 0.2817383 0.4714356 0.2817383 0.4626465 0.2871094 0.4611817 0.2822266 0.5273438 0.2817383 0.5268555 0.2861328 0.5180664 0.28125 0.5180664 0.28125 0.5268555 0.2861328 0.5175781 0.2856445 0.5268555 0.2861328 0.5273438 0.2817383 0.5371094 0.2866211 0.5371094 0.2866211 0.5273438 0.2817383 0.5380859 0.2822266 0.5371094 0.2866211 0.5380859 0.2822266 0.5473633 0.2871094 0.5385742 0.2783203 0.5488281 0.2827149 0.5380859 0.2822266 0.5473633 0.2871094 0.5380859 0.2822266 0.5488281 0.2827149 0.5268555 0.2861328 0.5268555 0.2900391 0.5175781 0.2856445 0.5170899 0.2895508 0.5087891 0.2851563 0.5175781 0.2856445 0.5175781 0.2856445 0.5268555 0.2900391 0.5170899 0.2895508 0.5268555 0.2900391 0.5268555 0.2861328 0.5366211 0.2900391 0.5366211 0.2900391 0.5268555 0.2861328 0.5371094 0.2866211 0.4899902 0.2949219 0.4821777 0.2900391 0.4912109 0.2900391 0.4804688 0.2949219 0.4821777 0.2900391 0.4899902 0.2949219 0.4804688 0.2949219 0.4729004 0.2905274 0.4821777 0.2900391 0.5366211 0.2900391 0.5371094 0.2866211 0.546875 0.2910156 0.546875 0.2910156 0.5371094 0.2866211 0.5473633 0.2871094 0.5488281 0.2827149 0.5566406 0.2875977 0.5473633 0.2871094 0.5473633 0.2871094 0.5561524 0.2919922 0.546875 0.2910156 0.5566406 0.2875977 0.5561524 0.2919922 0.5473633 0.2871094 0.5268555 0.2900391 0.5366211 0.2900391 0.5283203 0.2949219 0.5180664 0.2949219 0.5268555 0.2900391 0.5283203 0.2949219 0.5170899 0.2895508 0.5268555 0.2900391 0.5180664 0.2949219 0.5366211 0.2900391 0.546875 0.2910156 0.5390625 0.2949219 0.5283203 0.2949219 0.5366211 0.2900391 0.5390625 0.2949219 0.546875 0.2910156 0.5561524 0.2919922 0.5493164 0.2958984 0.5390625 0.2949219 0.546875 0.2910156 0.5493164 0.2958984 0.5493164 0.2958984 0.5561524 0.2919922 0.559082 0.2963867 0.5561524 0.2919922 0.5654297 0.2924805 0.559082 0.2963867 0.5566406 0.2875977 0.5654297 0.2924805 0.5561524 0.2919922 0.5283203 0.2949219 0.5195313 0.3012695 0.5180664 0.2949219 0.5307617 0.3012695 0.5195313 0.3012695 0.5283203 0.2949219 0.5390625 0.2949219 0.5307617 0.3012695 0.5283203 0.2949219 0.5419922 0.3012695 0.5307617 0.3012695 0.5390625 0.2949219 0.5493164 0.2958984 0.5419922 0.3012695 0.5390625 0.2949219 0.5522461 0.3012695 0.5419922 0.3012695 0.5493164 0.2958984 0.559082 0.2963867 0.5522461 0.3012695 0.5493164 0.2958984 0.5307617 0.3012695 0.5317383 0.3212891 0.5195313 0.3012695 0.5307617 0.3012695 0.5419922 0.3012695 0.5317383 0.3212891 0.5419922 0.3012695 0.5522461 0.3012695 0.550293 0.3203125 0.5317383 0.3212891 0.5419922 0.3012695 0.550293 0.3203125 0.5195313 0.3012695 0.5092774 0.3012695 0.5180664 0.2949219 0.5195313 0.3012695 0.5317383 0.3212891 0.512207 0.3217774 0.5195313 0.3012695 0.512207 0.3217774 0.5092774 0.3012695 0.559082 0.2963867 0.5654297 0.2924805 0.5683594 0.2963867 0.5620117 0.3012695 0.5522461 0.3012695 0.559082 0.2963867 0.559082 0.2963867 0.5717774 0.3012695 0.5620117 0.3012695 0.5683594 0.2963867 0.5717774 0.3012695 0.559082 0.2963867 0.5620117 0.3012695 0.5664063 0.3183594 0.5522461 0.3012695 0.550293 0.3203125 0.5522461 0.3012695 0.5664063 0.3183594 0.5791016 0.3164063 0.5664063 0.3183594 0.5620117 0.3012695 0.5717774 0.3012695 0.5791016 0.3164063 0.5620117 0.3012695 0.590332 0.3134766 0.5791016 0.3164063 0.5717774 0.3012695 0.581543 0.3012695 0.590332 0.3134766 0.5717774 0.3012695 0.5683594 0.2963867 0.581543 0.3012695 0.5717774 0.3012695 0.5317383 0.3212891 0.5483399 0.3212891 0.5302734 0.3232422 0.5483399 0.3212891 0.550293 0.3203125 0.5649414 0.3193359 0.5649414 0.3193359 0.5664063 0.3183594 0.5776367 0.3168945 0.5102539 0.3242188 0.512207 0.3217774 0.5302734 0.3232422 0.5092774 0.3012695 0.512207 0.3217774 0.4968262 0.3222656 0.5776367 0.3168945 0.5791016 0.3164063 0.5893555 0.3139649 0.5483399 0.3212891 0.5478516 0.3320313 0.5302734 0.3232422 0.5634766 0.3286133 0.5483399 0.3212891 0.5649414 0.3193359 0.5478516 0.3320313 0.5483399 0.3212891 0.5634766 0.3286133 0.5307617 0.3339844 0.5102539 0.3242188 0.5302734 0.3232422 0.5302734 0.3232422 0.5478516 0.3320313 0.5307617 0.3339844 0.5634766 0.3286133 0.5649414 0.3193359 0.5766602 0.3251953 0.5766602 0.3251953 0.5649414 0.3193359 0.5776367 0.3168945 0.5766602 0.3251953 0.5776367 0.3168945 0.5888672 0.3208008 0.5888672 0.3208008 0.5776367 0.3168945 0.5893555 0.3139649 0.5112305 0.3349609 0.5102539 0.3242188 0.5307617 0.3339844 0.5102539 0.3242188 0.5112305 0.3349609 0.4943848 0.324707 0.4968262 0.3222656 0.5102539 0.3242188 0.4943848 0.324707 0.5625 0.3374024 0.5478516 0.3320313 0.5634766 0.3286133 0.5478516 0.3408203 0.5478516 0.3320313 0.5625 0.3374024 0.5478516 0.3320313 0.5478516 0.3408203 0.5307617 0.3339844 0.5625 0.3374024 0.5634766 0.3286133 0.5756836 0.3330078 0.5756836 0.3330078 0.5634766 0.3286133 0.5766602 0.3251953 0.5756836 0.3330078 0.5766602 0.3251953 0.5883789 0.3276367 0.5883789 0.3276367 0.5766602 0.3251953 0.5888672 0.3208008 0.5307617 0.3339844 0.5478516 0.3408203 0.53125 0.34375 0.5307617 0.3339844 0.5126953 0.3447266 0.5112305 0.3349609 0.53125 0.34375 0.5126953 0.3447266 0.5307617 0.3339844 0.5888672 0.3208008 0.5893555 0.3139649 0.5996094 0.3164063 0.5996094 0.3217774 0.5888672 0.3208008 0.5996094 0.3164063 0.5883789 0.3276367 0.5888672 0.3208008 0.5996094 0.3217774 0.4978027 0.3447266 0.5112305 0.3349609 0.5126953 0.3447266 0.4960938 0.3354492 0.5112305 0.3349609 0.4978027 0.3447266 0.4943848 0.324707 0.5112305 0.3349609 0.4960938 0.3354492 0.5620117 0.3413086 0.5478516 0.3408203 0.5625 0.3374024 0.5751953 0.3369141 0.5625 0.3374024 0.5756836 0.3330078 0.5620117 0.3413086 0.5625 0.3374024 0.5751953 0.3369141 0.5478516 0.3457031 0.53125 0.34375 0.5478516 0.3408203 0.5478516 0.3457031 0.5478516 0.3408203 0.5620117 0.3413086 0.5883789 0.3276367 0.5878906 0.331543 0.5756836 0.3330078 0.5756836 0.3330078 0.5878906 0.331543 0.5751953 0.3369141 0.5996094 0.3217774 0.5996094 0.3256836 0.5883789 0.3276367 0.5883789 0.3276367 0.5996094 0.3256836 0.5878906 0.331543 0.53125 0.34375 0.5131836 0.3496094 0.5126953 0.3447266 0.5317383 0.3486328 0.5131836 0.3496094 0.53125 0.34375 0.5317383 0.3486328 0.53125 0.34375 0.5478516 0.3457031 0.5131836 0.3496094 0.4987793 0.3491211 0.5126953 0.3447266 0.5126953 0.3447266 0.4987793 0.3491211 0.4978027 0.3447266 0.5996094 0.3217774 0.5996094 0.3164063 0.6098633 0.3144531 0.5996094 0.3217774 0.6108399 0.3183594 0.5996094 0.3256836 0.6098633 0.3144531 0.6108399 0.3183594 0.5996094 0.3217774 0.482666 0.34375 0.4960938 0.3354492 0.4978027 0.3447266 0.4841309 0.3481445 0.4978027 0.3447266 0.4987793 0.3491211 0.482666 0.34375 0.4978027 0.3447266 0.4841309 0.3481445 0.5620117 0.3452149 0.5478516 0.3457031 0.5620117 0.3413086 0.574707 0.3408203 0.5620117 0.3413086 0.5751953 0.3369141 0.5620117 0.3452149 0.5620117 0.3413086 0.574707 0.3408203 0.5878906 0.331543 0.5878906 0.3359375 0.5751953 0.3369141 0.5751953 0.3369141 0.5878906 0.3359375 0.574707 0.3408203 0.5478516 0.3496094 0.5478516 0.3457031 0.5620117 0.3452149 0.5478516 0.3496094 0.5317383 0.3486328 0.5478516 0.3457031 0.5996094 0.3256836 0.6000977 0.3300781 0.5878906 0.331543 0.5878906 0.331543 0.6000977 0.3300781 0.5878906 0.3359375 0.6108399 0.3183594 0.6118164 0.3222656 0.5996094 0.3256836 0.5996094 0.3256836 0.6118164 0.3222656 0.6000977 0.3300781 0.5322266 0.3525391 0.5317383 0.3486328 0.5478516 0.3496094 0.5317383 0.3486328 0.5136719 0.3535156 0.5131836 0.3496094 0.5322266 0.3525391 0.5136719 0.3535156 0.5317383 0.3486328 0.6108399 0.3183594 0.6206055 0.3125 0.6118164 0.3222656 0.6181641 0.3105469 0.6206055 0.3125 0.6108399 0.3183594 0.6098633 0.3144531 0.6181641 0.3105469 0.6108399 0.3183594 0.5625 0.3486328 0.5478516 0.3496094 0.5620117 0.3452149 0.5751953 0.3447266 0.5620117 0.3452149 0.574707 0.3408203 0.5625 0.3486328 0.5620117 0.3452149 0.5751953 0.3447266 0.5751953 0.3447266 0.574707 0.3408203 0.5888672 0.340332 0.5888672 0.340332 0.574707 0.3408203 0.5878906 0.3359375 0.5888672 0.340332 0.5878906 0.3359375 0.6020508 0.3349609 0.6020508 0.3349609 0.5878906 0.3359375 0.6000977 0.3300781 0.5478516 0.3530274 0.5322266 0.3525391 0.5478516 0.3496094 0.5478516 0.3530274 0.5478516 0.3496094 0.5625 0.3486328 0.6020508 0.3349609 0.6000977 0.3300781 0.6142578 0.3271484 0.6142578 0.3271484 0.6000977 0.3300781 0.6118164 0.3222656 0.6206055 0.3125 0.6245117 0.3149414 0.6118164 0.3222656 0.6118164 0.3222656 0.6245117 0.3149414 0.6142578 0.3271484 0.5322266 0.3564453 0.5136719 0.3535156 0.5322266 0.3525391 0.5322266 0.3564453 0.5322266 0.3525391 0.5478516 0.3530274 0.6206055 0.3125 0.6181641 0.3105469 0.6235352 0.3071289 0.6206055 0.3125 0.6235352 0.3071289 0.6245117 0.3149414 0.5771484 0.3525391 0.5625 0.3486328 0.5751953 0.3447266 0.5634766 0.355957 0.5625 0.3486328 0.5771484 0.3525391 0.5634766 0.355957 0.5478516 0.3530274 0.5625 0.3486328 0.5771484 0.3525391 0.5751953 0.3447266 0.5913086 0.3500977 0.5913086 0.3500977 0.5751953 0.3447266 0.5888672 0.340332 0.5913086 0.3500977 0.5888672 0.340332 0.6069336 0.3452149 0.6083984 0.3105469 0.6152344 0.3081055 0.6098633 0.3144531 0.6123047 0.3056641 0.6152344 0.3081055 0.6083984 0.3105469 0.6083984 0.3105469 0.6103516 0.3037109 0.6123047 0.3056641 0.6103516 0.3037109 0.6113281 0.3032227 0.6123047 0.3056641 0.6108399 0.3032227 0.6113281 0.3032227 0.6103516 0.3037109 0.6152344 0.3081055 0.6181641 0.3105469 0.6098633 0.3144531 0.6123047 0.3056641 0.6166992 0.3046875 0.6152344 0.3081055 0.6201172 0.3056641 0.6152344 0.3081055 0.6166992 0.3046875 0.6181641 0.3105469 0.6152344 0.3081055 0.6201172 0.3056641 0.612793 0.3037109 0.6166992 0.3046875 0.6123047 0.3056641 0.6123047 0.3056641 0.6113281 0.3032227 0.612793 0.3037109 0.6235352 0.3071289 0.6181641 0.3105469 0.6201172 0.3056641 0.6171875 0.3007813 0.6201172 0.3056641 0.6166992 0.3046875 0.6132813 0.3022461 0.6166992 0.3046875 0.612793 0.3037109 0.6171875 0.3007813 0.6166992 0.3046875 0.6132813 0.3022461 0.6206055 0.3007813 0.6235352 0.3071289 0.6201172 0.3056641 0.6206055 0.3007813 0.6201172 0.3056641 0.6171875 0.3007813 0.6132813 0.3022461 0.612793 0.3037109 0.6118164 0.3022461 0.6118164 0.3022461 0.612793 0.3037109 0.6113281 0.3032227 0.6118164 0.3027344 0.6118164 0.3022461 0.6113281 0.3032227 0.6118164 0.3027344 0.6108399 0.3032227 0.6118164 0.3017578 0.6132813 0.3017578 0.6171875 0.3007813 0.6132813 0.3022461 0.6132813 0.3017578 0.6132813 0.3022461 0.6118164 0.3022461 0.6132813 0.3022461 0.6118164 0.3022461 0.6118164 0.3022461 0.6118164 0.3022461 0.6118164 0.3017578 0.6132813 0.3017578 0.6118164 0.3027344 0.6118164 0.3017578 0.6118164 0.3022461 0.5273438 0.2167968 0.5117188 0.1987304 0.5273438 0.1987304 0.5273438 0.2167968 0.5273438 0.1987304 0.5424805 0.2163085 0.5273438 0.2167968 0.5424805 0.2163085 0.5283203 0.2353515 0.5424805 0.2163085 0.5273438 0.1987304 0.5419922 0.1982421 0.5424805 0.2163085 0.5419922 0.1982421 0.5576172 0.2148437 0.5283203 0.2353515 0.5424805 0.2163085 0.5424805 0.2353515 0.5424805 0.2163085 0.5566406 0.2348632 0.5424805 0.2353515 0.5576172 0.2148437 0.5566406 0.2348632 0.5424805 0.2163085 0.5566406 0.2348632 0.5527344 0.253418 0.5424805 0.2353515 0.5415039 0.253418 0.5283203 0.2353515 0.5424805 0.2353515 0.5424805 0.2353515 0.5527344 0.253418 0.5415039 0.253418 0.5292969 0.2529297 0.5283203 0.2353515 0.5415039 0.253418 0.5576172 0.2148437 0.5698242 0.2329101 0.5566406 0.2348632 0.5566406 0.2348632 0.5664063 0.2514649 0.5527344 0.253418 0.5698242 0.2329101 0.5664063 0.2514649 0.5566406 0.2348632 0.5576172 0.2148437 0.5419922 0.1982421 0.5581055 0.1967773 0.5576172 0.2148437 0.5581055 0.1967773 0.5727539 0.2138671 0.5727539 0.2138671 0.5698242 0.2329101 0.5576172 0.2148437 0.5424805 0.1787109 0.5581055 0.1967773 0.5419922 0.1982421 0.5629883 0.2666016 0.5527344 0.253418 0.5664063 0.2514649 0.5512695 0.2666016 0.5527344 0.253418 0.5629883 0.2666016 0.5527344 0.253418 0.5512695 0.2666016 0.5415039 0.253418 0.5415039 0.253418 0.5512695 0.2666016 0.5395508 0.2661133 0.5415039 0.253418 0.5395508 0.2661133 0.5292969 0.2529297 0.5292969 0.2529297 0.5395508 0.2661133 0.5292969 0.2651367 0.5727539 0.2138671 0.5849609 0.2280273 0.5698242 0.2329101 0.581543 0.239746 0.5698242 0.2329101 0.5849609 0.2280273 0.5664063 0.2514649 0.5698242 0.2329101 0.581543 0.239746 0.5664063 0.2514649 0.581543 0.239746 0.5766602 0.2553711 0.5664063 0.2514649 0.5761719 0.2646484 0.5629883 0.2666016 0.5766602 0.2553711 0.5761719 0.2646484 0.5664063 0.2514649 0.5727539 0.2138671 0.5581055 0.1967773 0.574707 0.1958007 0.5581055 0.1967773 0.5585938 0.1777343 0.574707 0.1958007 0.5585938 0.1777343 0.5581055 0.1967773 0.5424805 0.1787109 0.5874024 0.2128906 0.5849609 0.2280273 0.5727539 0.2138671 0.5727539 0.2138671 0.574707 0.1958007 0.5874024 0.2128906 0.5424805 0.1787109 0.543457 0.1567382 0.5585938 0.1777343 0.5629883 0.2666016 0.5615234 0.2739258 0.5512695 0.2666016 0.5629883 0.2666016 0.5717774 0.2739258 0.5615234 0.2739258 0.5761719 0.2646484 0.5717774 0.2739258 0.5629883 0.2666016 0.5512695 0.2666016 0.5615234 0.2739258 0.5507813 0.2739258 0.5507813 0.2739258 0.5395508 0.2661133 0.5512695 0.2666016 0.5390625 0.2739258 0.5292969 0.2651367 0.5395508 0.2661133 0.5390625 0.2739258 0.5395508 0.2661133 0.5507813 0.2739258 0.5849609 0.2280273 0.5874024 0.2128906 0.5991211 0.2250976 0.5957031 0.2387695 0.5849609 0.2280273 0.5991211 0.2250976 0.581543 0.239746 0.5849609 0.2280273 0.5957031 0.2387695 0.5874024 0.2128906 0.574707 0.1958007 0.5898438 0.1958007 0.574707 0.1958007 0.5585938 0.1777343 0.5761719 0.1777343 0.574707 0.1958007 0.5761719 0.1777343 0.5898438 0.1958007 0.5585938 0.1777343 0.543457 0.1567382 0.5595703 0.1557617 0.5585938 0.1777343 0.5595703 0.1557617 0.5761719 0.1777343 0.5991211 0.2250976 0.5874024 0.2128906 0.6020508 0.2128906 0.5898438 0.1958007 0.6020508 0.2128906 0.5874024 0.2128906 0.5991211 0.2250976 0.6020508 0.2128906 0.6137695 0.2285156 0.5991211 0.2250976 0.6137695 0.2285156 0.5957031 0.2387695 0.543457 0.1567382 0.546875 0.1318359 0.5595703 0.1557617 0.5717774 0.2739258 0.5698242 0.2788086 0.5615234 0.2739258 0.5605469 0.2788086 0.5507813 0.2739258 0.5615234 0.2739258 0.5615234 0.2739258 0.5698242 0.2788086 0.5605469 0.2788086 0.5498047 0.2783203 0.5507813 0.2739258 0.5605469 0.2788086 0.5507813 0.2739258 0.5498047 0.2783203 0.5390625 0.2739258 0.5390625 0.2739258 0.5498047 0.2783203 0.5385742 0.2783203 0.6044922 0.1958007 0.6020508 0.2128906 0.5898438 0.1958007 0.5898438 0.1958007 0.5761719 0.1777343 0.5913086 0.1777343 0.5898438 0.1958007 0.5913086 0.1777343 0.6044922 0.1958007 0.5761719 0.1777343 0.5595703 0.1557617 0.5771484 0.15625 0.5771484 0.15625 0.5913086 0.1777343 0.5761719 0.1777343 0.5595703 0.1557617 0.546875 0.1318359 0.5620117 0.1318359 0.5595703 0.1557617 0.5620117 0.1318359 0.5771484 0.15625 0.6137695 0.2285156 0.6020508 0.2128906 0.6176758 0.2138671 0.6020508 0.2128906 0.6044922 0.1958007 0.6176758 0.2138671 0.5698242 0.2788086 0.5678711 0.2832031 0.5605469 0.2788086 0.5585938 0.2832031 0.5498047 0.2783203 0.5605469 0.2788086 0.5605469 0.2788086 0.5678711 0.2832031 0.5585938 0.2832031 0.5488281 0.2827149 0.5498047 0.2783203 0.5585938 0.2832031 0.5498047 0.2783203 0.5488281 0.2827149 0.5385742 0.2783203 0.6176758 0.2138671 0.6044922 0.1958007 0.6206055 0.1977539 0.5698242 0.2788086 0.578125 0.2827149 0.5678711 0.2832031 0.6323242 0.2011718 0.6176758 0.2138671 0.6206055 0.1977539 0.6293945 0.2172851 0.6176758 0.2138671 0.6323242 0.2011718 0.6293945 0.2172851 0.6137695 0.2285156 0.6176758 0.2138671 0.6445313 0.2133789 0.6293945 0.2172851 0.6323242 0.2011718 0.6254883 0.2338867 0.6137695 0.2285156 0.6293945 0.2172851 0.6254883 0.2338867 0.6293945 0.2172851 0.6376953 0.230957 0.6376953 0.2207031 0.6293945 0.2172851 0.6445313 0.2133789 0.6376953 0.230957 0.6293945 0.2172851 0.6376953 0.2207031 0.6376953 0.2207031 0.6445313 0.2133789 0.6474609 0.2221679 0.6376953 0.230957 0.6376953 0.2207031 0.6464844 0.227539 0.6464844 0.227539 0.6376953 0.2207031 0.6474609 0.2221679 0.6376953 0.230957 0.6459961 0.2480468 0.6254883 0.2338867 0.6484375 0.239746 0.6459961 0.2480468 0.6376953 0.230957 0.6464844 0.227539 0.6484375 0.239746 0.6376953 0.230957 0.6474609 0.2221679 0.6518555 0.2231445 0.6464844 0.227539 0.6503906 0.2304687 0.6484375 0.239746 0.6464844 0.227539 0.6464844 0.227539 0.6518555 0.2231445 0.6503906 0.2304687 0.6557617 0.2290039 0.6484375 0.239746 0.6503906 0.2304687 0.6503906 0.2304687 0.6518555 0.2231445 0.6557617 0.2290039 0.6621094 0.2382812 0.6459961 0.2480468 0.6484375 0.239746 0.6621094 0.2382812 0.6484375 0.239746 0.6557617 0.2290039 0.659668 0.2255859 0.6621094 0.2382812 0.6557617 0.2290039 0.6557617 0.2290039 0.6518555 0.2231445 0.659668 0.2255859 0.5957031 0.2387695 0.5917969 0.2456054 0.581543 0.239746 0.581543 0.239746 0.5917969 0.2456054 0.581543 0.2480468 0.5766602 0.2553711 0.581543 0.239746 0.581543 0.2480468 0.5766602 0.2553711 0.581543 0.2480468 0.5825195 0.2558594 0.581543 0.2480468 0.5917969 0.2456054 0.5849609 0.2524414 0.5825195 0.2558594 0.581543 0.2480468 0.5849609 0.2524414 0.5849609 0.2524414 0.5874024 0.2573242 0.5825195 0.2558594 0.5830078 0.2602539 0.5766602 0.2553711 0.5825195 0.2558594 0.5874024 0.2573242 0.5830078 0.2602539 0.5825195 0.2558594 0.5893555 0.2524414 0.5874024 0.2573242 0.5849609 0.2524414 0.5849609 0.2524414 0.5917969 0.2456054 0.5893555 0.2524414 0.5893555 0.2524414 0.5917969 0.2456054 0.5922852 0.2548828 0.5922852 0.2548828 0.5874024 0.2573242 0.5893555 0.2524414 0.5761719 0.2646484 0.5766602 0.2553711 0.5830078 0.2602539 0.5859375 0.2626953 0.5830078 0.2602539 0.5874024 0.2573242 0.5830078 0.2602539 0.5839844 0.2709961 0.5761719 0.2646484 0.5859375 0.2626953 0.5839844 0.2709961 0.5830078 0.2602539 0.5927734 0.2587891 0.5874024 0.2573242 0.5922852 0.2548828 0.5898438 0.262207 0.5874024 0.2573242 0.5927734 0.2587891 0.5859375 0.2626953 0.5874024 0.2573242 0.5898438 0.262207 0.5898438 0.262207 0.5839844 0.2709961 0.5859375 0.2626953 0.5927734 0.2587891 0.5942383 0.2685547 0.5898438 0.262207 0.5942383 0.2685547 0.5839844 0.2709961 0.5898438 0.262207 0.5922852 0.2548828 0.5991211 0.2602539 0.5927734 0.2587891 0.5991211 0.2602539 0.5942383 0.2685547 0.5927734 0.2587891 0.5952149 0.2719727 0.5839844 0.2709961 0.5942383 0.2685547 0.5942383 0.2685547 0.5991211 0.2602539 0.5952149 0.2719727 0.5839844 0.2709961 0.5825195 0.2739258 0.5761719 0.2646484 0.5825195 0.2739258 0.5839844 0.2709961 0.5952149 0.2719727 0.5761719 0.2646484 0.5825195 0.2739258 0.5717774 0.2739258 0.5952149 0.2719727 0.5927734 0.277832 0.5825195 0.2739258 0.5825195 0.2739258 0.5927734 0.277832 0.5805664 0.2783203 0.5825195 0.2739258 0.5805664 0.2783203 0.5717774 0.2739258 0.5717774 0.2739258 0.5805664 0.2783203 0.5698242 0.2788086 0.5927734 0.277832 0.5898438 0.2832031 0.5805664 0.2783203 0.5805664 0.2783203 0.5898438 0.2832031 0.578125 0.2827149 0.5805664 0.2783203 0.578125 0.2827149 0.5698242 0.2788086 0.769043 0.4189453 0.800293 0.3999024 0.800293 0.4272461 0.769043 0.4189453 0.800293 0.4272461 0.7817383 0.434082 0.7817383 0.434082 0.7734375 0.4355469 0.769043 0.4189453 0.769043 0.4189453 0.7734375 0.4355469 0.7661133 0.4350586 0.7734375 0.4355469 0.7709961 0.4545899 0.7661133 0.4350586 0.7817383 0.434082 0.7797852 0.4414063 0.7734375 0.4355469 0.7734375 0.4355469 0.7797852 0.4414063 0.7709961 0.4545899 0.7797852 0.4414063 0.7817383 0.434082 0.7851563 0.4433594 0.7709961 0.4545899 0.7797852 0.4414063 0.7788086 0.453125 0.7797852 0.4414063 0.7851563 0.4433594 0.7788086 0.453125 0.7788086 0.453125 0.7753906 0.4702149 0.7709961 0.4545899 0.7788086 0.453125 0.7851563 0.4550781 0.7753906 0.4702149 0.7788086 0.453125 0.7851563 0.4433594 0.7851563 0.4550781 0.5649414 0.3193359 0.550293 0.3203125 0.5664063 0.3183594 0.550293 0.3203125 0.5483399 0.3212891 0.5317383 0.3212891 0.5776367 0.3168945 0.5664063 0.3183594 0.5791016 0.3164063 0.5302734 0.3232422 0.512207 0.3217774 0.5317383 0.3212891 0.5893555 0.3139649 0.5791016 0.3164063 0.590332 0.3134766 0.512207 0.3217774 0.5102539 0.3242188 0.4968262 0.3222656 0.5996094 0.3105469 0.590332 0.3134766 0.5996094 0.3100586 0.4943848 0.324707 0.4812012 0.3227539 0.4968262 0.3222656 0.4782715 0.3256836 0.4665527 0.3227539 0.4812012 0.3227539 0.4665527 0.3227539 0.449707 0.3261719 0.4528809 0.3227539 0.4528809 0.3227539 0.4384766 0.324707 0.4418945 0.3212891 0.4418945 0.3212891 0.4282227 0.3222656 0.4318848 0.3183594 0.4233399 0.3139649 0.4318848 0.3183594 0.4187012 0.3183594 0.184082 0.8195801 0.2128906 0.807251 0.2009277 0.8271484 0.2009277 0.8271484 0.2128906 0.807251 0.2248535 0.8220215 0.2409667 0.7972412 0.2248535 0.8220215 0.2128906 0.807251 0.2248535 0.8220215 0.2265625 0.833374 0.2009277 0.8271484 0.2009277 0.8271484 0.2265625 0.833374 0.1921386 0.8386231 0.2512207 0.8121338 0.2248535 0.8220215 0.2409667 0.7972412 0.2526856 0.8312988 0.2248535 0.8220215 0.2512207 0.8121338 0.2265625 0.833374 0.2248535 0.8220215 0.2526856 0.8312988 0.2668457 0.7897949 0.2512207 0.8121338 0.2409667 0.7972412 0.2282714 0.8525391 0.1921386 0.8386231 0.2265625 0.833374 0.2531738 0.8485108 0.2265625 0.833374 0.2526856 0.8312988 0.2282714 0.8525391 0.2265625 0.833374 0.2531738 0.8485108 0.1920166 0.8546143 0.1921386 0.8386231 0.2282714 0.8525391 0.2744141 0.8082275 0.2512207 0.8121338 0.2668457 0.7897949 0.2739258 0.8297119 0.2512207 0.8121338 0.2744141 0.8082275 0.2526856 0.8312988 0.2512207 0.8121338 0.2739258 0.8297119 0.2531738 0.8485108 0.2526856 0.8312988 0.2731934 0.8483887 0.2731934 0.8483887 0.2526856 0.8312988 0.2739258 0.8297119 0.3000488 0.7801514 0.2744141 0.8082275 0.2668457 0.7897949 0.2529297 0.8653565 0.2282714 0.8525391 0.2531738 0.8485108 0.2722168 0.8665772 0.2531738 0.8485108 0.2731934 0.8483887 0.2529297 0.8653565 0.2531738 0.8485108 0.2722168 0.8665772 0.2281494 0.862915 0.2282714 0.8525391 0.2529297 0.8653565 0.1940917 0.8648682 0.2282714 0.8525391 0.2281494 0.862915 0.1920166 0.8546143 0.2282714 0.8525391 0.1940917 0.8648682 0.2529297 0.8653565 0.2514649 0.8848267 0.2281494 0.862915 0.2529297 0.8653565 0.2722168 0.8665772 0.2514649 0.8848267 0.2744141 0.8082275 0.3066406 0.8276367 0.2739258 0.8297119 0.3066406 0.8032227 0.3066406 0.8276367 0.2744141 0.8082275 0.3066406 0.8032227 0.2744141 0.8082275 0.3000488 0.7801514 0.3066406 0.8276367 0.3051758 0.8485108 0.2739258 0.8297119 0.2739258 0.8297119 0.3051758 0.8485108 0.2731934 0.8483887 0.2722168 0.8665772 0.2731934 0.8483887 0.3032227 0.8688965 0.3032227 0.8688965 0.2731934 0.8483887 0.3051758 0.8485108 0.2514649 0.8848267 0.2722168 0.8665772 0.2702637 0.8875122 0.2722168 0.8665772 0.3032227 0.8688965 0.2702637 0.8875122 0.3000488 0.7801514 0.3293457 0.772583 0.3066406 0.8032227 0.2281494 0.862915 0.2514649 0.8848267 0.2259521 0.8834839 0.203125 0.8783569 0.2281494 0.862915 0.2259521 0.8834839 0.1940917 0.8648682 0.2281494 0.862915 0.203125 0.8783569 0.2457275 0.9063721 0.2259521 0.8834839 0.2514649 0.8848267 0.2658692 0.9109497 0.2514649 0.8848267 0.2702637 0.8875122 0.2457275 0.9063721 0.2514649 0.8848267 0.2658692 0.9109497 0.3005371 0.8919678 0.2658692 0.9109497 0.2702637 0.8875122 0.2702637 0.8875122 0.3032227 0.8688965 0.3005371 0.8919678 0.3032227 0.8688965 0.3051758 0.8485108 0.333252 0.8721924 0.3032227 0.8688965 0.333252 0.8721924 0.3005371 0.8919678 0.333252 0.8721924 0.3051758 0.8485108 0.3356934 0.8497315 0.3051758 0.8485108 0.3066406 0.8276367 0.3356934 0.8497315 0.3066406 0.8276367 0.3066406 0.8032227 0.3366699 0.8267822 0.3356934 0.8497315 0.3066406 0.8276367 0.3366699 0.8267822 0.3066406 0.8032227 0.3293457 0.772583 0.3352051 0.8007813 0.3366699 0.8267822 0.3066406 0.8032227 0.3352051 0.8007813 0.2221679 0.8964233 0.2259521 0.8834839 0.2457275 0.9063721 0.2221679 0.8964233 0.203125 0.8783569 0.2259521 0.8834839 0.3293457 0.772583 0.3564453 0.769043 0.3352051 0.8007813 0.1890869 0.8861694 0.203125 0.8783569 0.2221679 0.8964233 0.2457275 0.9063721 0.2370605 0.9267578 0.2221679 0.8964233 0.2457275 0.9063721 0.2609863 0.9355469 0.2370605 0.9267578 0.2658692 0.9109497 0.2609863 0.9355469 0.2457275 0.9063721 0.2658692 0.9109497 0.2971192 0.9188233 0.2609863 0.9355469 0.2971192 0.9188233 0.2658692 0.9109497 0.3005371 0.8919678 0.3005371 0.8919678 0.333252 0.8721924 0.3303223 0.8979492 0.3005371 0.8919678 0.3303223 0.8979492 0.2971192 0.9188233 0.333252 0.8721924 0.3356934 0.8497315 0.3588867 0.8761597 0.6069336 0.3452149 0.5888672 0.340332 0.6020508 0.3349609 0.6069336 0.3452149 0.6020508 0.3349609 0.6206055 0.3364258 0.6206055 0.3364258 0.6020508 0.3349609 0.6142578 0.3271484 0.5483399 0.3598633 0.5478516 0.3530274 0.5634766 0.355957 0.5483399 0.3598633 0.5322266 0.3564453 0.5478516 0.3530274 0.6245117 0.3149414 0.6323242 0.3212891 0.6142578 0.3271484 0.6142578 0.3271484 0.6323242 0.3212891 0.6206055 0.3364258 0.5634766 0.355957 0.5771484 0.3525391 0.5654297 0.3632813 0.5634766 0.355957 0.5654297 0.3632813 0.5483399 0.3598633 0.5654297 0.3632813 0.5771484 0.3525391 0.5786133 0.3613281 0.5913086 0.3500977 0.5786133 0.3613281 0.5771484 0.3525391 0.6323242 0.3212891 0.6245117 0.3149414 0.6367188 0.3110352 0.6245117 0.3149414 0.6235352 0.3071289 0.628418 0.3081055 0.6367188 0.3110352 0.6245117 0.3149414 0.628418 0.3081055 0.59375 0.3603516 0.5786133 0.3613281 0.5913086 0.3500977 0.609375 0.3554688 0.5913086 0.3500977 0.6069336 0.3452149 0.59375 0.3603516 0.5913086 0.3500977 0.609375 0.3554688 0.609375 0.3554688 0.6069336 0.3452149 0.6240234 0.347168 0.6240234 0.347168 0.6069336 0.3452149 0.6206055 0.3364258 0.6240234 0.347168 0.6206055 0.3364258 0.6416016 0.3330078 0.6416016 0.3330078 0.6206055 0.3364258 0.6323242 0.3212891 0.6416016 0.3330078 0.6323242 0.3212891 0.6489258 0.3095703 0.6489258 0.3095703 0.6323242 0.3212891 0.6367188 0.3110352 0.6367188 0.3110352 0.6362305 0.2998047 0.6489258 0.3095703 0.6367188 0.3110352 0.628418 0.3081055 0.6362305 0.2998047 0.59375 0.3603516 0.5922852 0.371582 0.5786133 0.3613281 0.609375 0.3554688 0.5922852 0.371582 0.59375 0.3603516 0.5786133 0.3613281 0.5922852 0.371582 0.578125 0.3701172 0.5786133 0.3613281 0.578125 0.3701172 0.5654297 0.3632813 0.5483399 0.3598633 0.5654297 0.3632813 0.5493164 0.3671875 0.5654297 0.3632813 0.5664063 0.3710938 0.5493164 0.3671875 0.5654297 0.3632813 0.578125 0.3701172 0.5664063 0.3710938 0.6274414 0.3681641 0.609375 0.3554688 0.6240234 0.347168 0.6083984 0.3813477 0.609375 0.3554688 0.6274414 0.3681641 0.6083984 0.3813477 0.5922852 0.371582 0.609375 0.3554688 0.6416016 0.3330078 0.6464844 0.3579102 0.6240234 0.347168 0.6240234 0.347168 0.6464844 0.3579102 0.6274414 0.3681641 0.5922852 0.371582 0.5883789 0.3828125 0.578125 0.3701172 0.5922852 0.371582 0.6083984 0.3813477 0.5883789 0.3828125 0.578125 0.3701172 0.5883789 0.3828125 0.5761719 0.378418 0.578125 0.3701172 0.5761719 0.378418 0.5664063 0.3710938 0.6489258 0.3095703 0.6694336 0.3271484 0.6416016 0.3330078 0.6416016 0.3330078 0.6708984 0.3554688 0.6464844 0.3579102 0.6694336 0.3271484 0.6708984 0.3554688 0.6416016 0.3330078 0.5664063 0.3710938 0.5761719 0.378418 0.5668945 0.3789063 0.5493164 0.3671875 0.5664063 0.3710938 0.5507813 0.3774414 0.5664063 0.3710938 0.5668945 0.3789063 0.5507813 0.3774414 0.5761719 0.378418 0.5883789 0.3828125 0.5756836 0.3818359 0.5761719 0.378418 0.5756836 0.3818359 0.5668945 0.3789063 0.6489258 0.3852539 0.6274414 0.3681641 0.6464844 0.3579102 0.6323242 0.3945313 0.6274414 0.3681641 0.6489258 0.3852539 0.6323242 0.3945313 0.6083984 0.3813477 0.6274414 0.3681641 0.6708984 0.3554688 0.671875 0.3837891 0.6464844 0.3579102 0.6464844 0.3579102 0.671875 0.3837891 0.6489258 0.3852539 0.6166992 0.4047852 0.6083984 0.3813477 0.6323242 0.3945313 0.6083984 0.3813477 0.6166992 0.4047852 0.6010742 0.394043 0.5883789 0.3828125 0.6083984 0.3813477 0.6010742 0.394043 0.5756836 0.3818359 0.5883789 0.3828125 0.5869141 0.3857422 0.5883789 0.3828125 0.6010742 0.394043 0.5869141 0.3857422 0.6967774 0.3271484 0.6708984 0.3554688 0.6694336 0.3271484 0.6962891 0.355957 0.6708984 0.3554688 0.6967774 0.3271484 0.6708984 0.3554688 0.6962891 0.355957 0.671875 0.3837891 0.5668945 0.3789063 0.5756836 0.3818359 0.5668945 0.3823242 0.5668945 0.3789063 0.5668945 0.3823242 0.5527344 0.3881836 0.5507813 0.3774414 0.5668945 0.3789063 0.5527344 0.3881836 0.5869141 0.3857422 0.5854492 0.3886719 0.5756836 0.3818359 0.5756836 0.3818359 0.5751953 0.3852539 0.5668945 0.3823242 0.5756836 0.3818359 0.5854492 0.3886719 0.5751953 0.3852539 0.6474609 0.4091797 0.6323242 0.3945313 0.6489258 0.3852539 0.6708984 0.4116211 0.6489258 0.3852539 0.671875 0.3837891 0.6474609 0.4091797 0.6489258 0.3852539 0.6708984 0.4116211 0.6333008 0.4145508 0.6323242 0.3945313 0.6474609 0.4091797 0.6333008 0.4145508 0.6166992 0.4047852 0.6323242 0.3945313 0.671875 0.3837891 0.6962891 0.355957 0.6958008 0.3852539 0.6958008 0.3852539 0.6708984 0.4116211 0.671875 0.3837891 0.5869141 0.3857422 0.6010742 0.394043 0.5981445 0.3959961 0.5869141 0.3857422 0.5981445 0.3959961 0.5854492 0.3886719 0.6010742 0.394043 0.6166992 0.4047852 0.6069336 0.4052734 0.6010742 0.394043 0.6069336 0.4052734 0.5981445 0.3959961 0.6967774 0.3271484 0.7226563 0.3291016 0.6962891 0.355957 0.6962891 0.355957 0.7211914 0.3579102 0.6958008 0.3852539 0.6962891 0.355957 0.7226563 0.3291016 0.7211914 0.3579102 0.6708984 0.4116211 0.644043 0.4345703 0.6474609 0.4091797 0.644043 0.4345703 0.6333008 0.4145508 0.6474609 0.4091797 0.6948242 0.4135742 0.6708984 0.4116211 0.6958008 0.3852539 0.6689453 0.4399414 0.644043 0.4345703 0.6708984 0.4116211 0.6948242 0.4135742 0.6689453 0.4399414 0.6708984 0.4116211 0.6958008 0.3852539 0.7211914 0.3579102 0.7207031 0.3867188 0.7207031 0.3867188 0.6948242 0.4135742 0.6958008 0.3852539 0.7226563 0.3291016 0.7475586 0.3349609 0.7211914 0.3579102 0.7211914 0.3579102 0.7470703 0.362793 0.7207031 0.3867188 0.7211914 0.3579102 0.7475586 0.3349609 0.7470703 0.362793 0.7192383 0.4150391 0.6948242 0.4135742 0.7207031 0.3867188 0.7207031 0.3867188 0.7470703 0.362793 0.7460938 0.3901367 0.7207031 0.3867188 0.7460938 0.3901367 0.7192383 0.4150391 0.7192383 0.4150391 0.7167969 0.4438477 0.6948242 0.4135742 0.6928711 0.4428711 0.6689453 0.4399414 0.6948242 0.4135742 0.6948242 0.4135742 0.7167969 0.4438477 0.6928711 0.4428711 0.6689453 0.4399414 0.6464844 0.4604492 0.644043 0.4345703 0.6674805 0.4633789 0.6464844 0.4604492 0.6689453 0.4399414 0.6928711 0.4428711 0.6674805 0.4633789 0.6689453 0.4399414 0.7470703 0.362793 0.7724609 0.3676758 0.7460938 0.3901367 0.7470703 0.362793 0.7734375 0.3417969 0.7724609 0.3676758 0.7475586 0.3349609 0.7734375 0.3417969 0.7470703 0.362793 0.7192383 0.4150391 0.7460938 0.3901367 0.7441406 0.4165039 0.7416992 0.4423828 0.7192383 0.4150391 0.7441406 0.4165039 0.7167969 0.4438477 0.7192383 0.4150391 0.7416992 0.4423828 0.7460938 0.3901367 0.7724609 0.3676758 0.7714844 0.3925781 0.7460938 0.3901367 0.7714844 0.3925781 0.7441406 0.4165039 0.7167969 0.4438477 0.7148438 0.4667969 0.6928711 0.4428711 0.7392578 0.465332 0.7167969 0.4438477 0.7416992 0.4423828 0.7148438 0.4667969 0.7167969 0.4438477 0.7392578 0.465332 0.6928711 0.4428711 0.7148438 0.4667969 0.690918 0.4663086 0.690918 0.4663086 0.6674805 0.4633789 0.6928711 0.4428711 0.6674805 0.4633789 0.6630859 0.487793 0.6464844 0.4604492 0.6674805 0.4633789 0.6875 0.4912109 0.6630859 0.487793 0.690918 0.4663086 0.6875 0.4912109 0.6674805 0.4633789 0.7734375 0.3417969 0.8046875 0.3496094 0.7724609 0.3676758 0.7724609 0.3676758 0.8022461 0.375 0.7714844 0.3925781 0.7724609 0.3676758 0.8046875 0.3496094 0.8022461 0.375 0.7441406 0.4165039 0.7714844 0.3925781 0.769043 0.4189453 0.7441406 0.4165039 0.7661133 0.4350586 0.7416992 0.4423828 0.769043 0.4189453 0.7661133 0.4350586 0.7441406 0.4165039 0.7661133 0.4350586 0.7636719 0.4575195 0.7416992 0.4423828 0.7416992 0.4423828 0.7636719 0.4575195 0.7392578 0.465332 0.7714844 0.3925781 0.8022461 0.375 0.800293 0.3999024 0.7714844 0.3925781 0.800293 0.3999024 0.769043 0.4189453 0.7148438 0.4667969 0.7124024 0.4926758 0.690918 0.4663086 0.690918 0.4663086 0.7124024 0.4926758 0.6875 0.4912109 0.7124024 0.4926758 0.7148438 0.4667969 0.7373047 0.4916992 0.7373047 0.4916992 0.7148438 0.4667969 0.7392578 0.465332 0.7636719 0.4575195 0.7631836 0.4868164 0.7392578 0.465332 0.7392578 0.465332 0.7631836 0.4868164 0.7373047 0.4916992 0.7089844 0.520752 0.6875 0.4912109 0.7124024 0.4926758 0.684082 0.5180664 0.6875 0.4912109 0.7089844 0.520752 0.6875 0.4912109 0.684082 0.5180664 0.6630859 0.487793 0.8344727 0.3520508 0.8022461 0.375 0.8046875 0.3496094 0.831543 0.3813477 0.8022461 0.375 0.8344727 0.3520508 0.8022461 0.375 0.831543 0.3813477 0.800293 0.3999024 0.7373047 0.4916992 0.7338867 0.5227051 0.7124024 0.4926758 0.7124024 0.4926758 0.7338867 0.5227051 0.7089844 0.520752 0.7631836 0.4868164 0.7612305 0.5251465 0.7373047 0.4916992 0.7373047 0.4916992 0.7612305 0.5251465 0.7338867 0.5227051 0.7631836 0.4868164 0.7636719 0.4575195 0.7753906 0.4702149 0.7661133 0.4350586 0.7709961 0.4545899 0.7636719 0.4575195 0.7753906 0.4702149 0.7636719 0.4575195 0.7709961 0.4545899 0.7612305 0.5251465 0.7631836 0.4868164 0.7919922 0.5183106 0.7631836 0.4868164 0.7753906 0.4702149 0.7954102 0.4873047 0.7919922 0.5183106 0.7631836 0.4868164 0.7954102 0.4873047 0.7338867 0.5227051 0.7260742 0.5529785 0.7089844 0.520752 0.7338867 0.5227051 0.7495117 0.5563965 0.7260742 0.5529785 0.7612305 0.5251465 0.7495117 0.5563965 0.7338867 0.5227051 0.7089844 0.520752 0.6811524 0.545166 0.684082 0.5180664 0.7050781 0.5493164 0.6811524 0.545166 0.7089844 0.520752 0.7089844 0.520752 0.7260742 0.5529785 0.7050781 0.5493164 0.7050781 0.5493164 0.7260742 0.5529785 0.7011719 0.5710449 0.7050781 0.5493164 0.7011719 0.5710449 0.6811524 0.545166 0.7495117 0.5563965 0.7197266 0.5756836 0.7260742 0.5529785 0.7011719 0.5710449 0.7260742 0.5529785 0.7197266 0.5756836 0.7919922 0.5183106 0.7949219 0.5473633 0.7612305 0.5251465 0.7612305 0.5251465 0.7949219 0.5473633 0.7685547 0.5532227 0.7919922 0.5183106 0.8222656 0.5444336 0.7949219 0.5473633 0.8212891 0.5170899 0.8222656 0.5444336 0.7919922 0.5183106 0.7954102 0.4873047 0.8212891 0.5170899 0.7919922 0.5183106 0.734375 0.5893555 0.7197266 0.5756836 0.7495117 0.5563965 0.7197266 0.5756836 0.734375 0.5893555 0.7158203 0.5822754 0.7016602 0.5783692 0.7197266 0.5756836 0.7158203 0.5822754 0.7011719 0.5710449 0.7197266 0.5756836 0.7016602 0.5783692 0.6811524 0.545166 0.7011719 0.5710449 0.6787109 0.5703125 0.6894531 0.5844727 0.7011719 0.5710449 0.7016602 0.5783692 0.6787109 0.5703125 0.7011719 0.5710449 0.6894531 0.5844727 0.7685547 0.5532227 0.7949219 0.5473633 0.7788086 0.5830078 0.7788086 0.5830078 0.7949219 0.5473633 0.8012695 0.5771484 0.8251953 0.5725098 0.7949219 0.5473633 0.8222656 0.5444336 0.8012695 0.5771484 0.7949219 0.5473633 0.8251953 0.5725098 0.8212891 0.5170899 0.847168 0.5195313 0.8222656 0.5444336 0.8461914 0.5456543 0.8251953 0.5725098 0.8222656 0.5444336 0.8222656 0.5444336 0.847168 0.5195313 0.8461914 0.5456543 0.7158203 0.5822754 0.734375 0.5893555 0.7226563 0.5959473 0.734375 0.5893555 0.7202149 0.6132813 0.7226563 0.5959473 0.7089844 0.5886231 0.7016602 0.5783692 0.7158203 0.5822754 0.7119141 0.5949707 0.7158203 0.5822754 0.7226563 0.5959473 0.7089844 0.5886231 0.7158203 0.5822754 0.7119141 0.5949707 0.7021484 0.5852051 0.7016602 0.5783692 0.7089844 0.5886231 0.6958008 0.5893555 0.7016602 0.5783692 0.7021484 0.5852051 0.6894531 0.5844727 0.7016602 0.5783692 0.6958008 0.5893555 0.6894531 0.5844727 0.6738281 0.595459 0.6787109 0.5703125 0.6860352 0.5952149 0.6738281 0.595459 0.6894531 0.5844727 0.6958008 0.5893555 0.6860352 0.5952149 0.6894531 0.5844727 0.7226563 0.5959473 0.7163086 0.6079102 0.7119141 0.5949707 0.7226563 0.5959473 0.7202149 0.6132813 0.7163086 0.6079102 0.7089844 0.5886231 0.7119141 0.5949707 0.7016602 0.5961914 0.7089844 0.5886231 0.7016602 0.5961914 0.7021484 0.5852051 0.7021484 0.5852051 0.7016602 0.5961914 0.6958008 0.5893555 0.7016602 0.5961914 0.7119141 0.5949707 0.7094727 0.6010742 0.7119141 0.5949707 0.7163086 0.6079102 0.7094727 0.6010742 0.6928711 0.5961914 0.6860352 0.5952149 0.6958008 0.5893555 0.6958008 0.5893555 0.7016602 0.5961914 0.6928711 0.5961914 0.6884766 0.6049805 0.6738281 0.595459 0.6860352 0.5952149 0.6928711 0.5961914 0.6884766 0.6049805 0.6860352 0.5952149 0.7163086 0.6079102 0.7202149 0.6132813 0.7041016 0.612793 0.7094727 0.6010742 0.7163086 0.6079102 0.7041016 0.612793 0.7041016 0.612793 0.7202149 0.6132813 0.703125 0.6359863 0.7016602 0.5961914 0.7094727 0.6010742 0.7026367 0.6049805 0.7094727 0.6010742 0.7041016 0.612793 0.7026367 0.6049805 0.6948242 0.6003418 0.6884766 0.6049805 0.6928711 0.5961914 0.6928711 0.5961914 0.7016602 0.5961914 0.6948242 0.6003418 0.7026367 0.6049805 0.6987305 0.6037598 0.7016602 0.5961914 0.7016602 0.5961914 0.6987305 0.6037598 0.6948242 0.6003418 0.6948242 0.6003418 0.6987305 0.6037598 0.6884766 0.6049805 0.6987305 0.6037598 0.7026367 0.6049805 0.6958008 0.6108399 0.6958008 0.6108399 0.7026367 0.6049805 0.7041016 0.612793 0.6884766 0.6049805 0.6987305 0.6037598 0.6958008 0.6108399 0.6699219 0.6188965 0.6738281 0.595459 0.6884766 0.6049805 0.6884766 0.6252442 0.6884766 0.6049805 0.6958008 0.6108399 0.6699219 0.6188965 0.6884766 0.6049805 0.6884766 0.6252442 0.703125 0.6359863 0.6884766 0.6252442 0.7041016 0.612793 0.7041016 0.612793 0.6884766 0.6252442 0.6958008 0.6108399 0.6884766 0.6252442 0.703125 0.6359863 0.6791992 0.644043 0.6791992 0.644043 0.703125 0.6359863 0.6918945 0.6550293 0.6699219 0.6188965 0.6884766 0.6252442 0.6665039 0.6403809 0.6665039 0.6403809 0.6884766 0.6252442 0.6791992 0.644043 0.6665039 0.6403809 0.6791992 0.644043 0.6630859 0.6557617 0.6918945 0.6550293 0.6728516 0.6594238 0.6791992 0.644043 0.6630859 0.6557617 0.6791992 0.644043 0.6728516 0.6594238 0.6665039 0.6403809 0.6518555 0.6396484 0.6699219 0.6188965 0.6665039 0.6403809 0.6630859 0.6557617 0.6518555 0.6396484 0.6826172 0.6704102 0.6728516 0.6594238 0.6918945 0.6550293 0.6728516 0.6594238 0.6611328 0.6723633 0.6630859 0.6557617 0.6630859 0.6557617 0.6611328 0.6723633 0.6518555 0.654541 0.6518555 0.6396484 0.6630859 0.6557617 0.6518555 0.654541 0.6694336 0.6750488 0.6611328 0.6723633 0.6728516 0.6594238 0.6826172 0.6704102 0.6694336 0.6750488 0.6728516 0.6594238 0.6699219 0.6188965 0.6518555 0.6396484 0.652832 0.6169434 0.652832 0.6169434 0.6738281 0.595459 0.6699219 0.6188965 0.6518555 0.6396484 0.6342774 0.6188965 0.652832 0.6169434 0.6357422 0.6413574 0.6342774 0.6188965 0.6518555 0.6396484 0.6518555 0.654541 0.6357422 0.6413574 0.6518555 0.6396484 0.6762695 0.6821289 0.6694336 0.6750488 0.6826172 0.6704102 0.6518555 0.654541 0.6611328 0.6723633 0.6494141 0.6740723 0.6396484 0.6569824 0.6357422 0.6413574 0.6518555 0.654541 0.6494141 0.6740723 0.6396484 0.6569824 0.6518555 0.654541 0.6328125 0.5964356 0.652832 0.6169434 0.6342774 0.6188965 0.6533203 0.5942383 0.652832 0.6169434 0.6328125 0.5964356 0.6533203 0.5942383 0.6738281 0.595459 0.652832 0.6169434 0.6342774 0.6188965 0.6357422 0.6413574 0.6220703 0.625 0.6176758 0.6005859 0.6342774 0.6188965 0.6220703 0.625 0.6328125 0.5964356 0.6342774 0.6188965 0.6176758 0.6005859 0.6279297 0.652832 0.6357422 0.6413574 0.6396484 0.6569824 0.625 0.6416016 0.6357422 0.6413574 0.6279297 0.652832 0.6220703 0.625 0.6357422 0.6413574 0.625 0.6416016 0.6367188 0.6762695 0.6396484 0.6569824 0.6494141 0.6740723 0.6367188 0.6762695 0.6293945 0.6645508 0.6396484 0.6569824 0.6396484 0.6569824 0.6293945 0.6645508 0.6279297 0.652832 0.6328125 0.5964356 0.6308594 0.5720215 0.6533203 0.5942383 0.6328125 0.5964356 0.6147461 0.5751953 0.6308594 0.5720215 0.333252 0.8721924 0.3588867 0.8761597 0.3303223 0.8979492 0.3588867 0.8761597 0.3356934 0.8497315 0.3632813 0.8468018 0.3366699 0.8267822 0.3632813 0.8468018 0.3356934 0.8497315 0.3352051 0.8007813 0.3630371 0.8237305 0.3366699 0.8267822 0.3630371 0.8237305 0.3632813 0.8468018 0.3366699 0.8267822 0.3352051 0.8007813 0.3564453 0.769043 0.364502 0.7974854 0.364502 0.7974854 0.3630371 0.8237305 0.3352051 0.8007813 0.2221679 0.8964233 0.2370605 0.9267578 0.2104492 0.9163208 0.2221679 0.8964233 0.2104492 0.9163208 0.1890869 0.8861694 0.3564453 0.769043 0.3842774 0.7668457 0.364502 0.7974854 0.1890869 0.8861694 0.2104492 0.9163208 0.1796875 0.9007568 0.2609863 0.9355469 0.2971192 0.9188233 0.2929688 0.9462891 0.2971192 0.9188233 0.3249512 0.9294434 0.2929688 0.9462891 0.2971192 0.9188233 0.3303223 0.8979492 0.3249512 0.9294434 0.3303223 0.8979492 0.3544922 0.9034424 0.3249512 0.9294434 0.3303223 0.8979492 0.3588867 0.8761597 0.3544922 0.9034424 0.3588867 0.8761597 0.3840332 0.8793945 0.3544922 0.9034424 0.3632813 0.8468018 0.3840332 0.8793945 0.3588867 0.8761597 0.3632813 0.8468018 0.3630371 0.8237305 0.3789063 0.8326416 0.3632813 0.8468018 0.3789063 0.8326416 0.3869629 0.8482666 0.3869629 0.8482666 0.3840332 0.8793945 0.3632813 0.8468018 0.3789063 0.8326416 0.3630371 0.8237305 0.3759766 0.8218994 0.3793945 0.8116455 0.3630371 0.8237305 0.364502 0.7974854 0.3759766 0.8218994 0.3630371 0.8237305 0.3793945 0.8116455 0.388916 0.795044 0.3793945 0.8116455 0.364502 0.7974854 0.364502 0.7974854 0.3842774 0.7668457 0.388916 0.795044 0.3842774 0.7668457 0.4106445 0.7679443 0.388916 0.795044 0.2929688 0.9462891 0.3249512 0.9294434 0.3234863 0.9558106 0.3249512 0.9294434 0.3544922 0.9034424 0.3500977 0.9371948 0.3249512 0.9294434 0.3500977 0.9371948 0.3234863 0.9558106 0.3811035 0.909668 0.3500977 0.9371948 0.3544922 0.9034424 0.3544922 0.9034424 0.3840332 0.8793945 0.3811035 0.909668 0.3840332 0.8793945 0.4069824 0.9119263 0.3811035 0.909668 0.4121094 0.8786621 0.4069824 0.9119263 0.3840332 0.8793945 0.3869629 0.8482666 0.4121094 0.8786621 0.3840332 0.8793945 0.3869629 0.8482666 0.3789063 0.8326416 0.388916 0.8372803 0.3842774 0.8271484 0.388916 0.8372803 0.3789063 0.8326416 0.3789063 0.8326416 0.3759766 0.8218994 0.3842774 0.8271484 0.388916 0.8372803 0.4016113 0.8349609 0.3869629 0.8482666 0.4147949 0.845459 0.4121094 0.8786621 0.3869629 0.8482666 0.3869629 0.8482666 0.4016113 0.8349609 0.4147949 0.845459 0.3234863 0.9558106 0.3500977 0.9371948 0.3481445 0.9612732 0.3752442 0.9428101 0.3500977 0.9371948 0.3811035 0.909668 0.3500977 0.9371948 0.3752442 0.9428101 0.3481445 0.9612732 0.3752442 0.9428101 0.3811035 0.909668 0.3991699 0.9468384 0.3991699 0.9468384 0.3811035 0.909668 0.4069824 0.9119263 0.4121094 0.8786621 0.4331055 0.9119263 0.4069824 0.9119263 0.4255371 0.9487915 0.4069824 0.9119263 0.4331055 0.9119263 0.3991699 0.9468384 0.4069824 0.9119263 0.4255371 0.9487915 0.4362793 0.878479 0.4331055 0.9119263 0.4121094 0.8786621 0.4121094 0.8786621 0.4147949 0.845459 0.4362793 0.878479 0.3903809 0.8305664 0.388916 0.8372803 0.3842774 0.8271484 0.3964844 0.8293457 0.388916 0.8372803 0.3903809 0.8305664 0.4016113 0.8349609 0.388916 0.8372803 0.3964844 0.8293457 0.4362793 0.878479 0.4147949 0.845459 0.4360352 0.8432617 0.4360352 0.8432617 0.4147949 0.845459 0.4191895 0.8256836 0.4016113 0.8349609 0.4191895 0.8256836 0.4147949 0.845459 0.4094238 0.824585 0.4191895 0.8256836 0.4016113 0.8349609 0.3996582 0.8232422 0.4016113 0.8349609 0.3964844 0.8293457 0.4094238 0.824585 0.4016113 0.8349609 0.3996582 0.8232422 0.3481445 0.9612732 0.3752442 0.9428101 0.371582 0.9660034 0.371582 0.9660034 0.3752442 0.9428101 0.3937988 0.9703827 0.3937988 0.9703827 0.3752442 0.9428101 0.3991699 0.9468384 0.3937988 0.9703827 0.3991699 0.9468384 0.4187012 0.976181 0.4187012 0.976181 0.3991699 0.9468384 0.4255371 0.9487915 0.3996582 0.8232422 0.3964844 0.8293457 0.3918457 0.8227539 0.3918457 0.8227539 0.3964844 0.8293457 0.3903809 0.8305664 0.4331055 0.9119263 0.4528809 0.9490051 0.4255371 0.9487915 0.4255371 0.9487915 0.4523926 0.9763794 0.4187012 0.976181 0.4528809 0.9490051 0.4523926 0.9763794 0.4255371 0.9487915 0.4055176 0.8122559 0.4191895 0.8256836 0.4094238 0.824585 0.3996582 0.8232422 0.4055176 0.8122559 0.4094238 0.824585 0.3918457 0.8227539 0.3977051 0.8187256 0.3996582 0.8232422 0.3977051 0.8187256 0.4055176 0.8122559 0.3996582 0.8232422 0.4360352 0.8432617 0.4191895 0.8256836 0.4450684 0.8074951 0.4174805 0.8012695 0.4191895 0.8256836 0.4055176 0.8122559 0.4450684 0.8074951 0.4191895 0.8256836 0.4174805 0.8012695 0.4528809 0.9490051 0.4846192 0.9731903 0.4523926 0.9763794 0.4174805 0.8012695 0.4055176 0.8122559 0.388916 0.795044 0.3977051 0.8187256 0.3903809 0.8077393 0.4055176 0.8122559 0.388916 0.795044 0.4055176 0.8122559 0.3903809 0.8077393 0.3908692 0.8153076 0.3977051 0.8187256 0.3918457 0.8227539 0.3908692 0.8153076 0.3903809 0.8077393 0.3977051 0.8187256 0.3908692 0.8153076 0.3918457 0.8227539 0.3840332 0.8170166 0.3840332 0.8170166 0.3903809 0.8077393 0.3908692 0.8153076 0.3903809 0.8077393 0.3793945 0.8116455 0.388916 0.795044 0.3793945 0.8116455 0.3903809 0.8077393 0.3840332 0.8170166 0.4450684 0.8074951 0.4174805 0.8012695 0.442627 0.7713623 0.388916 0.795044 0.4106445 0.7679443 0.4174805 0.8012695 0.442627 0.7713623 0.4174805 0.8012695 0.4106445 0.7679443 0.3840332 0.8170166 0.3759766 0.8218994 0.3793945 0.8116455 0.442627 0.7713623 0.4750977 0.7764893 0.4450684 0.8074951 0.3833008 0.8231201 0.3759766 0.8218994 0.3840332 0.8170166 0.3840332 0.8170166 0.3918457 0.8227539 0.3833008 0.8231201 0.3918457 0.8227539 0.3842774 0.8271484 0.3833008 0.8231201 0.3842774 0.8271484 0.3759766 0.8218994 0.3833008 0.8231201 0.3903809 0.8305664 0.3842774 0.8271484 0.3918457 0.8227539 0.4724121 0.8118897 0.4750977 0.7764893 0.5014649 0.8157959 0.4450684 0.8074951 0.4750977 0.7764893 0.4724121 0.8118897 0.5014649 0.8157959 0.4750977 0.7764893 0.5126953 0.7838135 0.4724121 0.8118897 0.4689942 0.8446045 0.4450684 0.8074951 0.4963379 0.847168 0.4724121 0.8118897 0.5014649 0.8157959 0.4689942 0.8446045 0.4724121 0.8118897 0.4963379 0.847168 0.5014649 0.8157959 0.5244141 0.8503418 0.4963379 0.847168 0.53125 0.8203125 0.5244141 0.8503418 0.5014649 0.8157959 0.5014649 0.8157959 0.5126953 0.7838135 0.53125 0.8203125 0.4450684 0.8074951 0.4689942 0.8446045 0.4360352 0.8432617 0.53125 0.8203125 0.5126953 0.7838135 0.5410156 0.7888184 0.4655762 0.8793335 0.4360352 0.8432617 0.4689942 0.8446045 0.4689942 0.8446045 0.4926758 0.880188 0.4655762 0.8793335 0.4963379 0.847168 0.4926758 0.880188 0.4689942 0.8446045 0.4926758 0.880188 0.4963379 0.847168 0.5200195 0.8803101 0.5200195 0.8803101 0.4963379 0.847168 0.5244141 0.8503418 0.5244141 0.8503418 0.5439453 0.8816528 0.5200195 0.8803101 0.5488281 0.8531494 0.5439453 0.8816528 0.5244141 0.8503418 0.5244141 0.8503418 0.53125 0.8203125 0.5488281 0.8531494 0.5488281 0.8531494 0.53125 0.8203125 0.5561524 0.8244629 0.53125 0.8203125 0.5410156 0.7888184 0.5561524 0.8244629 0.4362793 0.878479 0.4360352 0.8432617 0.4655762 0.8793335 0.5561524 0.8244629 0.5410156 0.7888184 0.5698242 0.7954102 0.4606934 0.9127808 0.4362793 0.878479 0.4655762 0.8793335 0.4655762 0.8793335 0.4892578 0.9125366 0.4606934 0.9127808 0.4926758 0.880188 0.4892578 0.9125366 0.4655762 0.8793335 0.5200195 0.8803101 0.5209961 0.9115601 0.4926758 0.880188 0.4926758 0.880188 0.5209961 0.9115601 0.4892578 0.9125366 0.5209961 0.9115601 0.5200195 0.8803101 0.5395508 0.9107056 0.5395508 0.9107056 0.5200195 0.8803101 0.5439453 0.8816528 0.5488281 0.8531494 0.5712891 0.8843994 0.5439453 0.8816528 0.5439453 0.8816528 0.5644531 0.9130249 0.5395508 0.9107056 0.5712891 0.8843994 0.5644531 0.9130249 0.5439453 0.8816528 0.5761719 0.8569336 0.5712891 0.8843994 0.5488281 0.8531494 0.5561524 0.8244629 0.5761719 0.8569336 0.5488281 0.8531494 0.5830078 0.829834 0.5761719 0.8569336 0.5561524 0.8244629 0.5561524 0.8244629 0.5698242 0.7954102 0.5830078 0.829834 0.4331055 0.9119263 0.4362793 0.878479 0.4606934 0.9127808 0.5830078 0.829834 0.5698242 0.7954102 0.5957031 0.8022461 0.4606934 0.9127808 0.4528809 0.9490051 0.4331055 0.9119263 0.4606934 0.9127808 0.4838867 0.9479675 0.4528809 0.9490051 0.4892578 0.9125366 0.4838867 0.9479675 0.4606934 0.9127808 0.4838867 0.9479675 0.4892578 0.9125366 0.5092774 0.9474182 0.5092774 0.9474182 0.4892578 0.9125366 0.5209961 0.9115601 0.5209961 0.9115601 0.5395508 0.9107056 0.5297852 0.9310303 0.5297852 0.9310303 0.5092774 0.9474182 0.5209961 0.9115601 0.5297852 0.9310303 0.5395508 0.9107056 0.5439453 0.9269409 0.5395508 0.9107056 0.5644531 0.9130249 0.5439453 0.9269409 0.5712891 0.8843994 0.5966797 0.9132691 0.5644531 0.9130249 0.5991211 0.887146 0.5966797 0.9132691 0.5712891 0.8843994 0.5761719 0.8569336 0.5991211 0.887146 0.5712891 0.8843994 0.6035156 0.8612061 0.5991211 0.887146 0.5761719 0.8569336 0.5830078 0.829834 0.6035156 0.8612061 0.5761719 0.8569336 0.6098633 0.8354492 0.6035156 0.8612061 0.5830078 0.829834 0.5957031 0.8022461 0.6098633 0.8354492 0.5830078 0.829834 0.4838867 0.9479675 0.4846192 0.9731903 0.4528809 0.9490051 0.5092774 0.9474182 0.4846192 0.9731903 0.4838867 0.9479675 0.6206055 0.8101807 0.6098633 0.8354492 0.5957031 0.8022461 0.5991211 0.887146 0.6191406 0.9127197 0.5966797 0.9132691 0.6206055 0.8883667 0.6191406 0.9127197 0.5991211 0.887146 0.6035156 0.8612061 0.6206055 0.8883667 0.5991211 0.887146 0.6098633 0.8354492 0.6240234 0.864624 0.6035156 0.8612061 0.6240234 0.864624 0.6206055 0.8883667 0.6035156 0.8612061 0.6098633 0.8354492 0.6206055 0.8101807 0.6298828 0.8392334 0.6298828 0.8392334 0.6240234 0.864624 0.6098633 0.8354492 0.6240234 0.864624 0.6298828 0.8392334 0.6391602 0.8677979 0.6391602 0.8677979 0.6206055 0.8883667 0.6240234 0.864624 0.5166016 0.9698029 0.4846192 0.9731903 0.5092774 0.9474182 0.6298828 0.8392334 0.6206055 0.8101807 0.6381836 0.8165283 0.6381836 0.8165283 0.6523438 0.8469238 0.6298828 0.8392334 0.6391602 0.8677979 0.6298828 0.8392334 0.6523438 0.8469238 0.6206055 0.8883667 0.6411133 0.9133911 0.6191406 0.9127197 0.644043 0.8898316 0.6411133 0.9133911 0.6206055 0.8883667 0.644043 0.8898316 0.6206055 0.8883667 0.6391602 0.8677979 0.6391602 0.8677979 0.6523438 0.8469238 0.6489258 0.8676758 0.6391602 0.8677979 0.652832 0.8839111 0.644043 0.8898316 0.6489258 0.8676758 0.652832 0.8839111 0.6391602 0.8677979 0.6635742 0.901001 0.6411133 0.9133911 0.644043 0.8898316 0.652832 0.8839111 0.6635742 0.901001 0.644043 0.8898316 0.6601563 0.824707 0.6523438 0.8469238 0.6381836 0.8165283 0.6523438 0.8469238 0.6601563 0.824707 0.675293 0.8449707 0.6523438 0.8469238 0.675293 0.8449707 0.6591797 0.8566895 0.6489258 0.8676758 0.6523438 0.8469238 0.6591797 0.8566895 0.6489258 0.8676758 0.6591797 0.8566895 0.6611328 0.87146 0.6611328 0.87146 0.652832 0.8839111 0.6489258 0.8676758 0.6650391 0.8901978 0.6635742 0.901001 0.652832 0.8839111 0.6625977 0.8773804 0.6650391 0.8901978 0.652832 0.8839111 0.6625977 0.8773804 0.652832 0.8839111 0.6611328 0.87146 0.675293 0.8449707 0.6601563 0.824707 0.6816406 0.833252 0.6591797 0.8566895 0.675293 0.8449707 0.6728516 0.857666 0.6591797 0.8566895 0.6728516 0.857666 0.6655274 0.8671875 0.6611328 0.87146 0.6591797 0.8566895 0.6655274 0.8671875 0.6655274 0.8671875 0.6679688 0.8735352 0.6611328 0.87146 0.6611328 0.87146 0.6679688 0.8735352 0.6625977 0.8773804 0.6669922 0.8792725 0.6650391 0.8901978 0.6625977 0.8773804 0.6625977 0.8773804 0.6679688 0.8735352 0.6669922 0.8792725 0.6816406 0.833252 0.7036133 0.8435059 0.675293 0.8449707 0.6918945 0.8623047 0.6728516 0.857666 0.675293 0.8449707 0.675293 0.8449707 0.7036133 0.8435059 0.6918945 0.8623047 0.6699219 0.8673096 0.6679688 0.8735352 0.6655274 0.8671875 0.6655274 0.8671875 0.6728516 0.857666 0.6699219 0.8673096 0.6816406 0.8642578 0.6728516 0.857666 0.6918945 0.8623047 0.6738281 0.8693848 0.6728516 0.857666 0.6816406 0.8642578 0.6699219 0.8673096 0.6728516 0.857666 0.6738281 0.8693848 0.6699219 0.8673096 0.6738281 0.8693848 0.6679688 0.8735352 0.6679688 0.8735352 0.6738281 0.8693848 0.675293 0.8748779 0.671875 0.8786621 0.6679688 0.8735352 0.675293 0.8748779 0.6669922 0.8792725 0.6679688 0.8735352 0.671875 0.8786621 0.6918945 0.8623047 0.6831055 0.8764649 0.6816406 0.8642578 0.6816406 0.8642578 0.6831055 0.8764649 0.6738281 0.8693848 0.6738281 0.8693848 0.6831055 0.8764649 0.675293 0.8748779 0.6831055 0.8764649 0.6767578 0.8850708 0.675293 0.8748779 0.675293 0.8748779 0.6767578 0.8850708 0.671875 0.8786621 0.671875 0.8786621 0.6767578 0.8850708 0.6669922 0.8792725 0.6669922 0.8792725 0.6767578 0.8850708 0.6650391 0.8901978 0.7036133 0.8435059 0.7167969 0.8681641 0.6918945 0.8623047 0.7167969 0.8681641 0.6918945 0.8778687 0.6918945 0.8623047 0.6918945 0.8778687 0.6831055 0.8764649 0.6918945 0.8623047 0.6831055 0.8764649 0.6918945 0.8778687 0.6767578 0.8850708 0.7231445 0.8538818 0.7167969 0.8681641 0.7036133 0.8435059 0.6767578 0.8850708 0.6918945 0.8778687 0.6845703 0.8946533 0.6767578 0.8850708 0.6845703 0.8946533 0.6650391 0.8901978 0.6918945 0.8778687 0.7114258 0.8856201 0.6845703 0.8946533 0.7114258 0.8856201 0.6918945 0.8778687 0.7167969 0.8681641 0.6650391 0.8901978 0.6845703 0.8946533 0.6635742 0.901001 0.7412109 0.8641358 0.7167969 0.8681641 0.7231445 0.8538818 0.7353516 0.8760986 0.7167969 0.8681641 0.7412109 0.8641358 0.7167969 0.8681641 0.7353516 0.8760986 0.7114258 0.8856201 0.6845703 0.8946533 0.7114258 0.8856201 0.7089844 0.9019775 0.7089844 0.9019775 0.6870117 0.9159546 0.6845703 0.8946533 0.6870117 0.9159546 0.6635742 0.901001 0.6845703 0.8946533 0.7114258 0.8856201 0.7353516 0.8760986 0.7299805 0.8912964 0.7299805 0.8912964 0.7089844 0.9019775 0.7114258 0.8856201 0.7299805 0.8912964 0.7353516 0.8760986 0.7480469 0.8956909 0.7412109 0.8641358 0.7519531 0.8826294 0.7353516 0.8760986 0.7480469 0.8956909 0.7353516 0.8760986 0.7519531 0.8826294 0.7299805 0.8912964 0.7480469 0.8956909 0.7299805 0.9054566 0.7299805 0.9054566 0.7089844 0.9019775 0.7299805 0.8912964 0.7084961 0.9179688 0.6870117 0.9159546 0.7089844 0.9019775 0.7299805 0.9054566 0.7084961 0.9179688 0.7089844 0.9019775 0.7583008 0.875 0.7519531 0.8826294 0.7412109 0.8641358 0.6630859 0.9145508 0.6635742 0.901001 0.6870117 0.9159546 0.6630859 0.9145508 0.6411133 0.9133911 0.6635742 0.901001 0.7084961 0.9179688 0.6879883 0.9325562 0.6870117 0.9159546 0.6640625 0.9338989 0.6870117 0.9159546 0.6879883 0.9325562 0.6630859 0.9145508 0.6870117 0.9159546 0.6640625 0.9338989 0.6640625 0.9338989 0.6411133 0.9351196 0.6630859 0.9145508 0.6630859 0.9145508 0.6411133 0.9351196 0.6411133 0.9133911 0.7480469 0.8956909 0.7519531 0.8826294 0.7661133 0.8999024 0.7583008 0.875 0.7700195 0.8895264 0.7519531 0.8826294 0.7661133 0.8999024 0.7519531 0.8826294 0.7700195 0.8895264 0.7299805 0.9054566 0.7480469 0.8956909 0.7460938 0.9085693 0.7480469 0.8956909 0.7626953 0.9093628 0.7460938 0.9085693 0.7661133 0.8999024 0.7626953 0.9093628 0.7480469 0.8956909 0.730957 0.9194946 0.7084961 0.9179688 0.7299805 0.9054566 0.7299805 0.9054566 0.7460938 0.9085693 0.730957 0.9194946 0.7084961 0.9179688 0.730957 0.9194946 0.7099609 0.9318237 0.7099609 0.9318237 0.6879883 0.9325562 0.7084961 0.9179688 0.6899414 0.9508362 0.6640625 0.9338989 0.6879883 0.9325562 0.6176758 0.6005859 0.6147461 0.5751953 0.6328125 0.5964356 0.6533203 0.5942383 0.6308594 0.5720215 0.6542969 0.5678711 0.6533203 0.5942383 0.6542969 0.5678711 0.6738281 0.595459 0.6308594 0.5720215 0.6293945 0.5429688 0.6542969 0.5678711 0.6308594 0.5720215 0.612793 0.5461426 0.6293945 0.5429688 0.6147461 0.5751953 0.612793 0.5461426 0.6308594 0.5720215 0.6738281 0.595459 0.6542969 0.5678711 0.6787109 0.5703125 0.6542969 0.5678711 0.6293945 0.5429688 0.65625 0.5427246 0.6811524 0.545166 0.6542969 0.5678711 0.65625 0.5427246 0.6787109 0.5703125 0.6542969 0.5678711 0.6811524 0.545166 0.6147461 0.5168457 0.6293945 0.5429688 0.612793 0.5461426 0.6318359 0.5146484 0.6293945 0.5429688 0.6147461 0.5168457 0.6318359 0.5146484 0.65625 0.5427246 0.6293945 0.5429688 0.6586914 0.515625 0.65625 0.5427246 0.6318359 0.5146484 0.65625 0.5427246 0.6586914 0.515625 0.6811524 0.545166 0.6811524 0.545166 0.6586914 0.515625 0.684082 0.5180664 0.6147461 0.5168457 0.6186524 0.4916992 0.6318359 0.5146484 0.637207 0.4819336 0.6586914 0.515625 0.6318359 0.5146484 0.6318359 0.5146484 0.6186524 0.4916992 0.637207 0.4819336 0.6630859 0.487793 0.6586914 0.515625 0.637207 0.4819336 0.6630859 0.487793 0.684082 0.5180664 0.6586914 0.515625 0.6464844 0.4604492 0.6630859 0.487793 0.637207 0.4819336 0.637207 0.4819336 0.6352539 0.4609375 0.6464844 0.4604492 0.6308594 0.4755859 0.6352539 0.4609375 0.637207 0.4819336 0.6186524 0.4916992 0.6308594 0.4755859 0.637207 0.4819336 0.6176758 0.4770508 0.6308594 0.4755859 0.6186524 0.4916992 0.6147461 0.5168457 0.6044922 0.496582 0.6186524 0.4916992 0.605957 0.4765625 0.6186524 0.4916992 0.6044922 0.496582 0.6176758 0.4770508 0.6186524 0.4916992 0.605957 0.4765625 0.6176758 0.4770508 0.6220703 0.4624024 0.6308594 0.4755859 0.6308594 0.4755859 0.6220703 0.4624024 0.6352539 0.4609375 0.6220703 0.4624024 0.6176758 0.4770508 0.6088867 0.4628906 0.6088867 0.4628906 0.6176758 0.4770508 0.605957 0.4765625 0.6352539 0.4609375 0.6342774 0.440918 0.6464844 0.4604492 0.6230469 0.4462891 0.6352539 0.4609375 0.6220703 0.4624024 0.6342774 0.440918 0.6352539 0.4609375 0.6230469 0.4462891 0.6464844 0.4604492 0.6342774 0.440918 0.644043 0.4345703 0.6230469 0.4462891 0.6220703 0.4624024 0.6118164 0.4501953 0.6118164 0.4501953 0.6220703 0.4624024 0.6088867 0.4628906 0.644043 0.4345703 0.6342774 0.440918 0.6298828 0.4355469 0.6298828 0.4355469 0.6342774 0.440918 0.6230469 0.4462891 0.6298828 0.4355469 0.6230469 0.4462891 0.6176758 0.4345703 0.6176758 0.4345703 0.6230469 0.4462891 0.6118164 0.4501953 0.605957 0.4765625 0.5981445 0.4599609 0.6088867 0.4628906 0.59375 0.4760742 0.5981445 0.4599609 0.605957 0.4765625 0.6044922 0.496582 0.59375 0.4760742 0.605957 0.4765625 0.6118164 0.4501953 0.6088867 0.4628906 0.6010742 0.4516602 0.6010742 0.4516602 0.6088867 0.4628906 0.5981445 0.4599609 0.6010742 0.4516602 0.6079102 0.4326172 0.6118164 0.4501953 0.6118164 0.4501953 0.6079102 0.4326172 0.6176758 0.4345703 0.6176758 0.4345703 0.6079102 0.4326172 0.6191406 0.4199219 0.6176758 0.4345703 0.6191406 0.4199219 0.6298828 0.4355469 0.6298828 0.4355469 0.6191406 0.4199219 0.6333008 0.4145508 0.6298828 0.4355469 0.6333008 0.4145508 0.644043 0.4345703 0.5844727 0.472168 0.5981445 0.4599609 0.59375 0.4760742 0.5883789 0.456543 0.5981445 0.4599609 0.5844727 0.472168 0.5883789 0.456543 0.6010742 0.4516602 0.5981445 0.4599609 0.6010742 0.4516602 0.6020508 0.4316406 0.6079102 0.4326172 0.5927734 0.4462891 0.6020508 0.4316406 0.6010742 0.4516602 0.5927734 0.4462891 0.6010742 0.4516602 0.5883789 0.456543 0.6020508 0.4316406 0.6088867 0.4189453 0.6079102 0.4326172 0.6191406 0.4199219 0.6079102 0.4326172 0.6088867 0.4189453 0.6191406 0.4199219 0.6088867 0.4189453 0.6166992 0.4047852 0.6191406 0.4199219 0.6166992 0.4047852 0.6333008 0.4145508 0.5795899 0.4521484 0.5927734 0.4462891 0.5883789 0.456543 0.5751953 0.465332 0.5883789 0.456543 0.5844727 0.472168 0.5795899 0.4521484 0.5883789 0.456543 0.5751953 0.465332 0.5844727 0.472168 0.59375 0.4760742 0.5810547 0.4926758 0.5703125 0.4863281 0.5844727 0.472168 0.5810547 0.4926758 0.5751953 0.465332 0.5844727 0.472168 0.5703125 0.4863281 0.5927734 0.4462891 0.5957031 0.4291992 0.6020508 0.4316406 0.5849609 0.4418945 0.5957031 0.4291992 0.5927734 0.4462891 0.5849609 0.4418945 0.5927734 0.4462891 0.5795899 0.4521484 0.6049805 0.418457 0.6088867 0.4189453 0.6020508 0.4316406 0.6020508 0.4316406 0.6010742 0.418457 0.6049805 0.418457 0.5957031 0.4291992 0.6010742 0.418457 0.6020508 0.4316406 0.6088867 0.4189453 0.6049805 0.418457 0.6069336 0.4052734 0.6166992 0.4047852 0.6088867 0.4189453 0.6069336 0.4052734 0.5751953 0.465332 0.5664063 0.4589844 0.5795899 0.4521484 0.5795899 0.4521484 0.5712891 0.4467774 0.5849609 0.4418945 0.5795899 0.4521484 0.5664063 0.4589844 0.5712891 0.4467774 0.5703125 0.4863281 0.5615234 0.4794922 0.5751953 0.465332 0.5751953 0.465332 0.5615234 0.4794922 0.5664063 0.4589844 0.5615234 0.4794922 0.5703125 0.4863281 0.5576172 0.4858399 0.5703125 0.4863281 0.5810547 0.4926758 0.5654297 0.4951172 0.5576172 0.4858399 0.5703125 0.4863281 0.5654297 0.4951172 0.5957031 0.4291992 0.59375 0.4243164 0.6010742 0.418457 0.5849609 0.4418945 0.5800781 0.4257813 0.5957031 0.4291992 0.5957031 0.4291992 0.5800781 0.4257813 0.59375 0.4243164 0.5849609 0.4418945 0.5712891 0.4467774 0.5756836 0.4375 0.5756836 0.4375 0.5800781 0.4257813 0.5849609 0.4418945 0.6069336 0.4052734 0.6049805 0.418457 0.6035156 0.4067383 0.6000977 0.4077149 0.6049805 0.418457 0.6010742 0.418457 0.6035156 0.4067383 0.6049805 0.418457 0.6000977 0.4077149 0.6010742 0.418457 0.59375 0.4243164 0.597168 0.4160156 0.6010742 0.418457 0.597168 0.4160156 0.6000977 0.4077149 0.5981445 0.3959961 0.6069336 0.4052734 0.6035156 0.4067383 0.5615234 0.4794922 0.5522461 0.4702149 0.5664063 0.4589844 0.5664063 0.4589844 0.5581055 0.4526367 0.5712891 0.4467774 0.5664063 0.4589844 0.5522461 0.4702149 0.5581055 0.4526367 0.5712891 0.4467774 0.5581055 0.4526367 0.5629883 0.440918 0.5712891 0.4467774 0.5629883 0.440918 0.5756836 0.4375 0.5522461 0.4702149 0.5615234 0.4794922 0.5488281 0.4755859 0.5488281 0.4755859 0.5615234 0.4794922 0.5576172 0.4858399 0.5654297 0.4951172 0.5463867 0.4912109 0.5576172 0.4858399 0.5576172 0.4858399 0.5463867 0.4912109 0.5488281 0.4755859 0.5756836 0.4375 0.5629883 0.440918 0.5673828 0.4331055 0.5756836 0.4375 0.5673828 0.4331055 0.5800781 0.4257813 0.5981445 0.3959961 0.6035156 0.4067383 0.5952149 0.3984375 0.5952149 0.3984375 0.6035156 0.4067383 0.6000977 0.4077149 0.6000977 0.4077149 0.5966797 0.4077149 0.5952149 0.3984375 0.6000977 0.4077149 0.597168 0.4160156 0.5966797 0.4077149 0.5854492 0.3886719 0.5981445 0.3959961 0.5952149 0.3984375 0.543457 0.4609375 0.5581055 0.4526367 0.5522461 0.4702149 0.5415039 0.4677734 0.5522461 0.4702149 0.5488281 0.4755859 0.543457 0.4609375 0.5522461 0.4702149 0.5415039 0.4677734 0.5581055 0.4526367 0.5493164 0.4462891 0.5629883 0.440918 0.5493164 0.4462891 0.5581055 0.4526367 0.543457 0.4609375 0.5629883 0.440918 0.5541992 0.4345703 0.5673828 0.4331055 0.5629883 0.440918 0.5493164 0.4462891 0.5541992 0.4345703 0.5488281 0.4755859 0.5463867 0.4912109 0.5415039 0.4765625 0.5488281 0.4755859 0.5415039 0.4765625 0.5415039 0.4677734 0.5366211 0.4643555 0.543457 0.4609375 0.5415039 0.4677734 0.5415039 0.4677734 0.5415039 0.4765625 0.5366211 0.4643555 0.5380859 0.4550781 0.5493164 0.4462891 0.543457 0.4609375 0.5380859 0.4550781 0.543457 0.4609375 0.5366211 0.4643555 0.5952149 0.3984375 0.5966797 0.4077149 0.5927734 0.3999024 0.5839844 0.3925781 0.5952149 0.3984375 0.5927734 0.3999024 0.5854492 0.3886719 0.5952149 0.3984375 0.5839844 0.3925781 0.5493164 0.4462891 0.5419922 0.4414063 0.5541992 0.4345703 0.5419922 0.4414063 0.5493164 0.4462891 0.5380859 0.4550781 0.5839844 0.3925781 0.5761719 0.3896484 0.5854492 0.3886719 0.5854492 0.3886719 0.5761719 0.3896484 0.5751953 0.3852539 0.5336914 0.4760742 0.5366211 0.4643555 0.5415039 0.4765625 0.5307617 0.4609375 0.5366211 0.4643555 0.5336914 0.4760742 0.5366211 0.4643555 0.5307617 0.4609375 0.5380859 0.4550781 0.5380859 0.4550781 0.5322266 0.4511719 0.5419922 0.4414063 0.5380859 0.4550781 0.5307617 0.4609375 0.5322266 0.4511719 0.5839844 0.3925781 0.5927734 0.3999024 0.5830078 0.3959961 0.5766602 0.3935547 0.5839844 0.3925781 0.5830078 0.3959961 0.5761719 0.3896484 0.5839844 0.3925781 0.5766602 0.3935547 0.5541992 0.4345703 0.5419922 0.4414063 0.5458984 0.4291992 0.5419922 0.4414063 0.5322266 0.4511719 0.5341797 0.4375 0.5419922 0.4414063 0.5341797 0.4375 0.5458984 0.4291992 0.5761719 0.3896484 0.5698242 0.3896484 0.5751953 0.3852539 0.5761719 0.3896484 0.5712891 0.3930664 0.5698242 0.3896484 0.5766602 0.3935547 0.5712891 0.3930664 0.5761719 0.3896484 0.5253906 0.4599609 0.5322266 0.4511719 0.5307617 0.4609375 0.5307617 0.4609375 0.5258789 0.4750977 0.5253906 0.4599609 0.5336914 0.4760742 0.5258789 0.4750977 0.5307617 0.4609375 0.5322266 0.4511719 0.5258789 0.4492188 0.5341797 0.4375 0.5258789 0.4492188 0.5322266 0.4511719 0.5253906 0.4599609 0.5830078 0.3959961 0.5756836 0.3964844 0.5766602 0.3935547 0.5766602 0.3935547 0.5717774 0.3959961 0.5712891 0.3930664 0.5756836 0.3964844 0.5717774 0.3959961 0.5766602 0.3935547 0.5712891 0.3930664 0.5717774 0.3959961 0.565918 0.3950195 0.565918 0.3950195 0.5698242 0.3896484 0.5712891 0.3930664 0.5258789 0.4750977 0.5195313 0.4599609 0.5253906 0.4599609 0.5253906 0.4599609 0.5195313 0.4599609 0.5258789 0.4492188 0.5458984 0.4291992 0.5341797 0.4375 0.5356445 0.4243164 0.5258789 0.4350586 0.5356445 0.4243164 0.5341797 0.4375 0.5341797 0.4375 0.5258789 0.4492188 0.5258789 0.4350586 0.519043 0.4492188 0.5258789 0.4350586 0.5258789 0.4492188 0.5258789 0.4492188 0.5195313 0.4599609 0.519043 0.4492188 0.5170899 0.4345703 0.5258789 0.4350586 0.519043 0.4492188 0.5258789 0.4350586 0.5170899 0.4345703 0.5253906 0.4223633 0.5253906 0.4223633 0.5356445 0.4243164 0.5258789 0.4350586 0.565918 0.3950195 0.5717774 0.3959961 0.5668945 0.3969727 0.5717774 0.3959961 0.5712891 0.3984375 0.5668945 0.3969727 0.5717774 0.3959961 0.574707 0.3994141 0.5712891 0.3984375 0.5756836 0.3964844 0.574707 0.3994141 0.5717774 0.3959961 0.519043 0.4492188 0.5092774 0.4365234 0.5170899 0.4345703 0.512207 0.4516602 0.5092774 0.4365234 0.519043 0.4492188 0.5195313 0.4599609 0.512207 0.4516602 0.519043 0.4492188 0.5253906 0.4223633 0.5170899 0.4345703 0.5166016 0.4223633 0.5170899 0.4345703 0.5073242 0.4248047 0.5166016 0.4223633 0.5092774 0.4365234 0.5073242 0.4248047 0.5170899 0.4345703 0.5356445 0.4243164 0.5253906 0.4223633 0.5375977 0.4174805 0.5356445 0.4243164 0.5375977 0.4174805 0.5458984 0.4291992 0.5166016 0.4223633 0.5161133 0.4160156 0.5253906 0.4223633 0.5375977 0.4174805 0.5253906 0.4223633 0.5258789 0.4160156 0.5253906 0.4223633 0.5161133 0.4160156 0.5258789 0.4160156 0.5073242 0.4248047 0.5053711 0.418457 0.5166016 0.4223633 0.5166016 0.4223633 0.5053711 0.418457 0.5161133 0.4160156 0.5668945 0.3969727 0.5712891 0.3984375 0.5673828 0.3984375 0.5092774 0.4365234 0.4973145 0.4301758 0.5073242 0.4248047 0.5004883 0.4418945 0.4973145 0.4301758 0.5092774 0.4365234 0.512207 0.4516602 0.5004883 0.4418945 0.5092774 0.4365234 0.4973145 0.4301758 0.4953613 0.4233399 0.5073242 0.4248047 0.5073242 0.4248047 0.4953613 0.4233399 0.5053711 0.418457 0.5161133 0.4160156 0.5053711 0.418457 0.5151367 0.40625 0.5151367 0.40625 0.5258789 0.4160156 0.5161133 0.4160156 0.5283203 0.4057617 0.5258789 0.4160156 0.5151367 0.40625 0.5283203 0.4057617 0.5375977 0.4174805 0.5258789 0.4160156 0.5151367 0.40625 0.5053711 0.418457 0.4997559 0.4067383 0.4960938 0.4057617 0.5053711 0.418457 0.4953613 0.4233399 0.4997559 0.4067383 0.5053711 0.418457 0.4960938 0.4057617 0.5151367 0.40625 0.5136719 0.4003906 0.5283203 0.4057617 0.4997559 0.4067383 0.5136719 0.4003906 0.5151367 0.40625 0.4973145 0.4301758 0.5004883 0.4418945 0.487793 0.4365234 0.4851074 0.4291992 0.4973145 0.4301758 0.487793 0.4365234 0.4953613 0.4233399 0.4973145 0.4301758 0.4851074 0.4291992 0.4953613 0.4233399 0.4851074 0.4291992 0.4873047 0.4130859 0.4953613 0.4233399 0.4873047 0.4130859 0.4960938 0.4057617 0.498291 0.4008789 0.5136719 0.4003906 0.4997559 0.4067383 0.4997559 0.4067383 0.4960938 0.4057617 0.498291 0.4008789 0.4960938 0.4057617 0.4873047 0.4130859 0.4919434 0.4047852 0.498291 0.4008789 0.4960938 0.4057617 0.4951172 0.4003906 0.4960938 0.4057617 0.4919434 0.4047852 0.4951172 0.4003906 0.5283203 0.4057617 0.5136719 0.4003906 0.5302734 0.3999024 0.512207 0.3911133 0.5302734 0.3999024 0.5136719 0.4003906 0.498291 0.4008789 0.512207 0.3911133 0.5136719 0.4003906 0.4914551 0.3891602 0.512207 0.3911133 0.498291 0.4008789 0.4951172 0.4003906 0.4914551 0.3891602 0.498291 0.4008789 0.4873047 0.4130859 0.4851074 0.4291992 0.4797363 0.4174805 0.4873047 0.4130859 0.4853516 0.4101563 0.4919434 0.4047852 0.4797363 0.4174805 0.4853516 0.4101563 0.4873047 0.4130859 0.4851074 0.4291992 0.487793 0.4365234 0.4765625 0.434082 0.4851074 0.4291992 0.4714356 0.421875 0.4797363 0.4174805 0.4765625 0.434082 0.4714356 0.421875 0.4851074 0.4291992 0.4951172 0.4003906 0.4919434 0.4047852 0.4921875 0.4003906 0.4921875 0.4003906 0.4897461 0.390625 0.4951172 0.4003906 0.4897461 0.390625 0.4914551 0.3891602 0.4951172 0.4003906 0.4919434 0.4047852 0.4885254 0.4003906 0.4921875 0.4003906 0.4882813 0.4042969 0.4885254 0.4003906 0.4919434 0.4047852 0.4919434 0.4047852 0.4853516 0.4101563 0.4882813 0.4042969 0.4880371 0.3920899 0.4897461 0.390625 0.4921875 0.4003906 0.4921875 0.4003906 0.4885254 0.4003906 0.4880371 0.3920899 0.4780274 0.4140625 0.4853516 0.4101563 0.4797363 0.4174805 0.4699707 0.4179688 0.4797363 0.4174805 0.4714356 0.421875 0.4780274 0.4140625 0.4797363 0.4174805 0.4699707 0.4179688 0.4853516 0.4101563 0.4780274 0.4140625 0.4831543 0.4077149 0.4831543 0.4077149 0.4882813 0.4042969 0.4853516 0.4101563 0.4714356 0.421875 0.4765625 0.434082 0.4621582 0.4248047 0.4714356 0.421875 0.4614258 0.4208984 0.4699707 0.4179688 0.4621582 0.4248047 0.4614258 0.4208984 0.4714356 0.421875 0.4880371 0.3920899 0.4885254 0.4003906 0.4853516 0.394043 0.4885254 0.4003906 0.4855957 0.4008789 0.4853516 0.394043 0.4885254 0.4003906 0.4882813 0.4042969 0.4855957 0.4008789 0.4855957 0.4008789 0.4882813 0.4042969 0.4853516 0.4033203 0.4853516 0.4033203 0.4882813 0.4042969 0.4831543 0.4077149 0.4829102 0.3881836 0.4897461 0.390625 0.4880371 0.3920899 0.4853516 0.394043 0.4829102 0.3881836 0.4880371 0.3920899 0.4831543 0.4077149 0.4780274 0.4140625 0.4763184 0.4106445 0.4780274 0.4140625 0.4682617 0.4145508 0.4763184 0.4106445 0.4699707 0.4179688 0.4682617 0.4145508 0.4780274 0.4140625 0.4614258 0.4208984 0.4606934 0.4179688 0.4699707 0.4179688 0.4699707 0.4179688 0.4606934 0.4179688 0.4682617 0.4145508 0.4831543 0.4077149 0.4763184 0.4106445 0.4816895 0.4052734 0.4831543 0.4077149 0.4816895 0.4052734 0.4853516 0.4033203 0.4833984 0.402832 0.4855957 0.4008789 0.4853516 0.4033203 0.4853516 0.4033203 0.4816895 0.4052734 0.4833984 0.402832 0.4606934 0.4179688 0.4614258 0.4208984 0.454834 0.418457 0.4614258 0.4208984 0.4621582 0.4248047 0.4523926 0.421875 0.454834 0.418457 0.4614258 0.4208984 0.4523926 0.421875 0.4816895 0.4052734 0.4763184 0.4106445 0.4750977 0.4077149 0.7099609 0.9318237 0.6899414 0.9508362 0.6879883 0.9325562 0.6660156 0.9548645 0.6640625 0.9338989 0.6899414 0.9508362 0.6660156 0.9548645 0.6411133 0.9351196 0.6640625 0.9338989 0.6411133 0.9133911 0.6411133 0.9351196 0.6191406 0.9127197 0.730957 0.9194946 0.7460938 0.9085693 0.7470703 0.9193115 0.7626953 0.9093628 0.7470703 0.9193115 0.7460938 0.9085693 0.6430664 0.9580383 0.6411133 0.9351196 0.6660156 0.9548645 0.6411133 0.9351196 0.6430664 0.9580383 0.6191406 0.9365234 0.6191406 0.9127197 0.6411133 0.9351196 0.6191406 0.9365234 0.7470703 0.9193115 0.7314453 0.9313355 0.730957 0.9194946 0.7099609 0.9318237 0.730957 0.9194946 0.7314453 0.9313355 0.7314453 0.9313355 0.7128906 0.9456787 0.7099609 0.9318237 0.7128906 0.9456787 0.6899414 0.9508362 0.7099609 0.9318237 0.6191406 0.9365234 0.5966797 0.9132691 0.6191406 0.9127197 0.7504883 0.9287109 0.7314453 0.9313355 0.7470703 0.9193115 0.7470703 0.9193115 0.7626953 0.918457 0.7504883 0.9287109 0.7626953 0.918457 0.7470703 0.9193115 0.7626953 0.9093628 0.7373047 0.9395142 0.7128906 0.9456787 0.7314453 0.9313355 0.7314453 0.9313355 0.7504883 0.9287109 0.7373047 0.9395142 0.6191406 0.9365234 0.6430664 0.9580383 0.6191406 0.9606934 0.6191406 0.9365234 0.6191406 0.9606934 0.597168 0.9382019 0.597168 0.9382019 0.5966797 0.9132691 0.6191406 0.9365234 0.7373047 0.9395142 0.7504883 0.9287109 0.7543945 0.9347534 0.7651367 0.9262085 0.7543945 0.9347534 0.7504883 0.9287109 0.7504883 0.9287109 0.7626953 0.918457 0.7651367 0.9262085 0.597168 0.9382019 0.6191406 0.9606934 0.5966797 0.96344 0.597168 0.9382019 0.5966797 0.96344 0.574707 0.9382019 0.597168 0.9382019 0.574707 0.9382019 0.5966797 0.9132691 0.5966797 0.9132691 0.574707 0.9382019 0.5644531 0.9130249 0.7661133 0.9294434 0.7543945 0.9347534 0.7651367 0.9262085 0.7661133 0.9294434 0.7651367 0.9262085 0.7797852 0.9248047 0.7626953 0.918457 0.7788086 0.9202881 0.7651367 0.9262085 0.7797852 0.9248047 0.7651367 0.9262085 0.7788086 0.9202881 0.7783203 0.9144287 0.7788086 0.9202881 0.7626953 0.918457 0.7626953 0.918457 0.7626953 0.9093628 0.7783203 0.9144287 0.574707 0.9382019 0.5966797 0.96344 0.5629883 0.9674378 0.5644531 0.9130249 0.574707 0.9382019 0.5571289 0.9285889 0.5576172 0.9541321 0.574707 0.9382019 0.5629883 0.9674378 0.5610352 0.9415588 0.574707 0.9382019 0.5576172 0.9541321 0.5571289 0.9285889 0.574707 0.9382019 0.5610352 0.9415588 0.5439453 0.9269409 0.5644531 0.9130249 0.5571289 0.9285889 0.5571289 0.9285889 0.5610352 0.9415588 0.5493164 0.9363403 0.5493164 0.9363403 0.5439453 0.9269409 0.5571289 0.9285889 0.5493164 0.9363403 0.5610352 0.9415588 0.5512695 0.9429932 0.5610352 0.9415588 0.5576172 0.9541321 0.5512695 0.9429932 0.7783203 0.9144287 0.7626953 0.9093628 0.7797852 0.9085693 0.7661133 0.8999024 0.7797852 0.9085693 0.7626953 0.9093628 0.5410156 0.9365234 0.5439453 0.9269409 0.5493164 0.9363403 0.5512695 0.9429932 0.5410156 0.9365234 0.5493164 0.9363403 0.5629883 0.9674378 0.543457 0.9595337 0.5576172 0.9541321 0.5512695 0.9429932 0.5576172 0.9541321 0.5488281 0.9493408 0.543457 0.9595337 0.5488281 0.9493408 0.5576172 0.9541321 0.5395508 0.9692535 0.543457 0.9595337 0.5629883 0.9674378 0.5488281 0.9493408 0.5405274 0.9446411 0.5512695 0.9429932 0.5405274 0.9446411 0.5410156 0.9365234 0.5512695 0.9429932 0.5410156 0.9365234 0.5297852 0.9310303 0.5439453 0.9269409 0.5351563 0.9382019 0.5297852 0.9310303 0.5410156 0.9365234 0.5405274 0.9446411 0.5351563 0.9382019 0.5410156 0.9365234 0.5424805 0.9519959 0.5488281 0.9493408 0.543457 0.9595337 0.5424805 0.9519959 0.5405274 0.9446411 0.5488281 0.9493408 0.7807617 0.9016113 0.7797852 0.9085693 0.7661133 0.8999024 0.7661133 0.8999024 0.7700195 0.8895264 0.7807617 0.9016113 0.5424805 0.9519959 0.543457 0.9595337 0.5341797 0.9506531 0.543457 0.9595337 0.5395508 0.9692535 0.5292969 0.9560852 0.5341797 0.9506531 0.543457 0.9595337 0.5292969 0.9560852 0.5341797 0.9506531 0.5405274 0.9446411 0.5424805 0.9519959 0.5317383 0.9445191 0.5351563 0.9382019 0.5405274 0.9446411 0.5317383 0.9445191 0.5405274 0.9446411 0.5341797 0.9506531 0.5341797 0.9506531 0.5292969 0.9560852 0.5317383 0.9445191 0.5317383 0.9445191 0.5234375 0.9442749 0.5351563 0.9382019 0.5351563 0.9382019 0.5234375 0.9442749 0.5297852 0.9310303 0.5317383 0.9445191 0.5292969 0.9560852 0.5234375 0.9442749 0.5292969 0.9560852 0.5395508 0.9692535 0.5166016 0.9698029 0.5234375 0.9442749 0.5092774 0.9474182 0.5297852 0.9310303 0.5166016 0.9698029 0.5092774 0.9474182 0.5292969 0.9560852 0.5292969 0.9560852 0.5092774 0.9474182 0.5234375 0.9442749 0.7807617 0.9016113 0.7700195 0.8895264 0.784668 0.8939209 0.7724609 0.8829346 0.784668 0.8939209 0.7700195 0.8895264 0.7724609 0.8829346 0.7700195 0.8895264 0.7583008 0.875 0.7875977 0.888855 0.784668 0.8939209 0.7724609 0.8829346 0.8417969 0.959137 0.859375 0.971405 0.8432617 0.9755707 0.8681641 0.9310913 0.859375 0.971405 0.8417969 0.959137 0.8417969 0.959137 0.8330078 0.9438171 0.8681641 0.9310913 0.859375 0.971405 0.8681641 0.9310913 0.8701172 0.9725647 0.8701172 0.9725647 0.8681641 0.9310913 0.8828125 0.9343262 0.8701172 0.9725647 0.8828125 0.9343262 0.8857422 0.9774628 0.8857422 0.9774628 0.8828125 0.9343262 0.8994141 0.9353638 0.8681641 0.9310913 0.8852539 0.9130859 0.8828125 0.9343262 0.8828125 0.9343262 0.8852539 0.9130859 0.8994141 0.9353638 0.8720703 0.9107666 0.8852539 0.9130859 0.8681641 0.9310913 0.8569336 0.9243164 0.8720703 0.9107666 0.8681641 0.9310913 0.8681641 0.9310913 0.8330078 0.9438171 0.8569336 0.9243164 0.8330078 0.9438171 0.8496094 0.9155274 0.8569336 0.9243164 0.8232422 0.9327393 0.8496094 0.9155274 0.8330078 0.9438171 0.859375 0.9076538 0.8720703 0.9107666 0.8569336 0.9243164 0.8496094 0.9155274 0.859375 0.9076538 0.8569336 0.9243164 0.859375 0.9076538 0.8618164 0.8919067 0.8720703 0.9107666 0.8720703 0.9107666 0.8759766 0.8912354 0.8852539 0.9130859 0.8720703 0.9107666 0.8618164 0.8919067 0.8759766 0.8912354 0.8994141 0.9353638 0.8852539 0.9130859 0.9023438 0.9142456 0.8852539 0.9130859 0.8896484 0.8919678 0.9023438 0.9142456 0.8852539 0.9130859 0.8759766 0.8912354 0.8896484 0.8919678 0.8994141 0.9353638 0.90625 0.9747925 0.8857422 0.9774628 0.9023438 0.9142456 0.9125977 0.9329224 0.8994141 0.9353638 0.8994141 0.9353638 0.9125977 0.9329224 0.90625 0.9747925 0.8476563 0.9065552 0.859375 0.9076538 0.8496094 0.9155274 0.8496094 0.9155274 0.8173828 0.9231567 0.8476563 0.9065552 0.8232422 0.9327393 0.8173828 0.9231567 0.8496094 0.9155274 0.8618164 0.8919067 0.859375 0.9076538 0.8442383 0.8936768 0.8442383 0.8936768 0.859375 0.9076538 0.8476563 0.9065552 0.8442383 0.8936768 0.8510742 0.8748779 0.8618164 0.8919067 0.8618164 0.8919067 0.8666992 0.8718262 0.8759766 0.8912354 0.8618164 0.8919067 0.8510742 0.8748779 0.8666992 0.8718262 0.8759766 0.8912354 0.8666992 0.8718262 0.8793945 0.8703613 0.8759766 0.8912354 0.8793945 0.8703613 0.8896484 0.8919678 0.8173828 0.9231567 0.8100586 0.9078369 0.8476563 0.9065552 0.8476563 0.9065552 0.8100586 0.9078369 0.8442383 0.8936768 0.9169922 0.9142456 0.9125977 0.9329224 0.9023438 0.9142456 0.9052734 0.8934937 0.9169922 0.9142456 0.9023438 0.9142456 0.9023438 0.9142456 0.8896484 0.8919678 0.9052734 0.8934937 0.8896484 0.8919678 0.9067383 0.8719483 0.9052734 0.8934937 0.8916016 0.8701172 0.9067383 0.8719483 0.8896484 0.8919678 0.8896484 0.8919678 0.8793945 0.8703613 0.8916016 0.8701172 0.8442383 0.8936768 0.8203125 0.8696289 0.8510742 0.8748779 0.8129883 0.8843384 0.8203125 0.8696289 0.8442383 0.8936768 0.8100586 0.9078369 0.8129883 0.8843384 0.8442383 0.8936768 0.8217774 0.8549805 0.8510742 0.8748779 0.8203125 0.8696289 0.8608399 0.8598633 0.8510742 0.8748779 0.8217774 0.8549805 0.8510742 0.8748779 0.8608399 0.8598633 0.8666992 0.8718262 0.8666992 0.8718262 0.8608399 0.8598633 0.8735352 0.8502197 0.8666992 0.8718262 0.8735352 0.8502197 0.8793945 0.8703613 0.8793945 0.8703613 0.8735352 0.8502197 0.8833008 0.8483887 0.8793945 0.8703613 0.8833008 0.8483887 0.8916016 0.8701172 0.7998047 0.8947754 0.8129883 0.8843384 0.8100586 0.9078369 0.921875 0.8754883 0.9052734 0.8934937 0.9067383 0.8719483 0.9204102 0.8954468 0.9052734 0.8934937 0.921875 0.8754883 0.9204102 0.8954468 0.9169922 0.9142456 0.9052734 0.8934937 0.9067383 0.8719483 0.8916016 0.8701172 0.9082031 0.8486328 0.9208984 0.8563233 0.9067383 0.8719483 0.9082031 0.8486328 0.921875 0.8754883 0.9067383 0.8719483 0.9208984 0.8563233 0.9082031 0.8486328 0.8916016 0.8701172 0.8945313 0.8459473 0.8916016 0.8701172 0.8833008 0.8483887 0.8945313 0.8459473 0.8735352 0.8502197 0.8774414 0.8155518 0.8833008 0.8483887 0.8833008 0.8483887 0.8774414 0.8155518 0.8945313 0.8459473 0.8657227 0.8173828 0.8774414 0.8155518 0.8735352 0.8502197 0.8608399 0.8598633 0.8530274 0.8220215 0.8735352 0.8502197 0.8530274 0.8220215 0.8657227 0.8173828 0.8735352 0.8502197 0.8427734 0.8266602 0.8530274 0.8220215 0.8608399 0.8598633 0.8608399 0.8598633 0.8217774 0.8549805 0.8271484 0.8358154 0.8608399 0.8598633 0.8271484 0.8358154 0.8427734 0.8266602 0.9331055 0.8642578 0.921875 0.8754883 0.9208984 0.8563233 0.9365234 0.8778687 0.921875 0.8754883 0.9331055 0.8642578 0.9365234 0.8778687 0.9204102 0.8954468 0.921875 0.8754883 0.9467774 0.8312988 0.9331055 0.8642578 0.9208984 0.8563233 0.9082031 0.8486328 0.9296875 0.826416 0.9208984 0.8563233 0.9208984 0.8563233 0.9296875 0.826416 0.9467774 0.8312988 0.921875 0.8144531 0.9296875 0.826416 0.9082031 0.8486328 0.9082031 0.8486328 0.8945313 0.8459473 0.909668 0.8111572 0.909668 0.8111572 0.921875 0.8144531 0.9082031 0.8486328 0.909668 0.8111572 0.8945313 0.8459473 0.8984375 0.8100586 0.8945313 0.8459473 0.8774414 0.8155518 0.8842774 0.8120117 0.8842774 0.8120117 0.8984375 0.8100586 0.8945313 0.8459473 0.8554688 0.8114014 0.8657227 0.8173828 0.8530274 0.8220215 0.8427734 0.8266602 0.8271484 0.8358154 0.8300781 0.8226318 0.9628906 0.8577881 0.9365234 0.8778687 0.9331055 0.8642578 0.9555664 0.8431397 0.9331055 0.8642578 0.9467774 0.8312988 0.9555664 0.8431397 0.9628906 0.8577881 0.9331055 0.8642578 0.9467774 0.8312988 0.9296875 0.826416 0.9433594 0.8193359 0.9306641 0.810791 0.9296875 0.826416 0.921875 0.8144531 0.9179688 0.8043213 0.921875 0.8144531 0.909668 0.8111572 0.8911133 0.8015137 0.8984375 0.8100586 0.8842774 0.8120117 0.9648438 0.8465576 0.9628906 0.8577881 0.9555664 0.8431397 0.9711914 0.866333 0.9365234 0.8778687 0.9628906 0.8577881 0.9365234 0.8778687 0.9711914 0.866333 0.9794922 0.8839722 0.9794922 0.8839722 0.9711914 0.866333 0.9863281 0.8739014 0.9794922 0.8839722 0.9365234 0.8970947 0.9365234 0.8778687 0.9365234 0.8970947 0.9204102 0.8954468 0.9365234 0.8778687 0.9819336 0.90094 0.9365234 0.8970947 0.9794922 0.8839722 0.9819336 0.90094 0.9760742 0.9213257 0.9365234 0.8970947 0.9365234 0.8970947 0.9760742 0.9213257 0.9306641 0.9162598 0.9306641 0.9162598 0.9204102 0.8954468 0.9365234 0.8970947 0.9169922 0.9142456 0.9204102 0.8954468 0.9306641 0.9162598 0.9907227 0.916626 0.9760742 0.9213257 0.9819336 0.90094 0.9306641 0.9162598 0.9760742 0.9213257 0.9672852 0.9337158 0.9233399 0.9277954 0.9169922 0.9142456 0.9306641 0.9162598 0.9584961 0.9504395 0.9233399 0.9277954 0.9306641 0.9162598 0.9672852 0.9337158 0.9584961 0.9504395 0.9306641 0.9162598 0.9125977 0.9329224 0.9169922 0.9142456 0.9233399 0.9277954 0.9707031 0.9490357 0.9584961 0.9504395 0.9672852 0.9337158 0.9233399 0.9277954 0.9394531 0.9675598 0.9125977 0.9329224 0.9472656 0.9617004 0.9394531 0.9675598 0.9233399 0.9277954 0.9472656 0.9617004 0.9233399 0.9277954 0.9584961 0.9504395 0.9125977 0.9329224 0.9394531 0.9675598 0.921875 0.9730225 0.90625 0.9747925 0.9125977 0.9329224 0.921875 0.9730225 0.921875 0.9730225 0.9394531 0.9675598 0.9335938 0.9815216 0.8857422 0.9774628 0.90625 0.9747925 0.8950195 0.9894638 0.8271484 0.8358154 0.8217774 0.8549805 0.8149414 0.842041 0.7685547 0.640625 0.7587891 0.637207 0.7631836 0.6342774 0.7651367 0.6435547 0.7587891 0.637207 0.7685547 0.640625 0.7685547 0.640625 0.7734375 0.6477051 0.7651367 0.6435547 0.7529297 0.6538086 0.7587891 0.637207 0.7651367 0.6435547 0.7651367 0.6435547 0.7700195 0.6508789 0.7529297 0.6538086 0.7651367 0.6435547 0.7734375 0.6477051 0.7700195 0.6508789 0.7460938 0.6472168 0.7587891 0.637207 0.7529297 0.6538086 0.7734375 0.6477051 0.7788086 0.6569824 0.7700195 0.6508789 0.7529297 0.6538086 0.7700195 0.6508789 0.7592774 0.6623535 0.7592774 0.6623535 0.7392578 0.6674805 0.7529297 0.6538086 0.7529297 0.6538086 0.7392578 0.6674805 0.7460938 0.6472168 0.7700195 0.6508789 0.7753906 0.6601563 0.7592774 0.6623535 0.7700195 0.6508789 0.7788086 0.6569824 0.7753906 0.6601563 0.7460938 0.6472168 0.7392578 0.6674805 0.7324219 0.6599121 0.7788086 0.6569824 0.7856445 0.6696777 0.7753906 0.6601563 0.7460938 0.6765137 0.7392578 0.6674805 0.7592774 0.6623535 0.7592774 0.6623535 0.7666016 0.671875 0.7460938 0.6765137 0.7592774 0.6623535 0.7753906 0.6601563 0.7666016 0.671875 0.7753906 0.6601563 0.7822266 0.673584 0.7666016 0.671875 0.7753906 0.6601563 0.7856445 0.6696777 0.7822266 0.673584 0.7324219 0.6599121 0.7392578 0.6674805 0.7202149 0.6726074 0.7460938 0.6765137 0.7250977 0.6813965 0.7392578 0.6674805 0.7202149 0.6726074 0.7392578 0.6674805 0.7250977 0.6813965 0.7856445 0.6696777 0.7915039 0.6774902 0.7822266 0.673584 0.730957 0.6906738 0.7250977 0.6813965 0.7460938 0.6765137 0.7460938 0.6765137 0.753418 0.6860352 0.730957 0.6906738 0.7460938 0.6765137 0.7666016 0.671875 0.753418 0.6860352 0.7666016 0.671875 0.7822266 0.673584 0.7744141 0.6838379 0.7744141 0.6838379 0.753418 0.6860352 0.7666016 0.671875 0.7822266 0.673584 0.7871094 0.6821289 0.7744141 0.6838379 0.7822266 0.673584 0.7915039 0.6774902 0.7871094 0.6821289 0.7250977 0.6813965 0.7084961 0.6833496 0.7202149 0.6726074 0.7250977 0.6813965 0.730957 0.6906738 0.7133789 0.6921387 0.7133789 0.6921387 0.7084961 0.6833496 0.7250977 0.6813965 0.7978516 0.6855469 0.7871094 0.6821289 0.7915039 0.6774902 0.7133789 0.6921387 0.730957 0.6906738 0.7177734 0.7011719 0.730957 0.6906738 0.753418 0.6860352 0.7382813 0.701416 0.730957 0.6906738 0.7382813 0.701416 0.7177734 0.7011719 0.753418 0.6860352 0.762207 0.6972656 0.7382813 0.701416 0.762207 0.6972656 0.753418 0.6860352 0.7744141 0.6838379 0.7807617 0.6923828 0.762207 0.6972656 0.7744141 0.6838379 0.7744141 0.6838379 0.7871094 0.6821289 0.7807617 0.6923828 0.793457 0.6901856 0.7807617 0.6923828 0.7871094 0.6821289 0.793457 0.6901856 0.7871094 0.6821289 0.7978516 0.6855469 0.7133789 0.6921387 0.7021484 0.6972656 0.7084961 0.6833496 0.7133789 0.6921387 0.7177734 0.7011719 0.7021484 0.6972656 0.7084961 0.6833496 0.7021484 0.6972656 0.699707 0.6855469 0.7021484 0.6972656 0.7177734 0.7011719 0.7036133 0.7114258 0.7177734 0.7011719 0.7226563 0.7138672 0.7036133 0.7114258 0.7177734 0.7011719 0.7382813 0.701416 0.7226563 0.7138672 0.7382813 0.701416 0.762207 0.6972656 0.7460938 0.7121582 0.7382813 0.701416 0.7460938 0.7121582 0.7226563 0.7138672 0.7695313 0.7058106 0.7460938 0.7121582 0.762207 0.6972656 0.7695313 0.7058106 0.762207 0.6972656 0.7807617 0.6923828 0.7807617 0.6923828 0.7880859 0.7006836 0.7695313 0.7058106 0.7880859 0.7006836 0.7807617 0.6923828 0.793457 0.6901856 0.793457 0.6901856 0.7978516 0.6855469 0.8017578 0.6979981 0.8017578 0.6979981 0.7880859 0.7006836 0.793457 0.6901856 0.6992188 0.6960449 0.699707 0.6855469 0.7021484 0.6972656 0.4763184 0.4106445 0.4682617 0.4145508 0.4750977 0.4077149 0.4853516 0.394043 0.4855957 0.4008789 0.4829102 0.3955078 0.4829102 0.3955078 0.480957 0.3911133 0.4853516 0.394043 0.480957 0.3911133 0.4829102 0.3881836 0.4853516 0.394043 0.4816895 0.4052734 0.4804688 0.4033203 0.4833984 0.402832 0.4816895 0.4052734 0.4750977 0.4077149 0.4804688 0.4033203 0.4750977 0.4077149 0.4682617 0.4145508 0.467041 0.4121094 0.4604492 0.4155274 0.4682617 0.4145508 0.4606934 0.4179688 0.467041 0.4121094 0.4682617 0.4145508 0.4604492 0.4155274 0.4604492 0.4155274 0.4606934 0.4179688 0.4562988 0.4165039 0.4562988 0.4165039 0.4606934 0.4179688 0.454834 0.418457 0.4750977 0.4077149 0.467041 0.4121094 0.4736328 0.4052734 0.4804688 0.4033203 0.4750977 0.4077149 0.4736328 0.4052734 0.454834 0.418457 0.4536133 0.4116211 0.4562988 0.4165039 0.454834 0.418457 0.4506836 0.4121094 0.4536133 0.4116211 0.4523926 0.421875 0.4506836 0.4121094 0.454834 0.418457 0.4833984 0.402832 0.4804688 0.4033203 0.4821777 0.4023438 0.4599609 0.4130859 0.467041 0.4121094 0.4604492 0.4155274 0.4658203 0.4091797 0.467041 0.4121094 0.4599609 0.4130859 0.4736328 0.4052734 0.467041 0.4121094 0.4658203 0.4091797 0.4599609 0.4130859 0.4604492 0.4155274 0.4570313 0.4150391 0.4570313 0.4150391 0.4604492 0.4155274 0.4562988 0.4165039 0.4562988 0.4165039 0.4536133 0.4116211 0.4567871 0.4121094 0.4562988 0.4165039 0.4567871 0.4121094 0.4570313 0.4150391 0.4536133 0.4116211 0.4587402 0.4082031 0.4567871 0.4121094 0.4555664 0.4057617 0.4587402 0.4082031 0.4536133 0.4116211 0.4555664 0.4057617 0.4536133 0.4116211 0.4526367 0.4038086 0.4526367 0.4038086 0.4536133 0.4116211 0.4506836 0.4121094 0.4567871 0.4121094 0.4587402 0.4082031 0.4589844 0.4125977 0.4570313 0.4150391 0.4567871 0.4121094 0.4589844 0.4125977 0.4555664 0.4057617 0.4526367 0.4038086 0.4577637 0.402832 0.4555664 0.4057617 0.4606934 0.4057617 0.4587402 0.4082031 0.4577637 0.402832 0.4606934 0.4057617 0.4555664 0.4057617 0.4606934 0.4057617 0.4631348 0.4082031 0.4587402 0.4082031 0.4589844 0.4125977 0.4587402 0.4082031 0.4609375 0.4101563 0.4587402 0.4082031 0.4631348 0.4082031 0.4609375 0.4101563 0.4577637 0.402832 0.4638672 0.4018555 0.4606934 0.4057617 0.4606934 0.4057617 0.4660645 0.4057617 0.4631348 0.4082031 0.4638672 0.4018555 0.4660645 0.4057617 0.4606934 0.4057617 0.4577637 0.402832 0.4526367 0.4038086 0.4553223 0.3999024 0.4614258 0.3979492 0.4638672 0.4018555 0.4577637 0.402832 0.4553223 0.3999024 0.4614258 0.3979492 0.4577637 0.402832 0.4526367 0.4038086 0.4492188 0.4023438 0.4553223 0.3999024 0.4526367 0.4038086 0.4506836 0.4121094 0.4492188 0.4023438 0.4638672 0.4018555 0.4614258 0.3979492 0.4675293 0.3994141 0.4694824 0.4033203 0.4638672 0.4018555 0.4675293 0.3994141 0.4660645 0.4057617 0.4638672 0.4018555 0.4694824 0.4033203 0.4594727 0.3950195 0.4614258 0.3979492 0.4553223 0.3999024 0.4528809 0.3964844 0.4594727 0.3950195 0.4553223 0.3999024 0.4553223 0.3999024 0.4492188 0.4023438 0.4528809 0.3964844 0.4594727 0.3950195 0.4655762 0.3950195 0.4614258 0.3979492 0.4675293 0.3994141 0.4614258 0.3979492 0.4655762 0.3950195 0.4675293 0.3994141 0.4743652 0.4008789 0.4694824 0.4033203 0.4726563 0.3935547 0.4675293 0.3994141 0.4655762 0.3950195 0.4733887 0.3974609 0.4675293 0.3994141 0.4726563 0.3935547 0.4733887 0.3974609 0.4743652 0.4008789 0.4675293 0.3994141 0.4655762 0.3950195 0.4645996 0.3916016 0.4726563 0.3935547 0.4645996 0.3916016 0.4655762 0.3950195 0.4594727 0.3950195 0.4572754 0.3916016 0.4594727 0.3950195 0.4528809 0.3964844 0.4572754 0.3916016 0.4645996 0.3916016 0.4594727 0.3950195 0.4492188 0.4023438 0.4482422 0.3930664 0.4528809 0.3964844 0.4528809 0.3964844 0.4543457 0.3881836 0.4572754 0.3916016 0.4482422 0.3930664 0.4543457 0.3881836 0.4528809 0.3964844 0.4743652 0.4008789 0.4733887 0.3974609 0.4780274 0.3994141 0.4733887 0.3974609 0.4726563 0.3935547 0.4782715 0.3969727 0.4780274 0.3994141 0.4733887 0.3974609 0.4782715 0.3969727 0.4726563 0.3935547 0.4645996 0.3916016 0.4729004 0.3896484 0.4782715 0.3969727 0.4726563 0.3935547 0.4790039 0.394043 0.4726563 0.3935547 0.4729004 0.3896484 0.4790039 0.394043 0.4645996 0.3916016 0.4633789 0.3876953 0.4729004 0.3896484 0.4633789 0.3876953 0.4645996 0.3916016 0.4572754 0.3916016 0.4543457 0.3881836 0.4614258 0.3847656 0.4572754 0.3916016 0.4572754 0.3916016 0.4614258 0.3847656 0.4633789 0.3876953 0.4543457 0.3881836 0.4482422 0.3930664 0.4511719 0.3847656 0.4597168 0.3818359 0.4543457 0.3881836 0.4511719 0.3847656 0.4614258 0.3847656 0.4543457 0.3881836 0.4597168 0.3818359 0.4780274 0.3994141 0.4782715 0.3969727 0.4792481 0.3994141 0.4782715 0.3969727 0.4790039 0.394043 0.4807129 0.3974609 0.4792481 0.3994141 0.4782715 0.3969727 0.4807129 0.3974609 0.4790039 0.394043 0.4729004 0.3896484 0.480957 0.3911133 0.4729004 0.3896484 0.4731445 0.3857422 0.480957 0.3911133 0.4729004 0.3896484 0.4633789 0.3876953 0.4731445 0.3857422 0.4790039 0.394043 0.480957 0.3911133 0.4829102 0.3955078 0.4807129 0.3974609 0.4790039 0.394043 0.4829102 0.3955078 0.4731445 0.3857422 0.4633789 0.3876953 0.4729004 0.3833008 0.4729004 0.3833008 0.4633789 0.3876953 0.4614258 0.3847656 0.4729004 0.3833008 0.4614258 0.3847656 0.4724121 0.3808594 0.4724121 0.3808594 0.4614258 0.3847656 0.4597168 0.3818359 0.4597168 0.3818359 0.470459 0.3745117 0.4724121 0.3808594 0.4570313 0.3745117 0.470459 0.3745117 0.4597168 0.3818359 0.4511719 0.3847656 0.4570313 0.3745117 0.4597168 0.3818359 0.4807129 0.3974609 0.4816895 0.4018555 0.4792481 0.3994141 0.4829102 0.3955078 0.4855957 0.4008789 0.4807129 0.3974609 0.4831543 0.4013672 0.4816895 0.4018555 0.4807129 0.3974609 0.4807129 0.3974609 0.4855957 0.4008789 0.4831543 0.4013672 0.480957 0.3911133 0.4731445 0.3857422 0.4829102 0.3881836 0.4729004 0.3833008 0.4836426 0.3857422 0.4731445 0.3857422 0.4731445 0.3857422 0.4836426 0.3857422 0.4829102 0.3881836 0.4724121 0.3808594 0.4841309 0.3837891 0.4729004 0.3833008 0.4729004 0.3833008 0.4841309 0.3837891 0.4836426 0.3857422 0.470459 0.3745117 0.4836426 0.3769531 0.4724121 0.3808594 0.4724121 0.3808594 0.4836426 0.3769531 0.4841309 0.3837891 0.470459 0.3745117 0.4570313 0.3745117 0.4694824 0.3681641 0.4833984 0.3696289 0.470459 0.3745117 0.4694824 0.3681641 0.4836426 0.3769531 0.470459 0.3745117 0.4833984 0.3696289 0.4816895 0.4018555 0.4831543 0.4013672 0.4821777 0.4023438 0.4831543 0.4013672 0.4855957 0.4008789 0.4833984 0.402832 0.4821777 0.4023438 0.4831543 0.4013672 0.4833984 0.402832 0.4836426 0.3857422 0.4897461 0.390625 0.4829102 0.3881836 0.4841309 0.3837891 0.4914551 0.3891602 0.4836426 0.3857422 0.4836426 0.3857422 0.4914551 0.3891602 0.4897461 0.390625 0.4836426 0.3769531 0.4973145 0.3798828 0.4841309 0.3837891 0.4841309 0.3837891 0.4973145 0.3798828 0.4914551 0.3891602 0.4973145 0.3798828 0.4836426 0.3769531 0.4978027 0.3710938 0.4978027 0.3710938 0.4836426 0.3769531 0.4833984 0.3696289 0.470459 0.3608399 0.4833984 0.3696289 0.4694824 0.3681641 0.484375 0.3623047 0.4833984 0.3696289 0.470459 0.3608399 0.4833984 0.3696289 0.484375 0.3623047 0.4978027 0.3710938 0.4914551 0.3891602 0.4973145 0.3798828 0.512207 0.3911133 0.512207 0.3911133 0.4973145 0.3798828 0.512207 0.3813477 0.4973145 0.3798828 0.4978027 0.3710938 0.512207 0.3813477 0.512207 0.3813477 0.4978027 0.3710938 0.5126953 0.3720703 0.4987793 0.3642578 0.5126953 0.3720703 0.4978027 0.3710938 0.4978027 0.3710938 0.484375 0.3623047 0.4987793 0.3642578 0.484375 0.3623047 0.470459 0.3608399 0.4851074 0.355957 0.4851074 0.355957 0.4987793 0.3642578 0.484375 0.3623047 0.512207 0.3813477 0.5327149 0.3891602 0.512207 0.3911133 0.5322266 0.3803711 0.5327149 0.3891602 0.512207 0.3813477 0.5126953 0.3720703 0.5322266 0.3803711 0.512207 0.3813477 0.5327149 0.3891602 0.5302734 0.3999024 0.512207 0.3911133 0.5136719 0.3647461 0.5126953 0.3720703 0.4987793 0.3642578 0.5136719 0.3647461 0.5317383 0.3706055 0.5126953 0.3720703 0.5317383 0.3706055 0.5322266 0.3803711 0.5126953 0.3720703 0.4987793 0.3642578 0.4997559 0.3574219 0.5136719 0.3647461 0.4997559 0.3574219 0.4987793 0.3642578 0.4851074 0.355957 0.5322266 0.3803711 0.5507813 0.3774414 0.5327149 0.3891602 0.5317383 0.3706055 0.5507813 0.3774414 0.5322266 0.3803711 0.5327149 0.3891602 0.5507813 0.3774414 0.5527344 0.3881836 0.5458984 0.3994141 0.5327149 0.3891602 0.5527344 0.3881836 0.5302734 0.3999024 0.5327149 0.3891602 0.5458984 0.3994141 0.5136719 0.3647461 0.4997559 0.3574219 0.5141602 0.3579102 0.5136719 0.3647461 0.5141602 0.3579102 0.5322266 0.3632813 0.5322266 0.3632813 0.5317383 0.3706055 0.5136719 0.3647461 0.5322266 0.3632813 0.5493164 0.3671875 0.5317383 0.3706055 0.5493164 0.3671875 0.5507813 0.3774414 0.5317383 0.3706055 0.5141602 0.3579102 0.4997559 0.3574219 0.5136719 0.3535156 0.4997559 0.3574219 0.4851074 0.355957 0.4997559 0.3530274 0.5136719 0.3535156 0.4997559 0.3574219 0.4997559 0.3530274 0.5322266 0.3632813 0.5141602 0.3579102 0.5322266 0.3564453 0.5141602 0.3579102 0.5136719 0.3535156 0.5322266 0.3564453 0.5483399 0.3598633 0.5493164 0.3671875 0.5322266 0.3632813 0.5322266 0.3632813 0.5322266 0.3564453 0.5483399 0.3598633 0.543457 0.4057617 0.5302734 0.3999024 0.5458984 0.3994141 0.5458984 0.3994141 0.5527344 0.3881836 0.550293 0.3984375 0.5493164 0.4052734 0.5458984 0.3994141 0.550293 0.3984375 0.543457 0.4057617 0.5458984 0.3994141 0.5493164 0.4052734 0.550293 0.3984375 0.5527344 0.3881836 0.5551758 0.3891602 0.5527344 0.3881836 0.5668945 0.3823242 0.5551758 0.3891602 0.4997559 0.3530274 0.5131836 0.3496094 0.5136719 0.3535156 0.550293 0.3984375 0.5551758 0.3891602 0.5537109 0.3979492 0.5546875 0.4047852 0.550293 0.3984375 0.5537109 0.3979492 0.5493164 0.4052734 0.550293 0.3984375 0.5546875 0.4047852 0.5668945 0.3823242 0.5668945 0.3857422 0.5551758 0.3891602 0.5537109 0.3979492 0.5551758 0.3891602 0.5576172 0.390625 0.5551758 0.3891602 0.5668945 0.3857422 0.5576172 0.390625 0.5576172 0.390625 0.5585938 0.3989258 0.5537109 0.3979492 0.5537109 0.3979492 0.5585938 0.3989258 0.5546875 0.4047852 0.5576172 0.390625 0.5668945 0.3857422 0.5625 0.3930664 0.5625 0.3930664 0.5585938 0.3989258 0.5576172 0.390625 0.5668945 0.3823242 0.5751953 0.3852539 0.5668945 0.3857422 0.5751953 0.3852539 0.5698242 0.3896484 0.5668945 0.3857422 0.5625 0.3930664 0.5668945 0.3857422 0.5698242 0.3896484 0.5546875 0.4047852 0.5585938 0.3989258 0.5595703 0.4033203 0.5585938 0.3989258 0.5620117 0.3994141 0.5595703 0.4033203 0.5585938 0.3989258 0.5625 0.3930664 0.5620117 0.3994141 0.5625 0.3930664 0.5698242 0.3896484 0.565918 0.3950195 0.5620117 0.3994141 0.5625 0.3930664 0.565918 0.3950195 0.4987793 0.3491211 0.5131836 0.3496094 0.4997559 0.3530274 0.565918 0.3950195 0.5668945 0.3969727 0.5620117 0.3994141 0.5620117 0.3994141 0.5668945 0.3969727 0.5644531 0.3999024 0.5595703 0.4033203 0.5620117 0.3994141 0.5625 0.402832 0.5644531 0.3999024 0.5625 0.402832 0.5620117 0.3994141 0.5668945 0.3969727 0.5673828 0.3984375 0.5644531 0.3999024 0.5644531 0.4018555 0.5625 0.402832 0.5644531 0.3999024 0.5625 0.402832 0.5644531 0.4018555 0.5644531 0.4067383 0.5625 0.402832 0.5644531 0.4067383 0.5595703 0.4033203 0.5595703 0.4033203 0.5644531 0.4067383 0.5610352 0.4091797 0.5610352 0.4091797 0.5546875 0.4047852 0.5595703 0.4033203 0.5644531 0.3999024 0.5673828 0.3984375 0.5654297 0.4003906 0.565918 0.4013672 0.5644531 0.3999024 0.5654297 0.4003906 0.5644531 0.4018555 0.5644531 0.3999024 0.565918 0.4013672 0.5644531 0.4018555 0.565918 0.4013672 0.5668945 0.4038086 0.5644531 0.4067383 0.5644531 0.4018555 0.5668945 0.4038086 0.4851074 0.3515625 0.4987793 0.3491211 0.4997559 0.3530274 0.4997559 0.3530274 0.4851074 0.355957 0.4851074 0.3515625 0.5712891 0.4077149 0.5644531 0.4067383 0.5668945 0.4038086 0.5698242 0.4111328 0.5644531 0.4067383 0.5712891 0.4077149 0.5698242 0.4111328 0.5610352 0.4091797 0.5644531 0.4067383 0.5668945 0.4150391 0.5610352 0.4091797 0.5698242 0.4111328 0.5668945 0.4150391 0.5585938 0.4111328 0.5610352 0.4091797 0.5585938 0.4111328 0.5546875 0.4047852 0.5610352 0.4091797 0.5546875 0.4047852 0.5585938 0.4111328 0.5493164 0.4052734 0.5668945 0.4038086 0.565918 0.4013672 0.5678711 0.4013672 0.5712891 0.4077149 0.5668945 0.4038086 0.5727539 0.4042969 0.5727539 0.4042969 0.5668945 0.4038086 0.5678711 0.4013672 0.5698242 0.4111328 0.5712891 0.4077149 0.5761719 0.4145508 0.5742188 0.4189453 0.5698242 0.4111328 0.5761719 0.4145508 0.5668945 0.4150391 0.5698242 0.4111328 0.5742188 0.4189453 0.5742188 0.4189453 0.5649414 0.4174805 0.5668945 0.4150391 0.5649414 0.4174805 0.5585938 0.4111328 0.5668945 0.4150391 0.5585938 0.4111328 0.5649414 0.4174805 0.550293 0.4213867 0.5493164 0.4052734 0.5585938 0.4111328 0.550293 0.4213867 0.5761719 0.4145508 0.5712891 0.4077149 0.5776367 0.4111328 0.5795899 0.4072266 0.5712891 0.4077149 0.5727539 0.4042969 0.5776367 0.4111328 0.5712891 0.4077149 0.5795899 0.4072266 0.5761719 0.4145508 0.5776367 0.4111328 0.5825195 0.4169922 0.5810547 0.4213867 0.5761719 0.4145508 0.5825195 0.4169922 0.5742188 0.4189453 0.5761719 0.4145508 0.5810547 0.4213867 0.5722656 0.4233399 0.5649414 0.4174805 0.5742188 0.4189453 0.5742188 0.4189453 0.5800781 0.4257813 0.5722656 0.4233399 0.5810547 0.4213867 0.5800781 0.4257813 0.5742188 0.4189453 0.550293 0.4213867 0.5649414 0.4174805 0.559082 0.4272461 0.5649414 0.4174805 0.5722656 0.4233399 0.559082 0.4272461 0.5375977 0.4174805 0.5493164 0.4052734 0.550293 0.4213867 0.559082 0.4272461 0.5458984 0.4291992 0.550293 0.4213867 0.5458984 0.4291992 0.5375977 0.4174805 0.550293 0.4213867 0.5800781 0.4257813 0.5673828 0.4331055 0.5722656 0.4233399 0.559082 0.4272461 0.5722656 0.4233399 0.5673828 0.4331055 0.5849609 0.4101563 0.5776367 0.4111328 0.5795899 0.4072266 0.5834961 0.4135742 0.5776367 0.4111328 0.5849609 0.4101563 0.5825195 0.4169922 0.5776367 0.4111328 0.5834961 0.4135742 0.5541992 0.4345703 0.5458984 0.4291992 0.559082 0.4272461 0.5673828 0.4331055 0.5541992 0.4345703 0.559082 0.4272461 0.5834961 0.4135742 0.5893555 0.4169922 0.5825195 0.4169922 0.5913086 0.4204102 0.5810547 0.4213867 0.5825195 0.4169922 0.5825195 0.4169922 0.5893555 0.4169922 0.5913086 0.4204102 0.59375 0.4243164 0.5810547 0.4213867 0.5913086 0.4204102 0.59375 0.4243164 0.5800781 0.4257813 0.5810547 0.4213867 0.5893555 0.4169922 0.5834961 0.4135742 0.5883789 0.4145508 0.5883789 0.4145508 0.5834961 0.4135742 0.5849609 0.4101563 0.5913086 0.4204102 0.5893555 0.4169922 0.5942383 0.4145508 0.597168 0.4160156 0.5913086 0.4204102 0.5942383 0.4145508 0.59375 0.4243164 0.5913086 0.4204102 0.597168 0.4160156 0.5942383 0.4145508 0.5893555 0.4169922 0.5913086 0.4135742 0.5893555 0.4135742 0.5893555 0.4169922 0.5883789 0.4145508 0.5913086 0.4135742 0.5893555 0.4169922 0.5893555 0.4135742 0.597168 0.4160156 0.5942383 0.4145508 0.5966797 0.4077149 0.5913086 0.4135742 0.5913086 0.409668 0.5942383 0.4145508 0.5966797 0.4077149 0.5942383 0.4145508 0.5942383 0.4082031 0.5942383 0.4145508 0.5913086 0.409668 0.5942383 0.4082031 0.5913086 0.409668 0.5913086 0.4135742 0.5893555 0.4111328 0.5893555 0.4111328 0.5913086 0.4135742 0.5893555 0.4135742 0.5966797 0.4077149 0.5942383 0.4082031 0.5927734 0.3999024 0.5913086 0.409668 0.5883789 0.4042969 0.5942383 0.4082031 0.5913086 0.409668 0.5869141 0.4072266 0.5883789 0.4042969 0.5893555 0.4111328 0.5869141 0.4072266 0.5913086 0.409668 0.7036133 0.7114258 0.6992188 0.6960449 0.7021484 0.6972656 0.6972656 0.6831055 0.699707 0.6855469 0.6992188 0.6960449 0.7036133 0.7114258 0.7226563 0.7138672 0.7060547 0.7243652 0.7060547 0.7243652 0.6987305 0.7158203 0.7036133 0.7114258 0.6987305 0.7158203 0.6992188 0.6960449 0.7036133 0.7114258 0.7226563 0.7138672 0.7460938 0.7121582 0.7294922 0.7272949 0.7226563 0.7138672 0.7294922 0.7272949 0.7060547 0.7243652 0.7543945 0.7209473 0.7294922 0.7272949 0.7460938 0.7121582 0.7543945 0.7209473 0.7460938 0.7121582 0.7695313 0.7058106 0.7695313 0.7058106 0.7773438 0.7141113 0.7543945 0.7209473 0.7695313 0.7058106 0.7880859 0.7006836 0.7773438 0.7141113 0.7880859 0.7006836 0.7954102 0.7080078 0.7773438 0.7141113 0.7954102 0.7080078 0.7880859 0.7006836 0.8017578 0.6979981 0.7060547 0.7243652 0.7294922 0.7272949 0.7104492 0.7385254 0.7060547 0.7243652 0.7104492 0.7385254 0.6948242 0.7294922 0.6948242 0.7294922 0.6987305 0.7158203 0.7060547 0.7243652 0.7294922 0.7272949 0.7363281 0.736084 0.7104492 0.7385254 0.7363281 0.736084 0.7294922 0.7272949 0.7543945 0.7209473 0.7543945 0.7209473 0.7773438 0.7141113 0.762207 0.7290039 0.7543945 0.7209473 0.762207 0.7290039 0.7363281 0.736084 0.7841797 0.7211914 0.762207 0.7290039 0.7773438 0.7141113 0.7773438 0.7141113 0.7954102 0.7080078 0.7841797 0.7211914 0.6943359 0.6945801 0.6972656 0.6831055 0.6992188 0.6960449 0.6948242 0.6809082 0.6972656 0.6831055 0.6943359 0.6945801 0.6948242 0.7294922 0.7104492 0.7385254 0.6938477 0.7404785 0.7104492 0.7385254 0.7363281 0.736084 0.7163086 0.7502442 0.7104492 0.7385254 0.7163086 0.7502442 0.6938477 0.7404785 0.7363281 0.736084 0.7431641 0.7453613 0.7163086 0.7502442 0.7363281 0.736084 0.762207 0.7290039 0.7431641 0.7453613 0.7695313 0.7365723 0.7431641 0.7453613 0.762207 0.7290039 0.7695313 0.7365723 0.762207 0.7290039 0.7841797 0.7211914 0.7695313 0.7365723 0.7841797 0.7211914 0.7758789 0.7419434 0.7954102 0.7080078 0.7905274 0.7265625 0.7841797 0.7211914 0.7758789 0.7419434 0.7841797 0.7211914 0.7905274 0.7265625 0.7163086 0.7502442 0.7431641 0.7453613 0.7236328 0.7617188 0.7163086 0.7502442 0.7236328 0.7617188 0.6967774 0.7611084 0.6938477 0.7404785 0.7163086 0.7502442 0.6967774 0.7611084 0.7514649 0.7547608 0.7431641 0.7453613 0.7695313 0.7365723 0.7514649 0.7547608 0.7236328 0.7617188 0.7431641 0.7453613 0.7514649 0.7547608 0.7695313 0.7365723 0.7573242 0.7607422 0.7573242 0.7607422 0.7695313 0.7365723 0.7758789 0.7419434 0.7514649 0.7547608 0.7573242 0.7607422 0.7319336 0.7728272 0.7319336 0.7728272 0.7236328 0.7617188 0.7514649 0.7547608 0.6967774 0.7611084 0.7236328 0.7617188 0.7026367 0.7789307 0.7319336 0.7728272 0.7026367 0.7789307 0.7236328 0.7617188 0.7758789 0.7419434 0.7905274 0.7265625 0.7836914 0.7480469 0.7661133 0.767334 0.7758789 0.7419434 0.7836914 0.7480469 0.7573242 0.7607422 0.7758789 0.7419434 0.7661133 0.767334 0.7319336 0.7728272 0.7573242 0.7607422 0.7392578 0.7807617 0.7495117 0.7879639 0.7573242 0.7607422 0.7661133 0.767334 0.7392578 0.7807617 0.7573242 0.7607422 0.7495117 0.7879639 0.7392578 0.7807617 0.7104492 0.7918701 0.7319336 0.7728272 0.7104492 0.7918701 0.7026367 0.7789307 0.7319336 0.7728272 0.7495117 0.7879639 0.7661133 0.767334 0.7607422 0.7930908 0.7661133 0.767334 0.7836914 0.7480469 0.7753906 0.7720947 0.7607422 0.7930908 0.7661133 0.767334 0.7753906 0.7720947 0.7338867 0.8099365 0.7392578 0.7807617 0.7495117 0.7879639 0.722168 0.8040772 0.7392578 0.7807617 0.7338867 0.8099365 0.722168 0.8040772 0.7104492 0.7918701 0.7392578 0.7807617 0.7338867 0.8099365 0.7495117 0.7879639 0.7475586 0.8149414 0.7475586 0.8149414 0.7495117 0.7879639 0.7607422 0.7930908 0.7607422 0.7930908 0.7753906 0.7720947 0.7753906 0.7961426 0.7607422 0.7930908 0.7646484 0.8122559 0.7475586 0.8149414 0.7753906 0.7961426 0.7646484 0.8122559 0.7607422 0.7930908 0.7753906 0.7961426 0.7753906 0.7720947 0.7885742 0.7783203 0.7753906 0.7720947 0.7910156 0.7525635 0.7885742 0.7783203 0.7753906 0.7720947 0.7836914 0.7480469 0.7910156 0.7525635 0.7646484 0.8122559 0.7753906 0.7961426 0.7773438 0.8093262 0.7753906 0.7961426 0.7885742 0.7783203 0.7856445 0.796875 0.7773438 0.8093262 0.7753906 0.7961426 0.7856445 0.796875 0.7475586 0.8149414 0.7333984 0.8300781 0.7338867 0.8099365 0.7338867 0.8099365 0.7333984 0.8300781 0.7255859 0.8276367 0.7177734 0.8216553 0.7338867 0.8099365 0.7255859 0.8276367 0.7338867 0.8099365 0.7177734 0.8216553 0.722168 0.8040772 0.7856445 0.796875 0.7885742 0.7783203 0.7978516 0.7814942 0.7885742 0.7783203 0.7910156 0.7525635 0.8012695 0.7601318 0.7885742 0.7783203 0.8012695 0.7601318 0.7978516 0.7814942 0.7978516 0.7814942 0.7958984 0.8006592 0.7856445 0.796875 0.7880859 0.8065186 0.7856445 0.796875 0.7958984 0.8006592 0.7773438 0.8093262 0.7856445 0.796875 0.7880859 0.8065186 0.7397461 0.8323975 0.7333984 0.8300781 0.7475586 0.8149414 0.7773438 0.8093262 0.7724609 0.8206787 0.7646484 0.8122559 0.777832 0.8183594 0.7724609 0.8206787 0.7773438 0.8093262 0.7880859 0.8065186 0.7827149 0.8150635 0.7773438 0.8093262 0.7773438 0.8093262 0.7827149 0.8150635 0.777832 0.8183594 0.7978516 0.7814942 0.8012695 0.7601318 0.8095703 0.7657471 0.7978516 0.7814942 0.8095703 0.7657471 0.8061524 0.786377 0.8061524 0.786377 0.7958984 0.8006592 0.7978516 0.7814942 0.7958984 0.8006592 0.8061524 0.786377 0.8051758 0.8022461 0.7958984 0.8006592 0.8012695 0.8054199 0.7880859 0.8065186 0.8051758 0.8022461 0.8012695 0.8054199 0.7958984 0.8006592 0.7827149 0.8150635 0.7880859 0.8065186 0.7880859 0.8139649 0.8012695 0.8054199 0.7958984 0.8143311 0.7880859 0.8065186 0.7880859 0.8139649 0.7880859 0.8065186 0.7958984 0.8143311 0.8061524 0.786377 0.8095703 0.7657471 0.8168945 0.7716065 0.8168945 0.7716065 0.8237305 0.7784424 0.8061524 0.786377 0.8051758 0.8022461 0.8061524 0.786377 0.8129883 0.7939453 0.8061524 0.786377 0.8237305 0.7784424 0.8129883 0.7939453 0.8012695 0.8054199 0.8051758 0.8022461 0.8120117 0.8059082 0.8129883 0.7939453 0.8139649 0.8037109 0.8051758 0.8022461 0.8120117 0.8059082 0.8051758 0.8022461 0.8139649 0.8037109 0.8110352 0.8085938 0.8012695 0.8054199 0.8120117 0.8059082 0.8017578 0.8116455 0.8012695 0.8054199 0.8110352 0.8085938 0.8017578 0.8116455 0.7958984 0.8143311 0.8012695 0.8054199 0.8129883 0.7939453 0.8237305 0.7784424 0.8212891 0.7978516 0.8212891 0.7978516 0.8139649 0.8037109 0.8129883 0.7939453 0.8222656 0.7515869 0.8168945 0.7716065 0.8095703 0.7657471 0.8291016 0.7578125 0.8168945 0.7716065 0.8222656 0.7515869 0.8291016 0.7578125 0.8364258 0.7644043 0.8168945 0.7716065 0.8168945 0.7716065 0.8364258 0.7644043 0.8237305 0.7784424 0.84375 0.7717285 0.8237305 0.7784424 0.8364258 0.7644043 0.8320313 0.7854004 0.8237305 0.7784424 0.84375 0.7717285 0.8212891 0.7978516 0.8237305 0.7784424 0.8320313 0.7854004 0.8222656 0.7515869 0.8359375 0.739502 0.8291016 0.7578125 0.8417969 0.7451172 0.8364258 0.7644043 0.8291016 0.7578125 0.8291016 0.7578125 0.8359375 0.739502 0.8417969 0.7451172 0.8486328 0.7508545 0.8364258 0.7644043 0.8417969 0.7451172 0.8364258 0.7644043 0.855957 0.7574463 0.84375 0.7717285 0.8486328 0.7508545 0.855957 0.7574463 0.8364258 0.7644043 0.8417969 0.7451172 0.8540039 0.7341309 0.8486328 0.7508545 0.8417969 0.7451172 0.8491211 0.7294922 0.8540039 0.7341309 0.8359375 0.739502 0.8491211 0.7294922 0.8417969 0.7451172 0.8359375 0.739502 0.8222656 0.7515869 0.828125 0.7336426 0.8359375 0.739502 0.8422852 0.7243652 0.8491211 0.7294922 0.828125 0.7336426 0.8422852 0.7243652 0.8359375 0.739502 0.8491211 0.7294922 0.8422852 0.7243652 0.8525391 0.7263184 0.8491211 0.7294922 0.8525391 0.7263184 0.8540039 0.7341309 0.8486328 0.7508545 0.8540039 0.7341309 0.8598633 0.7385254 0.8662109 0.7448731 0.8486328 0.7508545 0.8598633 0.7385254 0.855957 0.7574463 0.8486328 0.7508545 0.8662109 0.7448731 0.8540039 0.7341309 0.8579102 0.730957 0.8598633 0.7385254 0.8540039 0.7341309 0.8525391 0.7263184 0.8579102 0.730957 0.8525391 0.7263184 0.8422852 0.7243652 0.8461914 0.7207031 0.8422852 0.7243652 0.828125 0.7336426 0.8320313 0.7177734 0.8359375 0.7141113 0.8422852 0.7243652 0.8320313 0.7177734 0.8461914 0.7207031 0.8422852 0.7243652 0.8359375 0.7141113 0.8598633 0.7385254 0.8579102 0.730957 0.8632813 0.7355957 0.8686524 0.7407227 0.8598633 0.7385254 0.8632813 0.7355957 0.8662109 0.7448731 0.8598633 0.7385254 0.8686524 0.7407227 0.8359375 0.7141113 0.8320313 0.7177734 0.8256836 0.7077637 0.8320313 0.7177734 0.828125 0.7336426 0.8188477 0.7260742 0.8256836 0.7077637 0.8320313 0.7177734 0.8222656 0.7104492 0.8320313 0.7177734 0.8188477 0.7260742 0.8222656 0.7104492 0.8632813 0.7355957 0.8579102 0.730957 0.8793945 0.7165527 0.8540039 0.7263184 0.8793945 0.7165527 0.8579102 0.730957 0.8701172 0.7385254 0.8632813 0.7355957 0.8793945 0.7165527 0.8256836 0.7077637 0.8222656 0.7104492 0.8149414 0.6999512 0.8222656 0.7104492 0.8188477 0.7260742 0.8110352 0.7207031 0.8222656 0.7104492 0.8110352 0.7207031 0.8110352 0.7045899 0.8149414 0.6999512 0.8222656 0.7104492 0.8110352 0.7045899 0.8554688 0.71875 0.8793945 0.7165527 0.8540039 0.7263184 0.8793945 0.7165527 0.8779297 0.7412109 0.8701172 0.7385254 0.8149414 0.6999512 0.8110352 0.7045899 0.8061524 0.6928711 0.8110352 0.7045899 0.8110352 0.7207031 0.8027344 0.7138672 0.8061524 0.6928711 0.8110352 0.7045899 0.8017578 0.6979981 0.8110352 0.7045899 0.8027344 0.7138672 0.8017578 0.6979981 0.8554688 0.71875 0.8588867 0.708252 0.8793945 0.7165527 0.8793945 0.7165527 0.8857422 0.7382813 0.8779297 0.7412109 0.8017578 0.6979981 0.7978516 0.6855469 0.8061524 0.6928711 0.8017578 0.6979981 0.8027344 0.7138672 0.7954102 0.7080078 0.8110352 0.7207031 0.7983399 0.7331543 0.8027344 0.7138672 0.8027344 0.7138672 0.7905274 0.7265625 0.7954102 0.7080078 0.8027344 0.7138672 0.7983399 0.7331543 0.7905274 0.7265625 0.7836914 0.7480469 0.7905274 0.7265625 0.7983399 0.7331543 0.7836914 0.7480469 0.7983399 0.7331543 0.7910156 0.7525635 0.7910156 0.7525635 0.7983399 0.7331543 0.8051758 0.7375488 0.8110352 0.7207031 0.8051758 0.7375488 0.7983399 0.7331543 0.8051758 0.7375488 0.8012695 0.7601318 0.7910156 0.7525635 0.8144531 0.7456055 0.8012695 0.7601318 0.8051758 0.7375488 0.8188477 0.7260742 0.8051758 0.7375488 0.8110352 0.7207031 0.8188477 0.7260742 0.8144531 0.7456055 0.8051758 0.7375488 0.8144531 0.7456055 0.8095703 0.7657471 0.8012695 0.7601318 0.828125 0.7336426 0.8144531 0.7456055 0.8188477 0.7260742 0.828125 0.7336426 0.8222656 0.7515869 0.8144531 0.7456055 0.8222656 0.7515869 0.8095703 0.7657471 0.8144531 0.7456055 0.7724609 0.8206787 0.7651367 0.8250733 0.7646484 0.8122559 0.7646484 0.8122559 0.7651367 0.8250733 0.7578125 0.8271484 0.7646484 0.8122559 0.7578125 0.8271484 0.7475586 0.8149414 0.7475586 0.8149414 0.7578125 0.8271484 0.7504883 0.829834 0.7504883 0.829834 0.7460938 0.8308106 0.7475586 0.8149414 0.7397461 0.8323975 0.7475586 0.8149414 0.7460938 0.8308106 0.722168 0.8040772 0.7177734 0.8216553 0.7124024 0.8178711 0.7124024 0.8178711 0.7080078 0.8118897 0.722168 0.8040772 0.722168 0.8040772 0.7080078 0.8118897 0.7104492 0.7918701 0.7021484 0.8054199 0.7104492 0.7918701 0.7080078 0.8118897 0.6972656 0.7987061 0.7104492 0.7918701 0.7021484 0.8054199 0.6972656 0.7987061 0.6928711 0.7932129 0.7104492 0.7918701 0.7104492 0.7918701 0.6928711 0.7932129 0.7026367 0.7789307 0.6928711 0.7932129 0.6914063 0.7875977 0.7026367 0.7789307 0.7026367 0.7789307 0.6914063 0.7875977 0.6899414 0.7825928 0.6899414 0.7825928 0.6894531 0.7764893 0.7026367 0.7789307 0.6894531 0.7764893 0.6889649 0.7694092 0.7026367 0.7789307 0.7026367 0.7789307 0.6889649 0.7694092 0.6967774 0.7611084 0.6884766 0.763916 0.6967774 0.7611084 0.6889649 0.7694092 0.6875 0.7572022 0.6967774 0.7611084 0.6884766 0.763916 0.6875 0.7572022 0.6870117 0.7523193 0.6967774 0.7611084 0.6967774 0.7611084 0.6870117 0.7523193 0.6938477 0.7404785 0.6870117 0.7523193 0.6860352 0.7451172 0.6938477 0.7404785 0.6938477 0.7404785 0.6860352 0.7451172 0.6855469 0.7419434 0.6855469 0.7419434 0.6845703 0.7380371 0.6938477 0.7404785 0.6938477 0.7404785 0.6845703 0.7380371 0.6870117 0.7324219 0.6938477 0.7404785 0.6870117 0.7324219 0.6948242 0.7294922 0.6948242 0.7294922 0.6870117 0.7324219 0.6879883 0.7263184 0.6948242 0.7294922 0.6879883 0.7263184 0.6987305 0.7158203 0.6987305 0.7158203 0.6879883 0.7263184 0.6928711 0.7131348 0.6928711 0.7131348 0.6948242 0.701416 0.6987305 0.7158203 0.6987305 0.7158203 0.6948242 0.701416 0.6992188 0.6960449 0.6943359 0.6977539 0.6992188 0.6960449 0.6948242 0.701416 0.6943359 0.6945801 0.6992188 0.6960449 0.6943359 0.6977539 0.8935547 0.7319336 0.8857422 0.7382813 0.8793945 0.7165527 0.8793945 0.7165527 0.8989258 0.7194824 0.8935547 0.7319336 0.8989258 0.7194824 0.8793945 0.7165527 0.8979492 0.7111817 0.8793945 0.7165527 0.8945313 0.7038574 0.8979492 0.7111817 0.8945313 0.7038574 0.8793945 0.7165527 0.8867188 0.6994629 0.8793945 0.7165527 0.8774414 0.6979981 0.8867188 0.6994629 0.8774414 0.6979981 0.8793945 0.7165527 0.8666992 0.7009277 0.8588867 0.708252 0.8666992 0.7009277 0.8793945 0.7165527 0.1673583 0.685791 0.1618652 0.6826172 0.1745605 0.6755371 0.1745605 0.6755371 0.1618652 0.6826172 0.1680908 0.6677246 0.1618652 0.6826172 0.1560058 0.6789551 0.1680908 0.6677246 0.1680908 0.6677246 0.1831054 0.6604004 0.1745605 0.6755371 0.1766357 0.6491699 0.1831054 0.6604004 0.1680908 0.6677246 0.1680908 0.6677246 0.1629638 0.6618652 0.1766357 0.6491699 0.1680908 0.6677246 0.1560058 0.6789551 0.1629638 0.6618652 0.1766357 0.6491699 0.1929931 0.638916 0.1831054 0.6604004 0.1837158 0.6264649 0.1929931 0.638916 0.1766357 0.6491699 0.1766357 0.6491699 0.1629638 0.6618652 0.1672363 0.644043 0.1766357 0.6491699 0.1672363 0.644043 0.1837158 0.6264649 0.1629638 0.6618652 0.1506347 0.6452637 0.1672363 0.644043 0.1505126 0.661377 0.1506347 0.6452637 0.1629638 0.6618652 0.1560058 0.6789551 0.1505126 0.661377 0.1629638 0.6618652 0.1479492 0.6787109 0.1505126 0.661377 0.1560058 0.6789551 0.1506347 0.6452637 0.1689453 0.6196289 0.1672363 0.644043 0.1837158 0.6264649 0.1672363 0.644043 0.1689453 0.6196289 0.1929931 0.638916 0.1837158 0.6264649 0.2044677 0.6066895 0.1689453 0.6196289 0.1873779 0.597168 0.1837158 0.6264649 0.2044677 0.6066895 0.1837158 0.6264649 0.1873779 0.597168 0.1384277 0.6779785 0.1505126 0.661377 0.1479492 0.6787109 0.1357421 0.6599121 0.1505126 0.661377 0.1384277 0.6779785 0.1505126 0.661377 0.1357421 0.6599121 0.1506347 0.6452637 0.1506347 0.6452637 0.1357421 0.6599121 0.1314697 0.6401367 0.1489257 0.6171875 0.1689453 0.6196289 0.1506347 0.6452637 0.1314697 0.6401367 0.1489257 0.6171875 0.1506347 0.6452637 0.1676025 0.5922852 0.1873779 0.597168 0.1689453 0.6196289 0.1489257 0.6171875 0.1676025 0.5922852 0.1689453 0.6196289 0.2044677 0.6066895 0.1873779 0.597168 0.2137451 0.5725098 0.1873779 0.597168 0.1676025 0.5922852 0.1906738 0.5664063 0.2137451 0.5725098 0.1873779 0.597168 0.1906738 0.5664063 0.1290283 0.6799317 0.1357421 0.6599121 0.1384277 0.6779785 0.1357421 0.6599121 0.1231689 0.6621094 0.1314697 0.6401367 0.1231689 0.6621094 0.1357421 0.6599121 0.1290283 0.6799317 0.1279296 0.6154785 0.1489257 0.6171875 0.1314697 0.6401367 0.1314697 0.6401367 0.1231689 0.6621094 0.1157836 0.6416016 0.1157836 0.6416016 0.1279296 0.6154785 0.1314697 0.6401367 0.1464843 0.5900879 0.1676025 0.5922852 0.1489257 0.6171875 0.1279296 0.6154785 0.1464843 0.5900879 0.1489257 0.6171875 0.5942383 0.4082031 0.5883789 0.4042969 0.5908203 0.4018555 0.5927734 0.3999024 0.5942383 0.4082031 0.5908203 0.4018555 0.5830078 0.3959961 0.5927734 0.3999024 0.5908203 0.4018555 0.5883789 0.4042969 0.581543 0.3989258 0.5908203 0.4018555 0.5908203 0.4018555 0.581543 0.3989258 0.5830078 0.3959961 0.5869141 0.4072266 0.5800781 0.4018555 0.5883789 0.4042969 0.5883789 0.4042969 0.5800781 0.4018555 0.581543 0.3989258 0.581543 0.3989258 0.5756836 0.3964844 0.5830078 0.3959961 0.5800781 0.4018555 0.5756836 0.3964844 0.581543 0.3989258 0.574707 0.3994141 0.5756836 0.3964844 0.5800781 0.4018555 0.5283203 0.4057617 0.5302734 0.3999024 0.543457 0.4057617 0.543457 0.4057617 0.5375977 0.4174805 0.5283203 0.4057617 0.543457 0.4057617 0.5493164 0.4052734 0.5375977 0.4174805 0.4594727 0.2768555 0.470459 0.2768555 0.4611817 0.2822266 0.4494629 0.2822266 0.4594727 0.2768555 0.4611817 0.2822266 0.4467774 0.2763672 0.4594727 0.2768555 0.4494629 0.2822266 0.4494629 0.2822266 0.4611817 0.2822266 0.4519043 0.2875977 0.4519043 0.2875977 0.4611817 0.2822266 0.4626465 0.2871094 0.439209 0.2880859 0.4494629 0.2822266 0.4519043 0.2875977 0.4355469 0.2822266 0.4494629 0.2822266 0.439209 0.2880859 0.4355469 0.2822266 0.4467774 0.2763672 0.4494629 0.2822266 0.4318848 0.2763672 0.4467774 0.2763672 0.4355469 0.2822266 0.4519043 0.2875977 0.4626465 0.2871094 0.4526367 0.2919922 0.440918 0.2924805 0.4519043 0.2875977 0.4526367 0.2919922 0.439209 0.2880859 0.4519043 0.2875977 0.440918 0.2924805 0.4233399 0.2890625 0.4355469 0.2822266 0.439209 0.2880859 0.4250488 0.2924805 0.439209 0.2880859 0.440918 0.2924805 0.4233399 0.2890625 0.439209 0.2880859 0.4250488 0.2924805 0.4196777 0.284668 0.4355469 0.2822266 0.4233399 0.2890625 0.4196777 0.284668 0.4318848 0.2763672 0.4355469 0.2822266 0.4160156 0.2792969 0.4318848 0.2763672 0.4196777 0.284668 0.4506836 0.2963867 0.440918 0.2924805 0.4526367 0.2919922 0.4377442 0.2963867 0.440918 0.2924805 0.4506836 0.2963867 0.4377442 0.2963867 0.4250488 0.2924805 0.440918 0.2924805 0.4506836 0.2963867 0.4526367 0.2919922 0.4606934 0.2958984 0.4526367 0.2919922 0.4626465 0.2871094 0.4628906 0.2910156 0.4606934 0.2958984 0.4526367 0.2919922 0.4628906 0.2910156 0.4233399 0.2890625 0.4094238 0.2919922 0.4196777 0.284668 0.4233399 0.2890625 0.4108887 0.2939453 0.4094238 0.2919922 0.4250488 0.2924805 0.4108887 0.2939453 0.4233399 0.2890625 0.4213867 0.2973633 0.4108887 0.2939453 0.4250488 0.2924805 0.4213867 0.2973633 0.4250488 0.2924805 0.4377442 0.2963867 0.4196777 0.284668 0.4094238 0.2919922 0.4064942 0.2895508 0.4064942 0.2895508 0.4160156 0.2792969 0.4196777 0.284668 0.4094238 0.2919922 0.402832 0.2973633 0.4064942 0.2895508 0.4108887 0.2939453 0.402832 0.2973633 0.4094238 0.2919922 0.4025879 0.2856445 0.4160156 0.2792969 0.4064942 0.2895508 0.4606934 0.2958984 0.4584961 0.3012695 0.4506836 0.2963867 0.4506836 0.2963867 0.4484863 0.3012695 0.4377442 0.2963867 0.4506836 0.2963867 0.4584961 0.3012695 0.4484863 0.3012695 0.4377442 0.2963867 0.4484863 0.3012695 0.4345703 0.3012695 0.4377442 0.2963867 0.4345703 0.3012695 0.4213867 0.2973633 0.4606934 0.2958984 0.4682617 0.3012695 0.4584961 0.3012695 0.4707031 0.2954102 0.4682617 0.3012695 0.4606934 0.2958984 0.4606934 0.2958984 0.4628906 0.2910156 0.4707031 0.2954102 0.4064942 0.2895508 0.402832 0.2973633 0.3996582 0.2954102 0.3996582 0.2954102 0.4025879 0.2856445 0.4064942 0.2895508 0.4108887 0.2988281 0.4108887 0.2939453 0.4213867 0.2973633 0.4108887 0.2939453 0.4108887 0.2988281 0.4052734 0.2993164 0.4052734 0.2993164 0.402832 0.2973633 0.4108887 0.2939453 0.4157715 0.3012695 0.4108887 0.2988281 0.4213867 0.2973633 0.4213867 0.2973633 0.4345703 0.3012695 0.4157715 0.3012695 0.402832 0.2973633 0.4008789 0.3022461 0.3996582 0.2954102 0.402832 0.2973633 0.4052734 0.2993164 0.4008789 0.3022461 0.4318848 0.3183594 0.4484863 0.3012695 0.4584961 0.3012695 0.4418945 0.3212891 0.4584961 0.3012695 0.4682617 0.3012695 0.4318848 0.3183594 0.4584961 0.3012695 0.4418945 0.3212891 0.4233399 0.3139649 0.4345703 0.3012695 0.4484863 0.3012695 0.4233399 0.3139649 0.4484863 0.3012695 0.4318848 0.3183594 0.4162598 0.3085938 0.4345703 0.3012695 0.4233399 0.3139649 0.4345703 0.3012695 0.4162598 0.3085938 0.4157715 0.3012695 0.4707031 0.2954102 0.4787598 0.3012695 0.4682617 0.3012695 0.4682617 0.3012695 0.4528809 0.3227539 0.4418945 0.3212891 0.4787598 0.3012695 0.4528809 0.3227539 0.4682617 0.3012695 0.4052734 0.2993164 0.4108887 0.2988281 0.4094238 0.3017578 0.4108887 0.2988281 0.4116211 0.3022461 0.4094238 0.3017578 0.4116211 0.3022461 0.4108887 0.2988281 0.4157715 0.3012695 0.4094238 0.3017578 0.4042969 0.3017578 0.4052734 0.2993164 0.4008789 0.3022461 0.4052734 0.2993164 0.4042969 0.3017578 0.4111328 0.3051758 0.4116211 0.3022461 0.4157715 0.3012695 0.4157715 0.3012695 0.4162598 0.3085938 0.4111328 0.3051758 0.4233399 0.3139649 0.4108887 0.3139649 0.4162598 0.3085938 0.4162598 0.3085938 0.4077149 0.3100586 0.4111328 0.3051758 0.4108887 0.3139649 0.4077149 0.3100586 0.4162598 0.3085938 0.4187012 0.3183594 0.4108887 0.3139649 0.4233399 0.3139649 0.4187012 0.3183594 0.4318848 0.3183594 0.4282227 0.3222656 0.4384766 0.324707 0.4282227 0.3222656 0.4418945 0.3212891 0.4089356 0.3022461 0.4042969 0.3017578 0.4094238 0.3017578 0.4108887 0.3022461 0.4089356 0.3022461 0.4094238 0.3017578 0.4094238 0.3017578 0.4116211 0.3022461 0.4108887 0.3022461 0.4101563 0.3037109 0.4116211 0.3022461 0.4111328 0.3051758 0.4116211 0.3022461 0.4101563 0.3037109 0.4108887 0.3022461 0.4077149 0.3100586 0.4077149 0.3066406 0.4111328 0.3051758 0.4111328 0.3051758 0.4077149 0.3066406 0.4101563 0.3037109 0.4108887 0.3139649 0.4187012 0.3183594 0.411377 0.3183594 0.4069824 0.3139649 0.4108887 0.3139649 0.411377 0.3183594 0.4077149 0.3100586 0.4108887 0.3139649 0.4069824 0.3139649 0.4077149 0.3066406 0.4077149 0.3100586 0.4050293 0.3085938 0.4050293 0.3085938 0.4077149 0.3100586 0.4069824 0.3139649 0.411377 0.3183594 0.4187012 0.3183594 0.4204102 0.3237305 0.4282227 0.3222656 0.4204102 0.3237305 0.4187012 0.3183594 0.4306641 0.328125 0.4204102 0.3237305 0.4282227 0.3222656 0.4282227 0.3222656 0.4384766 0.324707 0.4306641 0.328125 0.4101563 0.3027344 0.4089356 0.3022461 0.4108887 0.3022461 0.4108887 0.3022461 0.4101563 0.3037109 0.4101563 0.3027344 0.4101563 0.3027344 0.4101563 0.3037109 0.409668 0.3037109 0.409668 0.3037109 0.4101563 0.3037109 0.4077149 0.3066406 0.409668 0.3037109 0.4077149 0.3066406 0.4064942 0.3041992 0.4064942 0.3041992 0.4077149 0.3066406 0.4050293 0.3085938 0.4064942 0.3041992 0.4089356 0.3022461 0.409668 0.3037109 0.409668 0.3037109 0.4089356 0.3022461 0.4101563 0.3027344 0.4089356 0.3022461 0.4064942 0.3041992 0.4042969 0.3017578 0.411377 0.3183594 0.4204102 0.3237305 0.4125977 0.3227539 0.4069824 0.3178711 0.411377 0.3183594 0.4125977 0.3227539 0.4069824 0.3139649 0.411377 0.3183594 0.4069824 0.3178711 0.4050293 0.3085938 0.4069824 0.3139649 0.4035645 0.3125 0.4035645 0.3125 0.4069824 0.3139649 0.4069824 0.3178711 0.4035645 0.3125 0.4025879 0.3061524 0.4050293 0.3085938 0.4050293 0.3085938 0.4025879 0.3061524 0.4064942 0.3041992 0.4042969 0.3017578 0.4064942 0.3041992 0.4025879 0.3061524 0.4204102 0.3237305 0.4306641 0.328125 0.4226074 0.3286133 0.4125977 0.3227539 0.4204102 0.3237305 0.4226074 0.3286133 0.4042969 0.3017578 0.4025879 0.3061524 0.4008789 0.3022461 0.4008789 0.3022461 0.4025879 0.3061524 0.4003906 0.3085938 0.4025879 0.3061524 0.4035645 0.3125 0.4003906 0.3085938 0.4035645 0.3125 0.4069824 0.3178711 0.4025879 0.3154297 0.4003906 0.3085938 0.4035645 0.3125 0.4025879 0.3154297 0.4069824 0.3178711 0.4125977 0.3227539 0.4074707 0.3212891 0.4025879 0.3154297 0.4069824 0.3178711 0.4074707 0.3212891 0.4125977 0.3227539 0.4226074 0.3286133 0.4138184 0.3256836 0.4074707 0.3212891 0.4125977 0.3227539 0.4138184 0.3256836 0.4008789 0.3022461 0.4003906 0.3085938 0.3969727 0.3027344 0.4025879 0.3154297 0.3981934 0.3115234 0.4003906 0.3085938 0.3969727 0.3027344 0.4003906 0.3085938 0.3981934 0.3115234 0.4025879 0.3154297 0.4074707 0.3212891 0.4016113 0.3183594 0.4016113 0.3183594 0.3981934 0.3115234 0.4025879 0.3154297 0.4074707 0.3212891 0.4138184 0.3256836 0.4072266 0.3242188 0.4016113 0.3183594 0.4074707 0.3212891 0.4072266 0.3242188 0.3996582 0.2954102 0.4008789 0.3022461 0.3969727 0.3027344 0.4138184 0.3256836 0.4226074 0.3286133 0.4240723 0.3320313 0.4138184 0.3256836 0.4240723 0.3320313 0.4143067 0.3291016 0.4072266 0.3242188 0.4138184 0.3256836 0.4143067 0.3291016 0.3996582 0.2954102 0.3969727 0.3027344 0.3950195 0.2929688 0.3969727 0.3027344 0.3981934 0.3115234 0.392334 0.3041992 0.3950195 0.2929688 0.3969727 0.3027344 0.392334 0.3041992 0.392334 0.3041992 0.3981934 0.3115234 0.3955078 0.3139649 0.3981934 0.3115234 0.4016113 0.3183594 0.3955078 0.3139649 0.4072266 0.3242188 0.3994141 0.3217774 0.4016113 0.3183594 0.3955078 0.3139649 0.4016113 0.3183594 0.3994141 0.3217774 0.4143067 0.3291016 0.4052734 0.328125 0.4072266 0.3242188 0.4052734 0.328125 0.3994141 0.3217774 0.4072266 0.3242188 0.3950195 0.2929688 0.4025879 0.2856445 0.3996582 0.2954102 0.3950195 0.2929688 0.3911133 0.2905274 0.4025879 0.2856445 0.3950195 0.2929688 0.392334 0.3041992 0.3911133 0.2905274 0.4052734 0.328125 0.3920899 0.3261719 0.3994141 0.3217774 0.3994141 0.3217774 0.3920899 0.3261719 0.3955078 0.3139649 0.3955078 0.3139649 0.3879395 0.315918 0.392334 0.3041992 0.3955078 0.3139649 0.3920899 0.3261719 0.3879395 0.315918 0.3911133 0.2905274 0.392334 0.3041992 0.3847656 0.3027344 0.392334 0.3041992 0.3879395 0.315918 0.3847656 0.3027344 0.4143067 0.3291016 0.4240723 0.3320313 0.4248047 0.3354492 0.4125977 0.3334961 0.4052734 0.328125 0.4143067 0.3291016 0.4248047 0.3354492 0.4125977 0.3334961 0.4143067 0.3291016 0.4125977 0.3334961 0.3981934 0.3359375 0.4052734 0.328125 0.3981934 0.3359375 0.3920899 0.3261719 0.4052734 0.328125 0.378418 0.3178711 0.3847656 0.3027344 0.3879395 0.315918 0.3879395 0.315918 0.3920899 0.3261719 0.378418 0.3178711 0.3981934 0.3359375 0.3820801 0.3310547 0.3920899 0.3261719 0.378418 0.3178711 0.3920899 0.3261719 0.3820801 0.3310547 0.423584 0.3398438 0.4125977 0.3334961 0.4248047 0.3354492 0.423584 0.3398438 0.4069824 0.34375 0.4125977 0.3334961 0.4069824 0.34375 0.3981934 0.3359375 0.4125977 0.3334961 0.4006348 0.3520508 0.3981934 0.3359375 0.4069824 0.34375 0.3896484 0.3427734 0.3981934 0.3359375 0.4006348 0.3520508 0.3896484 0.3427734 0.3820801 0.3310547 0.3981934 0.3359375 0.3820801 0.3310547 0.359375 0.3374024 0.378418 0.3178711 0.3820801 0.3310547 0.3896484 0.3427734 0.359375 0.3374024 0.378418 0.3178711 0.359375 0.3374024 0.3564453 0.3173828 0.4006348 0.3520508 0.4069824 0.34375 0.4155274 0.3598633 0.4196777 0.3500977 0.4069824 0.34375 0.423584 0.3398438 0.4155274 0.3598633 0.4069824 0.34375 0.4196777 0.3500977 0.423584 0.3398438 0.4353027 0.3452149 0.4196777 0.3500977 0.4362793 0.3408203 0.423584 0.3398438 0.4248047 0.3354492 0.4353027 0.3452149 0.423584 0.3398438 0.4362793 0.3408203 0.4155274 0.3598633 0.4074707 0.3754883 0.4006348 0.3520508 0.4006348 0.3520508 0.3859863 0.3652344 0.3896484 0.3427734 0.4006348 0.3520508 0.4074707 0.3754883 0.3859863 0.3652344 0.3896484 0.3427734 0.3859863 0.3652344 0.3654785 0.3583984 0.359375 0.3374024 0.3896484 0.3427734 0.3654785 0.3583984 0.4313965 0.3642578 0.4074707 0.3754883 0.4155274 0.3598633 0.4155274 0.3598633 0.4196777 0.3500977 0.4313965 0.3642578 0.4196777 0.3500977 0.4353027 0.3452149 0.4333496 0.3544922 0.4313965 0.3642578 0.4196777 0.3500977 0.4333496 0.3544922 0.3564453 0.3173828 0.359375 0.3374024 0.3312988 0.3168945 0.3376465 0.3613281 0.359375 0.3374024 0.3654785 0.3583984 0.3330078 0.3447266 0.359375 0.3374024 0.3376465 0.3613281 0.3312988 0.3168945 0.359375 0.3374024 0.3330078 0.3447266 0.4353027 0.3452149 0.4467774 0.3486328 0.4333496 0.3544922 0.4353027 0.3452149 0.4472656 0.3447266 0.4467774 0.3486328 0.4362793 0.3408203 0.4472656 0.3447266 0.4353027 0.3452149 0.4333496 0.3544922 0.4467774 0.3486328 0.4450684 0.3569336 0.4450684 0.3569336 0.4313965 0.3642578 0.4333496 0.3544922 0.3376465 0.3613281 0.3654785 0.3583984 0.3535156 0.3701172 0.3654785 0.3583984 0.3859863 0.3652344 0.3674317 0.3666992 0.3535156 0.3701172 0.3654785 0.3583984 0.3674317 0.3666992 0.4074707 0.3754883 0.3884277 0.3842774 0.3859863 0.3652344 0.3884277 0.3842774 0.378418 0.3720703 0.3859863 0.3652344 0.3674317 0.3666992 0.3859863 0.3652344 0.378418 0.3720703 0.3068848 0.3666992 0.3330078 0.3447266 0.3376465 0.3613281 0.3376465 0.3613281 0.3366699 0.3847656 0.3068848 0.3666992 0.3535156 0.3701172 0.3366699 0.3847656 0.3376465 0.3613281 0.3049317 0.3476563 0.3330078 0.3447266 0.3068848 0.3666992 0.3049317 0.3476563 0.3049317 0.3271484 0.3330078 0.3447266 0.3330078 0.3447266 0.3049317 0.3271484 0.3312988 0.3168945 0.4472656 0.3447266 0.4584961 0.347168 0.4467774 0.3486328 0.4467774 0.3486328 0.458252 0.3510742 0.4450684 0.3569336 0.4467774 0.3486328 0.4584961 0.347168 0.458252 0.3510742 0.3735352 0.3759766 0.3674317 0.3666992 0.378418 0.3720703 0.378418 0.3720703 0.3798828 0.3837891 0.3735352 0.3759766 0.3798828 0.3837891 0.378418 0.3720703 0.3884277 0.3842774 0.3669434 0.3735352 0.3674317 0.3666992 0.3735352 0.3759766 0.3615723 0.3754883 0.3674317 0.3666992 0.3669434 0.3735352 0.3535156 0.3701172 0.3674317 0.3666992 0.3615723 0.3754883 0.2792969 0.3666992 0.3049317 0.3476563 0.3068848 0.3666992 0.3068848 0.3666992 0.3366699 0.3847656 0.3066406 0.3886719 0.3066406 0.3886719 0.2792969 0.3666992 0.3068848 0.3666992 0.2797852 0.3447266 0.3049317 0.3476563 0.2792969 0.3666992 0.2966309 0.3334961 0.3049317 0.3271484 0.3049317 0.3476563 0.3049317 0.3476563 0.2797852 0.3447266 0.2966309 0.3334961 0.3659668 0.3803711 0.3615723 0.3754883 0.3669434 0.3735352 0.3669434 0.3735352 0.3735352 0.3759766 0.3659668 0.3803711 0.3659668 0.3803711 0.3735352 0.3759766 0.3747559 0.3818359 0.3735352 0.3759766 0.3798828 0.3837891 0.3747559 0.3818359 0.2514649 0.3657227 0.2797852 0.3447266 0.2792969 0.3666992 0.2775879 0.3911133 0.2514649 0.3657227 0.2792969 0.3666992 0.2775879 0.3911133 0.2792969 0.3666992 0.3066406 0.3886719 0.3706055 0.3867188 0.3659668 0.3803711 0.3747559 0.3818359 0.3747559 0.3818359 0.3798828 0.3837891 0.3706055 0.3867188 0.3706055 0.3867188 0.3798828 0.3837891 0.3745117 0.394043 0.3884277 0.3842774 0.3745117 0.394043 0.3798828 0.3837891 0.3586426 0.3803711 0.3615723 0.3754883 0.3659668 0.3803711 0.3586426 0.3803711 0.3535156 0.3701172 0.3615723 0.3754883 0.3586426 0.3803711 0.3659668 0.3803711 0.359375 0.3857422 0.3654785 0.3881836 0.3659668 0.3803711 0.3706055 0.3867188 0.359375 0.3857422 0.3659668 0.3803711 0.3654785 0.3881836 0.3745117 0.394043 0.364502 0.3955078 0.3706055 0.3867188 0.3706055 0.3867188 0.364502 0.3955078 0.3654785 0.3881836 0.3654785 0.3881836 0.364502 0.3955078 0.359375 0.3857422 0.348877 0.3813477 0.3535156 0.3701172 0.3586426 0.3803711 0.359375 0.3857422 0.348877 0.3813477 0.3586426 0.3803711 0.3518067 0.3920899 0.348877 0.3813477 0.359375 0.3857422 0.359375 0.3857422 0.364502 0.3955078 0.3518067 0.3920899 0.3876953 0.4091797 0.3745117 0.394043 0.3884277 0.3842774 0.3654785 0.4101563 0.3745117 0.394043 0.3876953 0.4091797 0.364502 0.3955078 0.3745117 0.394043 0.3654785 0.4101563 0.3654785 0.4101563 0.3518067 0.3920899 0.364502 0.3955078 0.1676025 0.5922852 0.1464843 0.5900879 0.1672363 0.5629883 0.1906738 0.5664063 0.1676025 0.5922852 0.1672363 0.5629883 0.2137451 0.5725098 0.1906738 0.5664063 0.2215576 0.5380859 0.1906738 0.5664063 0.1672363 0.5629883 0.1934814 0.5332031 0.2215576 0.5380859 0.1906738 0.5664063 0.1934814 0.5332031 0.1204223 0.6813965 0.1231689 0.6621094 0.1290283 0.6799317 0.1100463 0.6640625 0.1231689 0.6621094 0.1204223 0.6813965 0.1100463 0.6640625 0.1157836 0.6416016 0.1231689 0.6621094 0.1085205 0.6166992 0.1279296 0.6154785 0.1157836 0.6416016 0.1279296 0.6154785 0.1085205 0.6166992 0.1240844 0.590332 0.1240844 0.590332 0.1464843 0.5900879 0.1279296 0.6154785 0.1672363 0.5629883 0.1464843 0.5900879 0.1439208 0.5617676 0.1240844 0.590332 0.1439208 0.5617676 0.1464843 0.5900879 0.1439208 0.5617676 0.166748 0.5319824 0.1672363 0.5629883 0.1934814 0.5332031 0.1672363 0.5629883 0.166748 0.5319824 0.1157836 0.6416016 0.09143066 0.623291 0.1085205 0.6166992 0.1008911 0.6462402 0.09143066 0.623291 0.1157836 0.6416016 0.1008911 0.6462402 0.1157836 0.6416016 0.1100463 0.6640625 0.2215576 0.5380859 0.1934814 0.5332031 0.2265625 0.5073242 0.2265625 0.5073242 0.1934814 0.5332031 0.1942138 0.503418 0.166748 0.5319824 0.1942138 0.503418 0.1934814 0.5332031 0.09143066 0.623291 0.08123779 0.5996094 0.1085205 0.6166992 0.1240844 0.590332 0.1085205 0.6166992 0.1026611 0.5927734 0.1085205 0.6166992 0.08123779 0.5996094 0.1026611 0.5927734 0.1026611 0.5927734 0.1196289 0.5625 0.1240844 0.590332 0.1196289 0.5625 0.1439208 0.5617676 0.1240844 0.590332 0.140747 0.5314942 0.166748 0.5319824 0.1439208 0.5617676 0.1439208 0.5617676 0.1196289 0.5625 0.140747 0.5314942 0.140747 0.5314942 0.1658935 0.5029297 0.166748 0.5319824 0.1658935 0.5029297 0.1942138 0.503418 0.166748 0.5319824 0.1026611 0.5927734 0.08123779 0.5996094 0.09570312 0.565918 0.09570312 0.565918 0.1196289 0.5625 0.1026611 0.5927734 0.140747 0.5314942 0.1196289 0.5625 0.114685 0.5332031 0.09570312 0.565918 0.114685 0.5332031 0.1196289 0.5625 0.140747 0.5314942 0.114685 0.5332031 0.1380615 0.5039063 0.1380615 0.5039063 0.1658935 0.5029297 0.140747 0.5314942 0.1942138 0.503418 0.1658935 0.5029297 0.1934814 0.4750977 0.2264404 0.4790039 0.1942138 0.503418 0.1934814 0.4750977 0.2265625 0.5073242 0.1942138 0.503418 0.2264404 0.4790039 0.1658935 0.5029297 0.1380615 0.5039063 0.1646728 0.4746094 0.1934814 0.4750977 0.1658935 0.5029297 0.1646728 0.4746094 0.09570312 0.565918 0.08123779 0.5996094 0.07098388 0.5729981 0.09570312 0.565918 0.07098388 0.5729981 0.08850097 0.5366211 0.08850097 0.5366211 0.114685 0.5332031 0.09570312 0.565918 0.1380615 0.5039063 0.114685 0.5332031 0.1106567 0.5070801 0.08850097 0.5366211 0.1106567 0.5070801 0.114685 0.5332031 0.1067504 0.4799805 0.1380615 0.5039063 0.1106567 0.5070801 0.1358642 0.4765625 0.1380615 0.5039063 0.1067504 0.4799805 0.1646728 0.4746094 0.1380615 0.5039063 0.1358642 0.4765625 0.1934814 0.4750977 0.2252197 0.4526367 0.2264404 0.4790039 0.1923828 0.4511719 0.2252197 0.4526367 0.1934814 0.4750977 0.1934814 0.4750977 0.1646728 0.4746094 0.1923828 0.4511719 0.1923828 0.4511719 0.1646728 0.4746094 0.1636962 0.4506836 0.1646728 0.4746094 0.1358642 0.4765625 0.1636962 0.4506836 0.08258056 0.5107422 0.1067504 0.4799805 0.1106567 0.5070801 0.08258056 0.5107422 0.1106567 0.5070801 0.08850097 0.5366211 0.08850097 0.5366211 0.07098388 0.5729981 0.06109619 0.5432129 0.08850097 0.5366211 0.06109619 0.5432129 0.08258056 0.5107422 0.1044921 0.4550781 0.1358642 0.4765625 0.1067504 0.4799805 0.1340332 0.4521484 0.1358642 0.4765625 0.1044921 0.4550781 0.1636962 0.4506836 0.1358642 0.4765625 0.1340332 0.4521484 0.07788085 0.4833984 0.1067504 0.4799805 0.08258056 0.5107422 0.1067504 0.4799805 0.07476806 0.4594727 0.1044921 0.4550781 0.07788085 0.4833984 0.07476806 0.4594727 0.1067504 0.4799805 0.08258056 0.5107422 0.06109619 0.5432129 0.05285644 0.5144043 0.08258056 0.5107422 0.05285644 0.5144043 0.07788085 0.4833984 0.1923828 0.4511719 0.1636962 0.4506836 0.1921386 0.4213867 0.2244873 0.421875 0.1923828 0.4511719 0.1921386 0.4213867 0.2252197 0.4526367 0.1923828 0.4511719 0.2244873 0.421875 0.1323242 0.4238281 0.1636962 0.4506836 0.1340332 0.4521484 0.1628417 0.421875 0.1636962 0.4506836 0.1323242 0.4238281 0.1921386 0.4213867 0.1636962 0.4506836 0.1628417 0.421875 0.1323242 0.4238281 0.1340332 0.4521484 0.1014404 0.4277344 0.1014404 0.4277344 0.1340332 0.4521484 0.1044921 0.4550781 0.07476806 0.4594727 0.07214355 0.4335938 0.1044921 0.4550781 0.1044921 0.4550781 0.07214355 0.4335938 0.1014404 0.4277344 0.04623413 0.4848633 0.07476806 0.4594727 0.07788085 0.4833984 0.07788085 0.4833984 0.05285644 0.5144043 0.04623413 0.4848633 0.0430603 0.4619141 0.07476806 0.4594727 0.04623413 0.4848633 0.0430603 0.4619141 0.07214355 0.4335938 0.07476806 0.4594727 0.1323242 0.4238281 0.1313476 0.3964844 0.1628417 0.421875 0.09869384 0.3994141 0.1323242 0.4238281 0.1014404 0.4277344 0.1313476 0.3964844 0.1323242 0.4238281 0.09869384 0.3994141 0.1628417 0.421875 0.1313476 0.3964844 0.1623535 0.394043 0.1623535 0.394043 0.1921386 0.4213867 0.1628417 0.421875 0.07214355 0.4335938 0.07086181 0.4086914 0.1014404 0.4277344 0.1014404 0.4277344 0.07086181 0.4086914 0.09869384 0.3994141 0.1921386 0.3925781 0.1921386 0.4213867 0.1623535 0.394043 0.2233886 0.3925781 0.1921386 0.4213867 0.1921386 0.3925781 0.2244873 0.421875 0.1921386 0.4213867 0.2233886 0.3925781 0.03982543 0.4326172 0.07086181 0.4086914 0.07214355 0.4335938 0.03982543 0.4326172 0.07214355 0.4335938 0.0430603 0.4619141 0.1313476 0.3964844 0.1307373 0.3710938 0.1623535 0.394043 0.1313476 0.3964844 0.1000366 0.3730469 0.1307373 0.3710938 0.09869384 0.3994141 0.1000366 0.3730469 0.1313476 0.3964844 0.09869384 0.3994141 0.07086181 0.4086914 0.08587646 0.3886719 0.08587646 0.3886719 0.1000366 0.3730469 0.09869384 0.3994141 0.1623535 0.394043 0.1617431 0.3686524 0.1921386 0.3925781 0.1623535 0.394043 0.1307373 0.3710938 0.1617431 0.3686524 0.1921386 0.3925781 0.1617431 0.3686524 0.1922607 0.3681641 0.1922607 0.3681641 0.2233886 0.3925781 0.1921386 0.3925781 0.03662109 0.4042969 0.07086181 0.4086914 0.03982543 0.4326172 0.08587646 0.3886719 0.07086181 0.4086914 0.07092285 0.3984375 0.05343627 0.3920899 0.07086181 0.4086914 0.03662109 0.4042969 0.07092285 0.3984375 0.07086181 0.4086914 0.05343627 0.3920899 0.09857177 0.3422852 0.1307373 0.3710938 0.1000366 0.3730469 0.1297607 0.3417969 0.1307373 0.3710938 0.09857177 0.3422852 0.1297607 0.3417969 0.1617431 0.3686524 0.1307373 0.3710938 0.09857177 0.3422852 0.1000366 0.3730469 0.08300781 0.3613281 0.08746337 0.3745117 0.1000366 0.3730469 0.08587646 0.3886719 0.08300781 0.3613281 0.1000366 0.3730469 0.08746337 0.3745117 0.06909179 0.3881836 0.08587646 0.3886719 0.07092285 0.3984375 0.07690429 0.3823242 0.08587646 0.3886719 0.06909179 0.3881836 0.07690429 0.3823242 0.08746337 0.3745117 0.08587646 0.3886719 0.06909179 0.3881836 0.07092285 0.3984375 0.06030273 0.3862305 0.06030273 0.3862305 0.07092285 0.3984375 0.05343627 0.3920899 0.1613769 0.3398438 0.1617431 0.3686524 0.1297607 0.3417969 0.1915283 0.3398438 0.1617431 0.3686524 0.1613769 0.3398438 0.1922607 0.3681641 0.1617431 0.3686524 0.1915283 0.3398438 0.03662109 0.4042969 0.03436279 0.375 0.05343627 0.3920899 0.05343627 0.3920899 0.04766845 0.3789063 0.06030273 0.3862305 0.05343627 0.3920899 0.03436279 0.375 0.04766845 0.3789063 0.06835937 0.3779297 0.07690429 0.3823242 0.06909179 0.3881836 0.06030273 0.3862305 0.06835937 0.3779297 0.06909179 0.3881836 0.07757568 0.375 0.08746337 0.3745117 0.07690429 0.3823242 0.07757568 0.375 0.07690429 0.3823242 0.06835937 0.3779297 0.08300781 0.3613281 0.08746337 0.3745117 0.07470703 0.3701172 0.07470703 0.3701172 0.08746337 0.3745117 0.07757568 0.375 0.06030273 0.3862305 0.04766845 0.3789063 0.05947875 0.3779297 0.05947875 0.3779297 0.06835937 0.3779297 0.06030273 0.3862305 0.07757568 0.375 0.06835937 0.3779297 0.07470703 0.3701172 0.05947875 0.3779297 0.04766845 0.3789063 0.06002807 0.3706055 0.06002807 0.3706055 0.06835937 0.3779297 0.05947875 0.3779297 0.06002807 0.3706055 0.04766845 0.3789063 0.05169677 0.3642578 0.04766845 0.3789063 0.03436279 0.375 0.05169677 0.3642578 0.07470703 0.3701172 0.06835937 0.3779297 0.06884765 0.3671875 0.06884765 0.3671875 0.06835937 0.3779297 0.06002807 0.3706055 0.05169677 0.3642578 0.03436279 0.375 0.0335083 0.3466797 0.05169677 0.3642578 0.06793212 0.3583984 0.06002807 0.3706055 0.06002807 0.3706055 0.06793212 0.3583984 0.06884765 0.3671875 0.06884765 0.3671875 0.06793212 0.3583984 0.07470703 0.3701172 0.0335083 0.3466797 0.06689453 0.3442383 0.05169677 0.3642578 0.05169677 0.3642578 0.06689453 0.3442383 0.06793212 0.3583984 0.07470703 0.3701172 0.06793212 0.3583984 0.08300781 0.3613281 0.06689453 0.3442383 0.08258056 0.34375 0.06793212 0.3583984 0.06793212 0.3583984 0.08258056 0.34375 0.08300781 0.3613281 0.03210449 0.309082 0.06689453 0.3442383 0.0335083 0.3466797 0.06524658 0.3095703 0.06689453 0.3442383 0.03210449 0.309082 0.06524658 0.3095703 0.08258056 0.34375 0.06689453 0.3442383 0.08300781 0.3613281 0.08258056 0.34375 0.09857177 0.3422852 0.08349609 0.3085938 0.09857177 0.3422852 0.08258056 0.34375 0.08349609 0.3085938 0.08258056 0.34375 0.06524658 0.3095703 0.06524658 0.3095703 0.03210449 0.309082 0.06488037 0.2788086 0.06488037 0.2788086 0.08349609 0.3085938 0.06524658 0.3095703 0.06488037 0.2788086 0.03210449 0.309082 0.03176879 0.2768555 0.1070556 0.3071289 0.09857177 0.3422852 0.08349609 0.3085938 0.08349609 0.3085938 0.08496093 0.277832 0.1070556 0.3071289 0.08496093 0.277832 0.08349609 0.3085938 0.06488037 0.2788086 0.06488037 0.2788086 0.03176879 0.2768555 0.06604003 0.2485351 0.06488037 0.2788086 0.06604003 0.2485351 0.08496093 0.277832 0.1070556 0.3071289 0.1297607 0.3417969 0.09857177 0.3422852 0.06604003 0.2485351 0.03176879 0.2768555 0.03329467 0.2446289 0.1293945 0.3076172 0.1297607 0.3417969 0.1070556 0.3071289 0.1075439 0.2758789 0.1293945 0.3076172 0.1070556 0.3071289 0.1070556 0.3071289 0.08496093 0.277832 0.1075439 0.2758789 0.08496093 0.277832 0.08746337 0.2485351 0.1075439 0.2758789 0.08496093 0.277832 0.06604003 0.2485351 0.08746337 0.2485351 0.06604003 0.2485351 0.03329467 0.2446289 0.06848144 0.224121 0.06848144 0.224121 0.08746337 0.2485351 0.06604003 0.2485351 0.06848144 0.224121 0.03329467 0.2446289 0.03671264 0.2182617 0.1075439 0.2758789 0.08746337 0.2485351 0.1104736 0.246582 0.1104736 0.246582 0.1300048 0.2734375 0.1075439 0.2758789 0.1300048 0.2734375 0.1293945 0.3076172 0.1075439 0.2758789 0.08746337 0.2485351 0.09020996 0.2260742 0.1104736 0.246582 0.09020996 0.2260742 0.08746337 0.2485351 0.06848144 0.224121 0.1608886 0.3105469 0.1297607 0.3417969 0.1293945 0.3076172 0.1612548 0.28125 0.1293945 0.3076172 0.1300048 0.2734375 0.1608886 0.3105469 0.1293945 0.3076172 0.1612548 0.28125 0.1613769 0.3398438 0.1297607 0.3417969 0.1608886 0.3105469 0.03671264 0.2182617 0.04089355 0.1899414 0.06848144 0.224121 0.06848144 0.224121 0.09295654 0.2089843 0.09020996 0.2260742 0.07653808 0.1992187 0.09295654 0.2089843 0.06848144 0.224121 0.06848144 0.224121 0.04089355 0.1899414 0.07653808 0.1992187 0.1104736 0.246582 0.09020996 0.2260742 0.1121215 0.2255859 0.09295654 0.2089843 0.1121215 0.2255859 0.09020996 0.2260742 0.1104736 0.246582 0.1121215 0.2255859 0.1324462 0.243164 0.1324462 0.243164 0.1300048 0.2734375 0.1104736 0.246582 0.1300048 0.2734375 0.1324462 0.243164 0.147705 0.2543945 0.147705 0.2543945 0.1612548 0.28125 0.1300048 0.2734375 0.1613769 0.3398438 0.1608886 0.3105469 0.1915283 0.3398438 0.1612548 0.28125 0.19104 0.3081055 0.1608886 0.3105469 0.1915283 0.3398438 0.1608886 0.3105469 0.19104 0.3081055 0.09295654 0.2089843 0.07653808 0.1992187 0.09313964 0.1958007 0.1105957 0.2036132 0.1121215 0.2255859 0.09295654 0.2089843 0.09313964 0.1958007 0.1105957 0.2036132 0.09295654 0.2089843 0.1105957 0.2036132 0.1342773 0.2246093 0.1121215 0.2255859 0.1324462 0.243164 0.1121215 0.2255859 0.1342773 0.2246093 0.147705 0.2543945 0.1324462 0.243164 0.1453857 0.2412109 0.1324462 0.243164 0.1342773 0.2246093 0.1453857 0.2412109 0.04089355 0.1899414 0.07305908 0.1831054 0.07653808 0.1992187 0.04904174 0.1606445 0.07305908 0.1831054 0.04089355 0.1899414 0.09313964 0.1958007 0.07653808 0.1992187 0.08581542 0.192871 0.08416748 0.1860351 0.07653808 0.1992187 0.07305908 0.1831054 0.08581542 0.192871 0.07653808 0.1992187 0.08416748 0.1860351 0.1002807 0.1914062 0.1105957 0.2036132 0.09313964 0.1958007 0.09313964 0.1958007 0.09362792 0.1855468 0.1002807 0.1914062 0.08581542 0.192871 0.09362792 0.1855468 0.09313964 0.1958007 0.08416748 0.1860351 0.09362792 0.1855468 0.08581542 0.192871 0.1374511 0.2011718 0.1342773 0.2246093 0.1105957 0.2036132 0.1002807 0.1914062 0.1160888 0.1875 0.1105957 0.2036132 0.1105957 0.2036132 0.1160888 0.1875 0.1374511 0.2011718 0.1453857 0.2412109 0.1342773 0.2246093 0.1510009 0.2304687 0.1342773 0.2246093 0.1629638 0.2211914 0.1510009 0.2304687 0.1374511 0.2011718 0.1629638 0.2211914 0.1342773 0.2246093 0.08416748 0.1860351 0.07305908 0.1831054 0.08740234 0.1791992 0.08740234 0.1791992 0.09362792 0.1855468 0.08416748 0.1860351 0.08740234 0.1791992 0.07305908 0.1831054 0.08123779 0.1665039 0.04904174 0.1606445 0.08123779 0.1665039 0.07305908 0.1831054 0.1027221 0.1865234 0.1160888 0.1875 0.1002807 0.1914062 0.1002807 0.1914062 0.09362792 0.1855468 0.1027221 0.1865234 0.1027221 0.1865234 0.09362792 0.1855468 0.1021728 0.1791992 0.09582519 0.1762695 0.09362792 0.1855468 0.08740234 0.1791992 0.1021728 0.1791992 0.09362792 0.1855468 0.09582519 0.1762695 0.08740234 0.1791992 0.08123779 0.1665039 0.09582519 0.1762695 0.1021728 0.1791992 0.1160888 0.1875 0.1027221 0.1865234 0.1374511 0.2011718 0.1160888 0.1875 0.1416015 0.1782226 0.1136474 0.1723632 0.1416015 0.1782226 0.1160888 0.1875 0.1136474 0.1723632 0.1160888 0.1875 0.1021728 0.1791992 0.1416015 0.1782226 0.1656494 0.2050781 0.1374511 0.2011718 0.1656494 0.2050781 0.1629638 0.2211914 0.1374511 0.2011718 0.09582519 0.1762695 0.09875488 0.1635742 0.1021728 0.1791992 0.1021728 0.1791992 0.09875488 0.1635742 0.1136474 0.1723632 0.09582519 0.1762695 0.08123779 0.1665039 0.09875488 0.1635742 0.1510009 0.2304687 0.1629638 0.2211914 0.1622314 0.2299804 0.1510009 0.2304687 0.1622314 0.2299804 0.1560058 0.2368164 0.1560058 0.2368164 0.1453857 0.2412109 0.1510009 0.2304687 0.1560058 0.2368164 0.1622314 0.2299804 0.1618652 0.2363281 0.1629638 0.2211914 0.1728515 0.2333984 0.1622314 0.2299804 0.1662597 0.2387695 0.1622314 0.2299804 0.1728515 0.2333984 0.1618652 0.2363281 0.1622314 0.2299804 0.1662597 0.2387695 0.1662597 0.2387695 0.1606445 0.2426757 0.1618652 0.2363281 0.1618652 0.2363281 0.1606445 0.2426757 0.1560058 0.2368164 0.1535644 0.2426757 0.1453857 0.2412109 0.1560058 0.2368164 0.1560058 0.2368164 0.1606445 0.2426757 0.1535644 0.2426757 0.1550292 0.246582 0.1453857 0.2412109 0.1535644 0.2426757 0.1535644 0.2426757 0.1606445 0.2426757 0.1550292 0.246582 0.147705 0.2543945 0.1453857 0.2412109 0.1550292 0.246582 0.1604003 0.25 0.147705 0.2543945 0.1550292 0.246582 0.1550292 0.246582 0.1606445 0.2426757 0.1604003 0.25 0.1728515 0.2333984 0.1757812 0.2436523 0.1662597 0.2387695 0.1677246 0.2436523 0.1606445 0.2426757 0.1662597 0.2387695 0.1662597 0.2387695 0.1757812 0.2436523 0.1677246 0.2436523 0.1604003 0.25 0.1606445 0.2426757 0.1657714 0.2485351 0.1657714 0.2485351 0.1606445 0.2426757 0.1677246 0.2436523 0.1677246 0.2436523 0.1757812 0.2436523 0.1657714 0.2485351 0.1657714 0.2485351 0.1611328 0.2607422 0.1604003 0.25 0.3518067 0.3920899 0.3366699 0.3847656 0.348877 0.3813477 0.348877 0.3813477 0.3366699 0.3847656 0.3535156 0.3701172 0.3361817 0.409668 0.3518067 0.3920899 0.3654785 0.4101563 0.3361817 0.409668 0.3366699 0.3847656 0.3518067 0.3920899 0.3884277 0.3842774 0.4069824 0.3886719 0.3876953 0.4091797 0.4069824 0.3886719 0.3884277 0.3842774 0.4074707 0.3754883 0.3654785 0.4101563 0.3386231 0.4316406 0.3361817 0.409668 0.3671875 0.4311524 0.3386231 0.4316406 0.3654785 0.4101563 0.3876953 0.4091797 0.3671875 0.4311524 0.3654785 0.4101563 0.395752 0.4301758 0.3671875 0.4311524 0.3876953 0.4091797 0.3876953 0.4091797 0.4086914 0.4111328 0.395752 0.4301758 0.3876953 0.4091797 0.4069824 0.3886719 0.4086914 0.4111328 0.3361817 0.409668 0.3066406 0.3886719 0.3366699 0.3847656 0.3083496 0.4101563 0.3066406 0.3886719 0.3361817 0.409668 0.3103027 0.4321289 0.3361817 0.409668 0.3386231 0.4316406 0.3083496 0.4101563 0.3361817 0.409668 0.3103027 0.4321289 0.4074707 0.3754883 0.4291992 0.3818359 0.4069824 0.3886719 0.4069824 0.3886719 0.4262695 0.394043 0.4086914 0.4111328 0.4069824 0.3886719 0.4291992 0.3818359 0.4262695 0.394043 0.4291992 0.3818359 0.4074707 0.3754883 0.4313965 0.3642578 0.3386231 0.4316406 0.3127442 0.4560547 0.3103027 0.4321289 0.3405762 0.4550781 0.3127442 0.4560547 0.3386231 0.4316406 0.3671875 0.4311524 0.3405762 0.4550781 0.3386231 0.4316406 0.3674317 0.453125 0.3405762 0.4550781 0.3671875 0.4311524 0.3952637 0.4511719 0.3671875 0.4311524 0.395752 0.4301758 0.3674317 0.453125 0.3671875 0.4311524 0.3952637 0.4511719 0.395752 0.4301758 0.4086914 0.4111328 0.4143067 0.4311524 0.395752 0.4301758 0.4143067 0.4311524 0.4089356 0.4379883 0.4089356 0.4379883 0.3952637 0.4511719 0.395752 0.4301758 0.4086914 0.4111328 0.4262695 0.394043 0.4250488 0.4130859 0.4086914 0.4111328 0.4250488 0.4130859 0.4143067 0.4311524 0.3066406 0.3886719 0.3083496 0.4101563 0.2775879 0.3911133 0.286377 0.4360352 0.3083496 0.4101563 0.3103027 0.4321289 0.3103027 0.4321289 0.2905274 0.4555664 0.286377 0.4360352 0.3127442 0.4560547 0.2905274 0.4555664 0.3103027 0.4321289 0.3674317 0.453125 0.3952637 0.4511719 0.3684082 0.4770508 0.3674317 0.453125 0.3684082 0.4770508 0.3405762 0.4550781 0.3398438 0.4785156 0.3127442 0.4560547 0.3405762 0.4550781 0.3405762 0.4550781 0.3684082 0.4770508 0.3398438 0.4785156 0.3129883 0.4780274 0.3127442 0.4560547 0.3398438 0.4785156 0.3127442 0.4560547 0.2902832 0.4750977 0.2905274 0.4555664 0.3129883 0.4780274 0.2902832 0.4750977 0.3127442 0.4560547 0.3684082 0.4770508 0.3952637 0.4511719 0.4011231 0.4731445 0.4082031 0.453125 0.3952637 0.4511719 0.4089356 0.4379883 0.4082031 0.453125 0.4011231 0.4731445 0.3952637 0.4511719 0.4089356 0.4379883 0.4143067 0.4311524 0.4204102 0.4433594 0.4204102 0.4433594 0.4082031 0.453125 0.4089356 0.4379883 0.4143067 0.4311524 0.4279785 0.4316406 0.4204102 0.4433594 0.4143067 0.4311524 0.4250488 0.4130859 0.4279785 0.4316406 0.362793 0.5026856 0.3398438 0.4785156 0.3684082 0.4770508 0.3684082 0.4770508 0.3881836 0.5058594 0.362793 0.5026856 0.4011231 0.4731445 0.3881836 0.5058594 0.3684082 0.4770508 0.3371582 0.5029297 0.3398438 0.4785156 0.362793 0.5026856 0.3398438 0.4785156 0.3371582 0.5029297 0.3129883 0.4780274 0.3129883 0.4780274 0.2924805 0.5024414 0.2902832 0.4750977 0.3117676 0.5031738 0.2924805 0.5024414 0.3129883 0.4780274 0.3129883 0.4780274 0.3371582 0.5029297 0.3117676 0.5031738 0.2741699 0.465332 0.2905274 0.4555664 0.2902832 0.4750977 0.2902832 0.4750977 0.2924805 0.5024414 0.2680664 0.4829102 0.2902832 0.4750977 0.2680664 0.4829102 0.2741699 0.465332 0.4011231 0.4731445 0.4143067 0.4848633 0.3881836 0.5058594 0.4111328 0.4702149 0.4011231 0.4731445 0.4082031 0.453125 0.4011231 0.4731445 0.4111328 0.4702149 0.4143067 0.4848633 0.4196777 0.456543 0.4111328 0.4702149 0.4082031 0.453125 0.4196777 0.456543 0.4082031 0.453125 0.4204102 0.4433594 0.4204102 0.4433594 0.4279785 0.4316406 0.4313965 0.4472656 0.4313965 0.4472656 0.4196777 0.456543 0.4204102 0.4433594 0.362793 0.5026856 0.3579102 0.5336914 0.3371582 0.5029297 0.362793 0.5026856 0.3803711 0.5383301 0.3579102 0.5336914 0.3881836 0.5058594 0.3803711 0.5383301 0.362793 0.5026856 0.3881836 0.5058594 0.4143067 0.4848633 0.4050293 0.5119629 0.3881836 0.5058594 0.4050293 0.5119629 0.3803711 0.5383301 0.3371582 0.5029297 0.3579102 0.5336914 0.3352051 0.5314942 0.3352051 0.5314942 0.3117676 0.5031738 0.3371582 0.5029297 0.420166 0.4741211 0.4111328 0.4702149 0.4196777 0.456543 0.4143067 0.4848633 0.4111328 0.4702149 0.420166 0.4741211 0.4294434 0.4912109 0.4050293 0.5119629 0.4143067 0.4848633 0.420166 0.4741211 0.4294434 0.4912109 0.4143067 0.4848633 0.4196777 0.456543 0.4321289 0.4614258 0.420166 0.4741211 0.4321289 0.4614258 0.4196777 0.456543 0.4313965 0.4472656 0.4316406 0.4765625 0.4294434 0.4912109 0.420166 0.4741211 0.420166 0.4741211 0.4321289 0.4614258 0.4316406 0.4765625 0.3579102 0.5336914 0.3525391 0.5654297 0.3352051 0.5314942 0.3579102 0.5336914 0.371582 0.5683594 0.3525391 0.5654297 0.3803711 0.5383301 0.371582 0.5683594 0.3579102 0.5336914 0.3803711 0.5383301 0.3964844 0.5429688 0.371582 0.5683594 0.3803711 0.5383301 0.4050293 0.5119629 0.3964844 0.5429688 0.4431152 0.4755859 0.4294434 0.4912109 0.4316406 0.4765625 0.4321289 0.4614258 0.4431152 0.4755859 0.4316406 0.4765625 0.4282227 0.512207 0.4050293 0.5119629 0.4294434 0.4912109 0.4443359 0.4941406 0.4294434 0.4912109 0.4431152 0.4755859 0.4443359 0.4941406 0.4282227 0.512207 0.4294434 0.4912109 0.4050293 0.5119629 0.4282227 0.512207 0.409668 0.5439453 0.371582 0.5683594 0.3964844 0.5429688 0.387207 0.5737305 0.387207 0.5737305 0.3771973 0.6015625 0.371582 0.5683594 0.3625488 0.5974121 0.3525391 0.5654297 0.371582 0.5683594 0.371582 0.5683594 0.3771973 0.6015625 0.3625488 0.5974121 0.409668 0.5439453 0.4282227 0.512207 0.4328613 0.5378418 0.4482422 0.5109863 0.4328613 0.5378418 0.4282227 0.512207 0.4482422 0.5109863 0.4282227 0.512207 0.4443359 0.4941406 0.4443359 0.4941406 0.4431152 0.4755859 0.458252 0.4926758 0.458252 0.4926758 0.4482422 0.5109863 0.4443359 0.4941406 0.3771973 0.6015625 0.3676758 0.6242676 0.3625488 0.5974121 0.3481445 0.5952149 0.3525391 0.5654297 0.3625488 0.5974121 0.3625488 0.5974121 0.3562012 0.6210938 0.3481445 0.5952149 0.3625488 0.5974121 0.3676758 0.6242676 0.3562012 0.6210938 0.4543457 0.5314942 0.4328613 0.5378418 0.4482422 0.5109863 0.4643555 0.5046387 0.4543457 0.5314942 0.4482422 0.5109863 0.4643555 0.5046387 0.4482422 0.5109863 0.458252 0.4926758 0.4328613 0.5378418 0.4399414 0.567627 0.409668 0.5439453 0.4328613 0.5378418 0.4592285 0.5627442 0.4399414 0.567627 0.4543457 0.5314942 0.4592285 0.5627442 0.4328613 0.5378418 0.3579102 0.6435547 0.3562012 0.6210938 0.3676758 0.6242676 0.3481445 0.5952149 0.3562012 0.6210938 0.3435059 0.6223145 0.3479004 0.6445313 0.3435059 0.6223145 0.3562012 0.6210938 0.3479004 0.6445313 0.3562012 0.6210938 0.3579102 0.6435547 0.4543457 0.5314942 0.4790039 0.5603027 0.4592285 0.5627442 0.4770508 0.5251465 0.4790039 0.5603027 0.4543457 0.5314942 0.4770508 0.5251465 0.4543457 0.5314942 0.4643555 0.5046387 0.4592285 0.5627442 0.4641113 0.5922852 0.4399414 0.567627 0.4592285 0.5627442 0.480957 0.5891113 0.4641113 0.5922852 0.4790039 0.5603027 0.480957 0.5891113 0.4592285 0.5627442 0.3515625 0.6594238 0.3479004 0.6445313 0.3579102 0.6435547 0.3369141 0.6479492 0.3435059 0.6223145 0.3479004 0.6445313 0.3439942 0.659668 0.3369141 0.6479492 0.3479004 0.6445313 0.3439942 0.659668 0.3479004 0.6445313 0.3515625 0.6594238 0.4938965 0.529541 0.4790039 0.5603027 0.4770508 0.5251465 0.4931641 0.5598145 0.4790039 0.5603027 0.4938965 0.529541 0.4931641 0.5598145 0.4941406 0.5881348 0.4790039 0.5603027 0.4790039 0.5603027 0.4941406 0.5881348 0.480957 0.5891113 0.4941406 0.5881348 0.4953613 0.6147461 0.480957 0.5891113 0.4833984 0.6159668 0.4641113 0.5922852 0.480957 0.5891113 0.480957 0.5891113 0.4953613 0.6147461 0.4833984 0.6159668 0.3422852 0.675293 0.3439942 0.659668 0.3515625 0.6594238 0.333252 0.6621094 0.3369141 0.6479492 0.3439942 0.659668 0.3369141 0.6755371 0.3439942 0.659668 0.3422852 0.675293 0.3369141 0.6755371 0.333252 0.6621094 0.3439942 0.659668 0.4931641 0.5598145 0.5063477 0.5603027 0.4941406 0.5881348 0.5087891 0.5319824 0.4931641 0.5598145 0.4938965 0.529541 0.5063477 0.5603027 0.4931641 0.5598145 0.5087891 0.5319824 0.4941406 0.5881348 0.5058594 0.6137695 0.4953613 0.6147461 0.5063477 0.5881348 0.5058594 0.6137695 0.4941406 0.5881348 0.4941406 0.5881348 0.5063477 0.5603027 0.5063477 0.5881348 0.4953613 0.6147461 0.4963379 0.6386719 0.4833984 0.6159668 0.4953613 0.6147461 0.5058594 0.6384277 0.4963379 0.6386719 0.5058594 0.6137695 0.5058594 0.6384277 0.4953613 0.6147461 0.5063477 0.5603027 0.5087891 0.5319824 0.5185547 0.5612793 0.5063477 0.5603027 0.5185547 0.5612793 0.5063477 0.5881348 0.3330078 0.6757813 0.333252 0.6621094 0.3369141 0.6755371 0.5058594 0.6137695 0.5063477 0.5881348 0.5146484 0.6135254 0.5131836 0.6374512 0.5058594 0.6137695 0.5146484 0.6135254 0.5058594 0.6384277 0.5058594 0.6137695 0.5131836 0.6374512 0.5063477 0.5881348 0.5185547 0.5612793 0.5166016 0.5881348 0.5146484 0.6135254 0.5063477 0.5881348 0.5166016 0.5881348 0.5058594 0.6547852 0.4963379 0.6386719 0.5058594 0.6384277 0.5151367 0.6518555 0.5058594 0.6384277 0.5131836 0.6374512 0.5058594 0.6547852 0.5058594 0.6384277 0.5151367 0.6518555 0.5166016 0.5881348 0.5234375 0.6137695 0.5146484 0.6135254 0.5146484 0.6135254 0.5209961 0.6354981 0.5131836 0.6374512 0.5234375 0.6137695 0.5209961 0.6354981 0.5146484 0.6135254 0.5151367 0.6518555 0.5131836 0.6374512 0.5229492 0.6484375 0.5229492 0.6484375 0.5131836 0.6374512 0.5209961 0.6354981 0.5166016 0.5881348 0.5185547 0.5612793 0.5288086 0.5888672 0.5288086 0.5888672 0.5234375 0.6137695 0.5166016 0.5881348 0.527832 0.6655274 0.5151367 0.6518555 0.5229492 0.6484375 0.5185547 0.6728516 0.5151367 0.6518555 0.527832 0.6655274 0.5185547 0.6728516 0.5058594 0.6547852 0.5151367 0.6518555 0.5234375 0.6137695 0.5288086 0.5888672 0.5322266 0.6147461 0.5273438 0.6323242 0.5234375 0.6137695 0.5322266 0.6147461 0.5209961 0.6354981 0.5234375 0.6137695 0.5273438 0.6323242 0.5229492 0.6484375 0.5209961 0.6354981 0.5327149 0.6418457 0.5327149 0.6418457 0.5209961 0.6354981 0.5273438 0.6323242 0.527832 0.6655274 0.5229492 0.6484375 0.5385742 0.6535645 0.5385742 0.6535645 0.5229492 0.6484375 0.5327149 0.6418457 0.5224609 0.6835938 0.5185547 0.6728516 0.527832 0.6655274 0.5087891 0.6760254 0.5058594 0.6547852 0.5185547 0.6728516 0.5161133 0.6835938 0.5185547 0.6728516 0.5224609 0.6835938 0.5185547 0.6728516 0.5161133 0.6835938 0.5087891 0.6760254 0.5322266 0.6147461 0.5332031 0.6264649 0.5273438 0.6323242 0.5273438 0.6323242 0.5400391 0.6333008 0.5327149 0.6418457 0.5332031 0.6264649 0.5400391 0.6333008 0.5273438 0.6323242 0.5400391 0.6333008 0.5478516 0.640625 0.5327149 0.6418457 0.5327149 0.6418457 0.5478516 0.640625 0.5385742 0.6535645 0.5395508 0.6162109 0.5332031 0.6264649 0.5322266 0.6147461 0.5395508 0.6162109 0.5400391 0.6333008 0.5332031 0.6264649 0.550293 0.6184082 0.5478516 0.640625 0.5400391 0.6333008 0.550293 0.6184082 0.5400391 0.6333008 0.5395508 0.6162109 0.5322266 0.6147461 0.5405274 0.590332 0.5395508 0.6162109 0.5322266 0.6147461 0.5288086 0.5888672 0.5405274 0.590332 0.5395508 0.6162109 0.5405274 0.590332 0.5532227 0.5925293 0.5532227 0.5925293 0.550293 0.6184082 0.5395508 0.6162109 0.5087891 0.6760254 0.5161133 0.6835938 0.5107422 0.6833496 0.5600586 0.6230469 0.5478516 0.640625 0.550293 0.6184082 0.5654297 0.5947266 0.550293 0.6184082 0.5532227 0.5925293 0.550293 0.6184082 0.5654297 0.5947266 0.5600586 0.6230469 0.5405274 0.590332 0.5478516 0.5634766 0.5532227 0.5925293 0.5332031 0.5622559 0.5405274 0.590332 0.5288086 0.5888672 0.5478516 0.5634766 0.5405274 0.590332 0.5332031 0.5622559 0.5532227 0.5925293 0.5478516 0.5634766 0.5649414 0.5651856 0.5532227 0.5925293 0.5649414 0.5651856 0.5654297 0.5947266 0.5288086 0.5888672 0.5185547 0.5612793 0.5332031 0.5622559 0.5600586 0.6230469 0.5654297 0.5947266 0.5751953 0.5976563 0.5654297 0.5947266 0.5649414 0.5651856 0.5791016 0.5688477 0.5791016 0.5688477 0.5751953 0.5976563 0.5654297 0.5947266 0.5390625 0.5302734 0.5478516 0.5634766 0.5332031 0.5622559 0.5224609 0.5319824 0.5332031 0.5622559 0.5185547 0.5612793 0.5390625 0.5302734 0.5332031 0.5622559 0.5224609 0.5319824 0.5649414 0.5651856 0.5478516 0.5634766 0.574707 0.5344238 0.5566406 0.5268555 0.5478516 0.5634766 0.5390625 0.5302734 0.574707 0.5344238 0.5478516 0.5634766 0.5566406 0.5268555 0.5791016 0.5688477 0.5649414 0.5651856 0.5888672 0.5410156 0.5888672 0.5410156 0.5649414 0.5651856 0.574707 0.5344238 0.5888672 0.5410156 0.5898438 0.5722656 0.5791016 0.5688477 0.5898438 0.5722656 0.5751953 0.5976563 0.5791016 0.5688477 0.5185547 0.5612793 0.5087891 0.5319824 0.5224609 0.5319824 0.5385742 0.5104981 0.5566406 0.5268555 0.5390625 0.5302734 0.5390625 0.5302734 0.5249024 0.5114746 0.5385742 0.5104981 0.5224609 0.5319824 0.5249024 0.5114746 0.5390625 0.5302734 0.5087891 0.5319824 0.5136719 0.5117188 0.5224609 0.5319824 0.5224609 0.5319824 0.5136719 0.5117188 0.5249024 0.5114746 0.574707 0.5344238 0.5859375 0.5107422 0.5888672 0.5410156 0.574707 0.5344238 0.5751953 0.5041504 0.5859375 0.5107422 0.5566406 0.5268555 0.5751953 0.5041504 0.574707 0.5344238 0.5566406 0.5268555 0.5512695 0.5065918 0.5751953 0.5041504 0.5512695 0.5065918 0.5566406 0.5268555 0.5385742 0.5104981 0.5888672 0.5410156 0.5859375 0.5107422 0.5981445 0.5148926 0.5888672 0.5410156 0.5981445 0.5148926 0.6025391 0.5444336 0.6025391 0.5444336 0.5898438 0.5722656 0.5888672 0.5410156 0.5385742 0.5104981 0.5361328 0.4926758 0.5512695 0.5065918 0.5385742 0.5104981 0.5258789 0.4926758 0.5361328 0.4926758 0.5249024 0.5114746 0.5258789 0.4926758 0.5385742 0.5104981 0.5136719 0.5117188 0.5175781 0.4926758 0.5249024 0.5114746 0.5249024 0.5114746 0.5175781 0.4926758 0.5258789 0.4926758 0.5136719 0.5117188 0.5087891 0.5319824 0.5014649 0.5107422 0.5136719 0.5117188 0.5078125 0.4926758 0.5175781 0.4926758 0.5014649 0.5107422 0.5078125 0.4926758 0.5136719 0.5117188 0.5751953 0.5041504 0.5810547 0.4926758 0.5859375 0.5107422 0.5859375 0.5107422 0.5922852 0.4960938 0.5981445 0.5148926 0.5859375 0.5107422 0.5810547 0.4926758 0.5922852 0.4960938 0.5751953 0.5041504 0.5512695 0.5065918 0.5654297 0.4951172 0.5654297 0.4951172 0.5810547 0.4926758 0.5751953 0.5041504 0.5512695 0.5065918 0.5463867 0.4912109 0.5654297 0.4951172 0.5512695 0.5065918 0.5361328 0.4926758 0.5463867 0.4912109 0.6025391 0.5444336 0.5981445 0.5148926 0.6147461 0.5168457 0.5981445 0.5148926 0.6044922 0.496582 0.6147461 0.5168457 0.5981445 0.5148926 0.5922852 0.4960938 0.6044922 0.496582 0.5463867 0.4912109 0.5361328 0.4926758 0.5415039 0.4765625 0.5361328 0.4926758 0.5258789 0.4926758 0.5336914 0.4760742 0.5415039 0.4765625 0.5361328 0.4926758 0.5336914 0.4760742 0.5336914 0.4760742 0.5258789 0.4926758 0.5258789 0.4750977 0.5258789 0.4926758 0.519043 0.4750977 0.5258789 0.4750977 0.5175781 0.4926758 0.519043 0.4750977 0.5258789 0.4926758 0.519043 0.4750977 0.5175781 0.4926758 0.512207 0.4755859 0.512207 0.4755859 0.5175781 0.4926758 0.5078125 0.4926758 0.5810547 0.4926758 0.59375 0.4760742 0.5922852 0.4960938 0.5922852 0.4960938 0.59375 0.4760742 0.6044922 0.496582 0.1611328 0.2607422 0.147705 0.2543945 0.1604003 0.25 0.1657714 0.2485351 0.1757812 0.2436523 0.171997 0.2563477 0.171997 0.2563477 0.1611328 0.2607422 0.1657714 0.2485351 0.1728515 0.2333984 0.1911621 0.230957 0.1757812 0.2436523 0.1911621 0.230957 0.1728515 0.2333984 0.1629638 0.2211914 0.1757812 0.2436523 0.1915283 0.2504883 0.171997 0.2563477 0.1757812 0.2436523 0.1911621 0.230957 0.1915283 0.2504883 0.171997 0.2563477 0.1612548 0.28125 0.1611328 0.2607422 0.1611328 0.2607422 0.1612548 0.28125 0.147705 0.2543945 0.171997 0.2563477 0.1915283 0.2504883 0.1907958 0.2758789 0.1907958 0.2758789 0.1612548 0.28125 0.171997 0.2563477 0.2230224 0.234375 0.1915283 0.2504883 0.1911621 0.230957 0.1915283 0.2504883 0.2221679 0.2578125 0.1907958 0.2758789 0.2221679 0.2578125 0.1915283 0.2504883 0.2230224 0.234375 0.1907958 0.2758789 0.19104 0.3081055 0.1612548 0.28125 0.2218017 0.28125 0.19104 0.3081055 0.1907958 0.2758789 0.1907958 0.2758789 0.2221679 0.2578125 0.2218017 0.28125 0.22229 0.3095703 0.19104 0.3081055 0.2218017 0.28125 0.22229 0.3095703 0.1915283 0.3398438 0.19104 0.3081055 0.2218017 0.28125 0.2512207 0.3095703 0.22229 0.3095703 0.2512207 0.3095703 0.2231445 0.3383789 0.22229 0.3095703 0.2231445 0.3383789 0.1915283 0.3398438 0.22229 0.3095703 0.2233886 0.3662109 0.1915283 0.3398438 0.2231445 0.3383789 0.1922607 0.3681641 0.1915283 0.3398438 0.2233886 0.3662109 0.2536621 0.3378906 0.2231445 0.3383789 0.2512207 0.3095703 0.2231445 0.3383789 0.2514649 0.3657227 0.2233886 0.3662109 0.2536621 0.3378906 0.2514649 0.3657227 0.2231445 0.3383789 0.2507324 0.390625 0.2233886 0.3662109 0.2514649 0.3657227 0.2233886 0.3925781 0.2233886 0.3662109 0.2507324 0.390625 0.2233886 0.3662109 0.2233886 0.3925781 0.1922607 0.3681641 0.2536621 0.3378906 0.2797852 0.3447266 0.2514649 0.3657227 0.2536621 0.3378906 0.2729492 0.3237305 0.2797852 0.3447266 0.2512207 0.3095703 0.2729492 0.3237305 0.2536621 0.3378906 0.270752 0.3110352 0.2729492 0.3237305 0.2512207 0.3095703 0.270752 0.3110352 0.2512207 0.3095703 0.2773438 0.3007813 0.2507324 0.390625 0.2514649 0.3657227 0.2775879 0.3911133 0.2507324 0.390625 0.2486572 0.4194336 0.2233886 0.3925781 0.2729492 0.4174805 0.2507324 0.390625 0.2775879 0.3911133 0.2486572 0.4194336 0.2507324 0.390625 0.2729492 0.4174805 0.2233886 0.3925781 0.2486572 0.4194336 0.2244873 0.421875 0.270752 0.3110352 0.2773438 0.3007813 0.2824707 0.3110352 0.282959 0.3168945 0.270752 0.3110352 0.2824707 0.3110352 0.2729492 0.3237305 0.270752 0.3110352 0.282959 0.3168945 0.2797852 0.3447266 0.2729492 0.3237305 0.282959 0.331543 0.2866211 0.3217774 0.2729492 0.3237305 0.282959 0.3168945 0.282959 0.331543 0.2729492 0.3237305 0.2866211 0.3217774 0.2966309 0.3334961 0.2797852 0.3447266 0.282959 0.331543 0.2824707 0.3110352 0.2905274 0.3129883 0.282959 0.3168945 0.282959 0.3168945 0.2905274 0.3129883 0.2866211 0.3217774 0.2824707 0.3110352 0.2773438 0.3007813 0.2849121 0.3076172 0.2849121 0.3076172 0.2905274 0.3129883 0.2824707 0.3110352 0.2773438 0.3007813 0.2875977 0.2963867 0.2849121 0.3076172 0.2775879 0.3911133 0.3083496 0.4101563 0.2729492 0.4174805 0.2966309 0.3334961 0.282959 0.331543 0.2922363 0.3208008 0.2922363 0.3208008 0.282959 0.331543 0.2866211 0.3217774 0.2905274 0.3129883 0.2922363 0.3208008 0.2866211 0.3217774 0.2653809 0.4414063 0.2486572 0.4194336 0.2729492 0.4174805 0.2729492 0.4174805 0.286377 0.4360352 0.2653809 0.4414063 0.2729492 0.4174805 0.3083496 0.4101563 0.286377 0.4360352 0.2849121 0.3076172 0.2875977 0.2963867 0.2900391 0.3061524 0.2900391 0.3061524 0.2905274 0.3129883 0.2849121 0.3076172 0.2922363 0.3208008 0.3049317 0.3271484 0.2966309 0.3334961 0.2963867 0.3173828 0.2922363 0.3208008 0.2905274 0.3129883 0.2963867 0.3173828 0.3049317 0.3271484 0.2922363 0.3208008 0.2875977 0.2963867 0.2995606 0.2988281 0.2900391 0.3061524 0.2900391 0.3061524 0.2995606 0.2988281 0.2944336 0.3076172 0.2900391 0.3061524 0.2944336 0.3076172 0.2905274 0.3129883 0.2905274 0.3129883 0.2944336 0.3076172 0.2971192 0.3105469 0.2905274 0.3129883 0.2971192 0.3105469 0.2976074 0.3144531 0.2963867 0.3173828 0.2905274 0.3129883 0.2976074 0.3144531 0.2944336 0.3076172 0.2995606 0.2988281 0.2971192 0.3105469 0.3049317 0.3271484 0.2963867 0.3173828 0.3093262 0.3168945 0.3093262 0.3168945 0.2963867 0.3173828 0.2976074 0.3144531 0.2971192 0.3105469 0.3071289 0.3046875 0.2976074 0.3144531 0.2971192 0.3105469 0.2995606 0.2988281 0.3071289 0.3046875 0.2976074 0.3144531 0.3071289 0.3046875 0.3093262 0.3168945 0.3312988 0.3168945 0.3049317 0.3271484 0.3093262 0.3168945 0.3071289 0.3046875 0.3312988 0.3168945 0.3093262 0.3168945 0.2653809 0.4414063 0.286377 0.4360352 0.2731934 0.4443359 0.286377 0.4360352 0.2905274 0.4555664 0.2731934 0.4443359 0.2731934 0.4443359 0.2905274 0.4555664 0.2753906 0.4545899 0.2753906 0.4545899 0.2905274 0.4555664 0.2741699 0.465332 0.2741699 0.465332 0.2651367 0.4526367 0.2753906 0.4545899 0.2753906 0.4545899 0.2651367 0.4526367 0.2731934 0.4443359 0.2731934 0.4443359 0.2651367 0.4526367 0.2653809 0.4414063 0.265625 0.4677734 0.2651367 0.4526367 0.2741699 0.465332 0.2741699 0.465332 0.2680664 0.4829102 0.265625 0.4677734 0.2680664 0.4829102 0.2474365 0.4770508 0.265625 0.4677734 0.2568359 0.4638672 0.2651367 0.4526367 0.265625 0.4677734 0.265625 0.4677734 0.2474365 0.4770508 0.2568359 0.4638672 0.2653809 0.4414063 0.2651367 0.4526367 0.2578125 0.4462891 0.2563477 0.4536133 0.2651367 0.4526367 0.2568359 0.4638672 0.2578125 0.4462891 0.2651367 0.4526367 0.2563477 0.4536133 0.2474365 0.4770508 0.2434082 0.4516602 0.2568359 0.4638672 0.2568359 0.4638672 0.2434082 0.4516602 0.2563477 0.4536133 0.2563477 0.4536133 0.2434082 0.4516602 0.2578125 0.4462891 0.2578125 0.4462891 0.2486572 0.4194336 0.2653809 0.4414063 0.2578125 0.4462891 0.2434082 0.4516602 0.2486572 0.4194336 0.2680664 0.4829102 0.25 0.5043945 0.2474365 0.4770508 0.2474365 0.4770508 0.2264404 0.4790039 0.2434082 0.4516602 0.25 0.5043945 0.2264404 0.4790039 0.2474365 0.4770508 0.2434082 0.4516602 0.2264404 0.4790039 0.2252197 0.4526367 0.2434082 0.4516602 0.2244873 0.421875 0.2486572 0.4194336 0.2252197 0.4526367 0.2244873 0.421875 0.2434082 0.4516602 0.2724609 0.5019531 0.25 0.5043945 0.2680664 0.4829102 0.2680664 0.4829102 0.2924805 0.5024414 0.2724609 0.5019531 0.2265625 0.5073242 0.2264404 0.4790039 0.25 0.5043945 0.25 0.5043945 0.2329101 0.5371094 0.2265625 0.5073242 0.2548828 0.5334473 0.2329101 0.5371094 0.25 0.5043945 0.2724609 0.5019531 0.2548828 0.5334473 0.25 0.5043945 0.2763672 0.5310059 0.2548828 0.5334473 0.2724609 0.5019531 0.2724609 0.5019531 0.2924805 0.5024414 0.2763672 0.5310059 0.2548828 0.5334473 0.2426757 0.5698242 0.2329101 0.5371094 0.2617188 0.5661621 0.2426757 0.5698242 0.2548828 0.5334473 0.2763672 0.5310059 0.2617188 0.5661621 0.2548828 0.5334473 0.2807617 0.5639649 0.2617188 0.5661621 0.2763672 0.5310059 0.2763672 0.5310059 0.2924805 0.5024414 0.2944336 0.5305176 0.2763672 0.5310059 0.2944336 0.5305176 0.2807617 0.5639649 0.2924805 0.5024414 0.3117676 0.5031738 0.2944336 0.5305176 0.2426757 0.5698242 0.2617188 0.5661621 0.2543945 0.6010742 0.2617188 0.5661621 0.2807617 0.5639649 0.2700195 0.5981445 0.2543945 0.6010742 0.2617188 0.5661621 0.2700195 0.5981445 0.2700195 0.5981445 0.2807617 0.5639649 0.2858887 0.5961914 0.2807617 0.5639649 0.2944336 0.5305176 0.296875 0.5632324 0.296875 0.5632324 0.2858887 0.5961914 0.2807617 0.5639649 0.2944336 0.5305176 0.3120117 0.5307617 0.296875 0.5632324 0.2944336 0.5305176 0.3117676 0.5031738 0.3120117 0.5307617 0.3120117 0.5307617 0.3117676 0.5031738 0.3352051 0.5314942 0.3120117 0.5307617 0.3352051 0.5314942 0.3127442 0.5632324 0.296875 0.5632324 0.3120117 0.5307617 0.3127442 0.5632324 0.3127442 0.5632324 0.2998047 0.5957031 0.296875 0.5632324 0.2998047 0.5957031 0.2858887 0.5961914 0.296875 0.5632324 0.2543945 0.6010742 0.2700195 0.5981445 0.2675781 0.630127 0.2675781 0.630127 0.2700195 0.5981445 0.2797852 0.6296387 0.2858887 0.5961914 0.2797852 0.6296387 0.2700195 0.5981445 0.2919922 0.6291504 0.2797852 0.6296387 0.2858887 0.5961914 0.2998047 0.5957031 0.2919922 0.6291504 0.2858887 0.5961914 0.3137207 0.5952149 0.2998047 0.5957031 0.3127442 0.5632324 0.3137207 0.5952149 0.3037109 0.6286621 0.2998047 0.5957031 0.3037109 0.6286621 0.2919922 0.6291504 0.2998047 0.5957031 0.3127442 0.5632324 0.3352051 0.5314942 0.3327637 0.5637207 0.3310547 0.5947266 0.3127442 0.5632324 0.3327637 0.5637207 0.3137207 0.5952149 0.3127442 0.5632324 0.3310547 0.5947266 0.3352051 0.5314942 0.3525391 0.5654297 0.3327637 0.5637207 0.3525391 0.5654297 0.3481445 0.5952149 0.3327637 0.5637207 0.3327637 0.5637207 0.3481445 0.5952149 0.3310547 0.5947266 0.2797852 0.6296387 0.2770996 0.6499024 0.2675781 0.630127 0.2885742 0.6508789 0.2770996 0.6499024 0.2797852 0.6296387 0.2797852 0.6296387 0.2919922 0.6291504 0.2885742 0.6508789 0.2885742 0.6508789 0.2919922 0.6291504 0.2976074 0.6518555 0.3037109 0.6286621 0.2976074 0.6518555 0.2919922 0.6291504 0.3151856 0.6276856 0.3037109 0.6286621 0.3137207 0.5952149 0.328125 0.6254883 0.3137207 0.5952149 0.3310547 0.5947266 0.3151856 0.6276856 0.3137207 0.5952149 0.328125 0.6254883 0.3151856 0.6276856 0.3063965 0.6523438 0.3037109 0.6286621 0.3063965 0.6523438 0.2976074 0.6518555 0.3037109 0.6286621 0.3481445 0.5952149 0.3435059 0.6223145 0.3310547 0.5947266 0.3310547 0.5947266 0.3435059 0.6223145 0.328125 0.6254883 0.2770996 0.6499024 0.2885742 0.6508789 0.2839356 0.6652832 0.2976074 0.6518555 0.2937012 0.6650391 0.2885742 0.6508789 0.2839356 0.6652832 0.2885742 0.6508789 0.2937012 0.6650391 0.3007813 0.6645508 0.2937012 0.6650391 0.2976074 0.6518555 0.3063965 0.6523438 0.3007813 0.6645508 0.2976074 0.6518555 0.315918 0.6525879 0.3063965 0.6523438 0.3151856 0.6276856 0.3251953 0.6516113 0.3151856 0.6276856 0.328125 0.6254883 0.315918 0.6525879 0.3151856 0.6276856 0.3251953 0.6516113 0.3251953 0.6516113 0.328125 0.6254883 0.3369141 0.6479492 0.3369141 0.6479492 0.328125 0.6254883 0.3435059 0.6223145 0.315918 0.6525879 0.3083496 0.6640625 0.3063965 0.6523438 0.3083496 0.6640625 0.3007813 0.6645508 0.3063965 0.6523438 0.2839356 0.6652832 0.2937012 0.6650391 0.2885742 0.677002 0.2937012 0.6650391 0.3007813 0.6645508 0.2958984 0.6767578 0.2885742 0.677002 0.2937012 0.6650391 0.2958984 0.6767578 0.2958984 0.6767578 0.3007813 0.6645508 0.3044434 0.6762695 0.3007813 0.6645508 0.3083496 0.6640625 0.3044434 0.6762695 0.3164063 0.6635742 0.3083496 0.6640625 0.315918 0.6525879 0.315918 0.6525879 0.3244629 0.6630859 0.3164063 0.6635742 0.3251953 0.6516113 0.3244629 0.6630859 0.315918 0.6525879 0.3244629 0.6630859 0.3251953 0.6516113 0.333252 0.6621094 0.333252 0.6621094 0.3251953 0.6516113 0.3369141 0.6479492 0.3083496 0.6640625 0.3164063 0.6635742 0.3112793 0.6765137 0.3044434 0.6762695 0.3083496 0.6640625 0.3112793 0.6765137 0.3244629 0.6630859 0.3190918 0.6762695 0.3164063 0.6635742 0.3112793 0.6765137 0.3164063 0.6635742 0.3190918 0.6762695 0.3249512 0.6762695 0.3190918 0.6762695 0.3244629 0.6630859 0.3244629 0.6630859 0.3330078 0.6757813 0.3249512 0.6762695 0.333252 0.6621094 0.3330078 0.6757813 0.3244629 0.6630859 0.7348633 0.2539063 0.7397461 0.2607422 0.7358399 0.2607422 0.7358399 0.2607422 0.7397461 0.2607422 0.7368164 0.2675781 0.7299805 0.2670899 0.7358399 0.2607422 0.7368164 0.2675781 0.730957 0.2617188 0.7358399 0.2607422 0.7299805 0.2670899 0.730957 0.2617188 0.7348633 0.2539063 0.7358399 0.2607422 0.7299805 0.2670899 0.7216797 0.265625 0.730957 0.2617188 0.730957 0.2617188 0.7216797 0.265625 0.7270508 0.2568359 0.7270508 0.2568359 0.7348633 0.2539063 0.730957 0.2617188 0.7270508 0.2568359 0.7128906 0.2524414 0.7348633 0.2539063 0.7216797 0.265625 0.7128906 0.2524414 0.7270508 0.2568359 0.01623535 0.941864 0.02479553 0.9376526 0.03044128 0.9625244 0.01623535 0.941864 0.01853942 0.9165039 0.02479553 0.9376526 0.00907135 0.9178467 0.01853942 0.9165039 0.01623535 0.941864 0.03044128 0.9625244 0.02479553 0.9376526 0.03729248 0.9558411 0.02479553 0.9376526 0.03311157 0.9335327 0.03729248 0.9558411 0.01853942 0.9165039 0.02770996 0.9151611 0.02479553 0.9376526 0.02479553 0.9376526 0.02770996 0.9151611 0.03311157 0.9335327 0.03044128 0.9625244 0.03729248 0.9558411 0.050354 0.9777374 0.01853942 0.9165039 0.02825927 0.8959961 0.02770996 0.9151611 0.01913452 0.8944092 0.02825927 0.8959961 0.01853942 0.9165039 0.00907135 0.9178467 0.01913452 0.8944092 0.01853942 0.9165039 0.009712219 0.8927612 0.01913452 0.8944092 0.00907135 0.9178467 0.03729248 0.9558411 0.03311157 0.9335327 0.04394531 0.9494019 0.03729248 0.9558411 0.04394531 0.9494019 0.05480957 0.9692993 0.050354 0.9777374 0.03729248 0.9558411 0.05480957 0.9692993 0.03311157 0.9335327 0.04125976 0.9296265 0.04394531 0.9494019 0.03311157 0.9335327 0.03668212 0.9139404 0.04125976 0.9296265 0.02770996 0.9151611 0.03668212 0.9139404 0.03311157 0.9335327 0.02825927 0.8959961 0.03720092 0.897583 0.02770996 0.9151611 0.02770996 0.9151611 0.03720092 0.897583 0.03668212 0.9139404 0.050354 0.9777374 0.05480957 0.9692993 0.0739746 0.9860764 0.02825927 0.8959961 0.04269409 0.8822022 0.03720092 0.897583 0.03469848 0.8779297 0.04269409 0.8822022 0.02825927 0.8959961 0.01913452 0.8944092 0.03469848 0.8779297 0.02825927 0.8959961 0.02650451 0.8736572 0.03469848 0.8779297 0.01913452 0.8944092 0.009712219 0.8927612 0.02650451 0.8736572 0.01913452 0.8944092 0.01805114 0.8691406 0.02650451 0.8736572 0.009712219 0.8927612 0.04394531 0.9494019 0.04125976 0.9296265 0.05047607 0.9431152 0.05480957 0.9692993 0.04394531 0.9494019 0.05914306 0.9610901 0.04394531 0.9494019 0.05047607 0.9431152 0.05914306 0.9610901 0.0739746 0.9860764 0.05480957 0.9692993 0.07562255 0.9766693 0.05480957 0.9692993 0.05914306 0.9610901 0.07562255 0.9766693 0.04125976 0.9296265 0.04928588 0.9257202 0.05047607 0.9431152 0.04125976 0.9296265 0.0455017 0.9127197 0.04928588 0.9257202 0.03668212 0.9139404 0.0455017 0.9127197 0.04125976 0.9296265 0.03720092 0.897583 0.04595947 0.8991699 0.03668212 0.9139404 0.03668212 0.9139404 0.04595947 0.8991699 0.0455017 0.9127197 0.04269409 0.8822022 0.0505371 0.8864136 0.03720092 0.897583 0.03720092 0.897583 0.0505371 0.8864136 0.04595947 0.8991699 0.0739746 0.9860764 0.07562255 0.9766693 0.09899902 0.9867096 0.04269409 0.8822022 0.05883789 0.8757324 0.0505371 0.8864136 0.05270385 0.8692627 0.05883789 0.8757324 0.04269409 0.8822022 0.03469848 0.8779297 0.05270385 0.8692627 0.04269409 0.8822022 0.04638671 0.862793 0.05270385 0.8692627 0.03469848 0.8779297 0.02650451 0.8736572 0.04638671 0.862793 0.03469848 0.8779297 0.0399475 0.8560791 0.04638671 0.862793 0.02650451 0.8736572 0.01805114 0.8691406 0.0399475 0.8560791 0.02650451 0.8736572 0.03329467 0.8492432 0.0399475 0.8560791 0.01805114 0.8691406 0.05914306 0.9610901 0.05047607 0.9431152 0.06341552 0.9530945 0.07562255 0.9766693 0.05914306 0.9610901 0.07720947 0.9675293 0.05914306 0.9610901 0.06341552 0.9530945 0.07720947 0.9675293 0.09899902 0.9867096 0.07562255 0.9766693 0.09765625 0.9772492 0.07562255 0.9766693 0.07720947 0.9675293 0.09765625 0.9772492 0.0455017 0.9127197 0.05422973 0.9115601 0.04928588 0.9257202 0.0455017 0.9127197 0.05459594 0.9007568 0.05422973 0.9115601 0.04595947 0.8991699 0.05459594 0.9007568 0.0455017 0.9127197 0.0505371 0.8864136 0.05825805 0.890625 0.04595947 0.8991699 0.04595947 0.8991699 0.05825805 0.890625 0.05459594 0.9007568 0.05883789 0.8757324 0.06488037 0.8820801 0.0505371 0.8864136 0.519043 0.4750977 0.5195313 0.4599609 0.5258789 0.4750977 0.5195313 0.4599609 0.519043 0.4750977 0.5141602 0.4609375 0.5141602 0.4609375 0.519043 0.4750977 0.512207 0.4755859 0.5141602 0.4609375 0.512207 0.4516602 0.5195313 0.4599609 0.5141602 0.4609375 0.5063477 0.4560547 0.512207 0.4516602 0.5092774 0.4633789 0.5063477 0.4560547 0.5141602 0.4609375 0.512207 0.4755859 0.5092774 0.4633789 0.5141602 0.4609375 0.5063477 0.4560547 0.5004883 0.4418945 0.512207 0.4516602 0.5004883 0.4418945 0.5063477 0.4560547 0.4921875 0.4482422 0.5092774 0.4633789 0.5 0.4628906 0.5063477 0.4560547 0.4921875 0.4482422 0.5063477 0.4560547 0.5 0.4628906 0.5053711 0.4760742 0.5092774 0.4633789 0.512207 0.4755859 0.512207 0.4755859 0.5078125 0.4926758 0.5053711 0.4760742 0.5043945 0.4667969 0.5 0.4628906 0.5092774 0.4633789 0.5092774 0.4633789 0.5053711 0.4760742 0.5043945 0.4667969 0.487793 0.4365234 0.5004883 0.4418945 0.4921875 0.4482422 0.4921875 0.4482422 0.5 0.4628906 0.4819336 0.4555664 0.4785156 0.4433594 0.4921875 0.4482422 0.4819336 0.4555664 0.487793 0.4365234 0.4921875 0.4482422 0.4785156 0.4433594 0.4819336 0.4555664 0.5 0.4628906 0.4916992 0.472168 0.5043945 0.4667969 0.4916992 0.472168 0.5 0.4628906 0.496582 0.4770508 0.4916992 0.472168 0.5043945 0.4667969 0.5043945 0.4667969 0.5053711 0.4760742 0.496582 0.4770508 0.5053711 0.4760742 0.5078125 0.4926758 0.4990234 0.4916992 0.5053711 0.4760742 0.4990234 0.4916992 0.496582 0.4770508 0.5078125 0.4926758 0.5014649 0.5107422 0.4990234 0.4916992 0.4765625 0.434082 0.487793 0.4365234 0.4785156 0.4433594 0.4819336 0.4555664 0.4916992 0.472168 0.4729004 0.4619141 0.4819336 0.4555664 0.4699707 0.4492188 0.4785156 0.4433594 0.4729004 0.4619141 0.4699707 0.4492188 0.4819336 0.4555664 0.4699707 0.4492188 0.4677734 0.4389649 0.4785156 0.4433594 0.4785156 0.4433594 0.4677734 0.4389649 0.4765625 0.434082 0.496582 0.4770508 0.4821777 0.4799805 0.4916992 0.472168 0.4729004 0.4619141 0.4916992 0.472168 0.4821777 0.4799805 0.4882813 0.4868164 0.4821777 0.4799805 0.496582 0.4770508 0.496582 0.4770508 0.4990234 0.4916992 0.4882813 0.4868164 0.4990234 0.4916992 0.5014649 0.5107422 0.4890137 0.5075684 0.4990234 0.4916992 0.4890137 0.5075684 0.4882813 0.4868164 0.4882813 0.4868164 0.4772949 0.496582 0.4821777 0.4799805 0.4882813 0.4868164 0.4890137 0.5075684 0.4772949 0.496582 0.4621582 0.4248047 0.4765625 0.434082 0.4677734 0.4389649 0.4677734 0.4389649 0.4587402 0.4428711 0.4621582 0.4248047 0.4677734 0.4389649 0.4699707 0.4492188 0.4587402 0.4428711 0.4699707 0.4492188 0.4729004 0.4619141 0.4606934 0.4550781 0.4587402 0.4428711 0.4699707 0.4492188 0.4606934 0.4550781 0.4729004 0.4619141 0.4821777 0.4799805 0.4633789 0.4672852 0.4606934 0.4550781 0.4729004 0.4619141 0.4633789 0.4672852 0.4821777 0.4799805 0.4772949 0.496582 0.4707031 0.4873047 0.4633789 0.4672852 0.4821777 0.4799805 0.4707031 0.4873047 0.4772949 0.496582 0.4643555 0.5046387 0.4707031 0.4873047 0.4772949 0.496582 0.4890137 0.5075684 0.4643555 0.5046387 0.4621582 0.4248047 0.4587402 0.4428711 0.4494629 0.4262695 0.4587402 0.4428711 0.4606934 0.4550781 0.4511719 0.4462891 0.4587402 0.4428711 0.4511719 0.4462891 0.4494629 0.4262695 0.4511719 0.4462891 0.4606934 0.4550781 0.4511719 0.4594727 0.4606934 0.4550781 0.4633789 0.4672852 0.4511719 0.4594727 0.4511719 0.4594727 0.4633789 0.4672852 0.4526367 0.472168 0.4707031 0.4873047 0.4526367 0.472168 0.4633789 0.4672852 0.458252 0.4926758 0.4526367 0.472168 0.4707031 0.4873047 0.4707031 0.4873047 0.4643555 0.5046387 0.458252 0.4926758 0.4523926 0.421875 0.4621582 0.4248047 0.4494629 0.4262695 0.4643555 0.5046387 0.4890137 0.5075684 0.4770508 0.5251465 0.4511719 0.4462891 0.4511719 0.4594727 0.4428711 0.449707 0.4428711 0.449707 0.4433594 0.4282227 0.4511719 0.4462891 0.4494629 0.4262695 0.4511719 0.4462891 0.4433594 0.4282227 0.4511719 0.4594727 0.4526367 0.472168 0.4428711 0.4609375 0.4428711 0.449707 0.4511719 0.4594727 0.4428711 0.4609375 0.458252 0.4926758 0.4431152 0.4755859 0.4526367 0.472168 0.4428711 0.4609375 0.4526367 0.472168 0.4431152 0.4755859 0.4433594 0.4282227 0.4421387 0.4130859 0.4494629 0.4262695 0.4494629 0.4262695 0.4470215 0.4125977 0.4523926 0.421875 0.4494629 0.4262695 0.4421387 0.4130859 0.4470215 0.4125977 0.4428711 0.4609375 0.4431152 0.4755859 0.4321289 0.4614258 0.4428711 0.4609375 0.4321289 0.4614258 0.4428711 0.449707 0.4523926 0.421875 0.4470215 0.4125977 0.4506836 0.4121094 0.4377442 0.4301758 0.4433594 0.4282227 0.4428711 0.449707 0.4428711 0.449707 0.4321289 0.4614258 0.4313965 0.4472656 0.4428711 0.449707 0.4313965 0.4472656 0.4377442 0.4301758 0.4377442 0.4301758 0.4370117 0.4130859 0.4433594 0.4282227 0.4433594 0.4282227 0.4370117 0.4130859 0.4421387 0.4130859 0.4421387 0.4130859 0.4492188 0.4023438 0.4470215 0.4125977 0.4492188 0.4023438 0.4506836 0.4121094 0.4470215 0.4125977 0.4443359 0.3999024 0.4492188 0.4023438 0.4421387 0.4130859 0.4370117 0.4130859 0.4443359 0.3999024 0.4421387 0.4130859 0.4377442 0.4301758 0.4313965 0.4472656 0.4279785 0.4316406 0.4279785 0.4316406 0.4370117 0.4130859 0.4377442 0.4301758 0.4250488 0.4130859 0.4370117 0.4130859 0.4279785 0.4316406 0.4396973 0.3979492 0.4443359 0.3999024 0.4370117 0.4130859 0.4370117 0.4130859 0.4250488 0.4130859 0.4396973 0.3979492 0.4443359 0.3999024 0.4482422 0.3930664 0.4492188 0.4023438 0.4396973 0.3979492 0.4482422 0.3930664 0.4443359 0.3999024 0.4396973 0.3979492 0.4250488 0.4130859 0.4262695 0.394043 0.4396973 0.3979492 0.4262695 0.394043 0.4438477 0.3896484 0.4438477 0.3896484 0.4482422 0.3930664 0.4396973 0.3979492 0.4511719 0.3847656 0.4482422 0.3930664 0.4438477 0.3896484 0.4438477 0.3896484 0.4262695 0.394043 0.4291992 0.3818359 0.4291992 0.3818359 0.4458008 0.3759766 0.4438477 0.3896484 0.4438477 0.3896484 0.4458008 0.3759766 0.4511719 0.3847656 0.4458008 0.3759766 0.4570313 0.3745117 0.4511719 0.3847656 0.4291992 0.3818359 0.4313965 0.3642578 0.4458008 0.3759766 0.4458008 0.3759766 0.4313965 0.3642578 0.4436035 0.3662109 0.4560547 0.3671875 0.4458008 0.3759766 0.4436035 0.3662109 0.4570313 0.3745117 0.4458008 0.3759766 0.4560547 0.3671875 0.4436035 0.3662109 0.4313965 0.3642578 0.4450684 0.3569336 0.4436035 0.3662109 0.4450684 0.3569336 0.4560547 0.3671875 0.4694824 0.3681641 0.4570313 0.3745117 0.4560547 0.3671875 0.4570313 0.3588867 0.4694824 0.3681641 0.4560547 0.3671875 0.4560547 0.3671875 0.4450684 0.3569336 0.4570313 0.3588867 0.4450684 0.3569336 0.458252 0.3510742 0.4570313 0.3588867 0.470459 0.3608399 0.4694824 0.3681641 0.4570313 0.3588867 0.458252 0.3510742 0.4714356 0.3535156 0.4570313 0.3588867 0.4570313 0.3588867 0.4714356 0.3535156 0.470459 0.3608399 0.4851074 0.355957 0.470459 0.3608399 0.4714356 0.3535156 0.4714356 0.3535156 0.458252 0.3510742 0.4714356 0.3496094 0.4851074 0.3515625 0.4714356 0.3535156 0.4714356 0.3496094 0.4851074 0.355957 0.4714356 0.3535156 0.4851074 0.3515625 0.4714356 0.3496094 0.458252 0.3510742 0.4584961 0.347168 0.4714356 0.3496094 0.4841309 0.3481445 0.4851074 0.3515625 0.4702149 0.3461914 0.4841309 0.3481445 0.4714356 0.3496094 0.4714356 0.3496094 0.4584961 0.347168 0.4702149 0.3461914 0.4841309 0.3481445 0.4987793 0.3491211 0.4851074 0.3515625 0.4702149 0.3461914 0.482666 0.34375 0.4841309 0.3481445 0.4702149 0.3461914 0.4584961 0.347168 0.4575195 0.34375 0.4685059 0.3422852 0.482666 0.34375 0.4702149 0.3461914 0.4702149 0.3461914 0.4575195 0.34375 0.4685059 0.3422852 0.4472656 0.3447266 0.4575195 0.34375 0.4584961 0.347168 0.4685059 0.3422852 0.4575195 0.34375 0.4555664 0.340332 0.4460449 0.3408203 0.4575195 0.34375 0.4472656 0.3447266 0.4575195 0.34375 0.4460449 0.3408203 0.4555664 0.340332 0.4685059 0.3422852 0.4804688 0.3354492 0.482666 0.34375 0.4658203 0.3349609 0.4804688 0.3354492 0.4685059 0.3422852 0.4555664 0.340332 0.4658203 0.3349609 0.4685059 0.3422852 0.4804688 0.3354492 0.4960938 0.3354492 0.482666 0.34375 0.4362793 0.3408203 0.4460449 0.3408203 0.4472656 0.3447266 0.4526367 0.3334961 0.4658203 0.3349609 0.4555664 0.340332 0.4555664 0.340332 0.4460449 0.3408203 0.4443359 0.3374024 0.4443359 0.3374024 0.4526367 0.3334961 0.4555664 0.340332 0.4353027 0.3374024 0.4460449 0.3408203 0.4362793 0.3408203 0.4460449 0.3408203 0.4353027 0.3374024 0.4443359 0.3374024 0.4658203 0.3349609 0.4631348 0.3261719 0.4804688 0.3354492 0.4804688 0.3354492 0.4782715 0.3256836 0.4960938 0.3354492 0.4804688 0.3354492 0.4631348 0.3261719 0.4782715 0.3256836 0.4631348 0.3261719 0.4658203 0.3349609 0.449707 0.3261719 0.449707 0.3261719 0.4658203 0.3349609 0.4526367 0.3334961 0.4411621 0.331543 0.449707 0.3261719 0.4526367 0.3334961 0.4411621 0.331543 0.4526367 0.3334961 0.4443359 0.3374024 0.4335938 0.3334961 0.4411621 0.331543 0.4443359 0.3374024 0.4443359 0.3374024 0.4353027 0.3374024 0.4335938 0.3334961 0.4631348 0.3261719 0.4665527 0.3227539 0.4782715 0.3256836 0.4631348 0.3261719 0.449707 0.3261719 0.4665527 0.3227539 0.4960938 0.3354492 0.4782715 0.3256836 0.4943848 0.324707 0.4362793 0.3408203 0.4248047 0.3354492 0.4353027 0.3374024 0.4353027 0.3374024 0.4248047 0.3354492 0.4240723 0.3320313 0.4353027 0.3374024 0.4240723 0.3320313 0.4335938 0.3334961 0.4782715 0.3256836 0.4812012 0.3227539 0.4943848 0.324707 0.4306641 0.328125 0.4411621 0.331543 0.4335938 0.3334961 0.4384766 0.324707 0.449707 0.3261719 0.4411621 0.331543 0.4306641 0.328125 0.4384766 0.324707 0.4411621 0.331543 0.4226074 0.3286133 0.4306641 0.328125 0.4335938 0.3334961 0.4335938 0.3334961 0.4240723 0.3320313 0.4226074 0.3286133 0.449707 0.3261719 0.4384766 0.324707 0.4528809 0.3227539 0.4787598 0.3012695 0.4665527 0.3227539 0.4528809 0.3227539 0.4885254 0.3012695 0.4665527 0.3227539 0.4787598 0.3012695 0.4885254 0.3012695 0.4812012 0.3227539 0.4665527 0.3227539 0.4992676 0.3012695 0.4812012 0.3227539 0.4885254 0.3012695 0.4992676 0.3012695 0.4968262 0.3222656 0.4812012 0.3227539 0.4899902 0.2949219 0.4992676 0.3012695 0.4885254 0.3012695 0.4804688 0.2949219 0.4885254 0.3012695 0.4787598 0.3012695 0.4899902 0.2949219 0.4885254 0.3012695 0.4804688 0.2949219 0.4804688 0.2949219 0.4787598 0.3012695 0.4707031 0.2954102 0.5092774 0.3012695 0.4968262 0.3222656 0.4992676 0.3012695 0.4997559 0.2949219 0.4992676 0.3012695 0.4899902 0.2949219 0.5087891 0.2949219 0.4992676 0.3012695 0.4997559 0.2949219 0.5092774 0.3012695 0.4992676 0.3012695 0.5087891 0.2949219 0.4899902 0.2949219 0.4912109 0.2900391 0.4997559 0.2949219 0.4707031 0.2954102 0.4729004 0.2905274 0.4804688 0.2949219 0.4707031 0.2954102 0.4628906 0.2910156 0.4729004 0.2905274 0.5180664 0.2949219 0.5092774 0.3012695 0.5087891 0.2949219 0.4997559 0.2949219 0.5087891 0.2895508 0.5087891 0.2949219 0.5 0.2895508 0.5087891 0.2895508 0.4997559 0.2949219 0.4997559 0.2949219 0.4912109 0.2900391 0.5 0.2895508 0.5087891 0.2895508 0.5170899 0.2895508 0.5087891 0.2949219 0.5087891 0.2949219 0.5170899 0.2895508 0.5180664 0.2949219 0.5 0.2851563 0.5087891 0.2895508 0.5 0.2895508 0.5 0.2895508 0.4912109 0.2900391 0.5 0.2851563 0.5087891 0.2895508 0.5087891 0.2851563 0.5170899 0.2895508 0.5087891 0.2851563 0.5087891 0.2895508 0.5 0.2851563 0.4729004 0.2905274 0.4628906 0.2910156 0.4726563 0.2866211 0.4726563 0.2866211 0.4628906 0.2910156 0.4626465 0.2871094 0.409668 0.5439453 0.4399414 0.567627 0.4196777 0.5742188 0.4470215 0.5959473 0.4196777 0.5742188 0.4399414 0.567627 0.4399414 0.567627 0.4641113 0.5922852 0.4470215 0.5959473 0.4301758 0.6020508 0.4196777 0.5742188 0.4470215 0.5959473 0.4470215 0.5959473 0.4538574 0.6184082 0.4301758 0.6020508 0.4470215 0.5959473 0.4641113 0.5922852 0.4538574 0.6184082 0.4301758 0.6020508 0.4538574 0.6184082 0.4401856 0.6247559 0.4538574 0.6184082 0.4599609 0.6396484 0.4401856 0.6247559 0.4538574 0.6184082 0.4641113 0.5922852 0.4685059 0.6179199 0.4538574 0.6184082 0.4685059 0.6179199 0.4599609 0.6396484 0.4685059 0.6179199 0.4641113 0.5922852 0.4833984 0.6159668 0.4401856 0.6247559 0.4599609 0.6396484 0.4489746 0.6447754 0.4863281 0.6394043 0.4685059 0.6179199 0.4833984 0.6159668 0.4736328 0.6425781 0.4685059 0.6179199 0.4863281 0.6394043 0.4599609 0.6396484 0.4685059 0.6179199 0.4736328 0.6425781 0.4489746 0.6447754 0.4599609 0.6396484 0.4567871 0.6604004 0.4599609 0.6396484 0.4736328 0.6425781 0.4643555 0.659668 0.4567871 0.6604004 0.4599609 0.6396484 0.4643555 0.659668 0.4833984 0.6159668 0.4963379 0.6386719 0.4863281 0.6394043 0.4863281 0.6394043 0.486084 0.657959 0.4736328 0.6425781 0.496582 0.6567383 0.4863281 0.6394043 0.4963379 0.6386719 0.486084 0.657959 0.4863281 0.6394043 0.496582 0.6567383 0.4736328 0.6425781 0.486084 0.657959 0.4765625 0.6582031 0.4643555 0.659668 0.4736328 0.6425781 0.4765625 0.6582031 0.486084 0.657959 0.4865723 0.6679688 0.4765625 0.6582031 0.496582 0.6567383 0.4865723 0.6679688 0.486084 0.657959 0.4567871 0.6604004 0.4643555 0.659668 0.4609375 0.6791992 0.4609375 0.6791992 0.4643555 0.659668 0.4692383 0.6779785 0.4643555 0.659668 0.4765625 0.6582031 0.4692383 0.6779785 0.4765625 0.6582031 0.4865723 0.6679688 0.4780274 0.6767578 0.4692383 0.6779785 0.4765625 0.6582031 0.4780274 0.6767578 0.496582 0.6567383 0.4963379 0.6386719 0.5058594 0.6547852 0.4980469 0.6704102 0.4865723 0.6679688 0.496582 0.6567383 0.5058594 0.6547852 0.4980469 0.6704102 0.496582 0.6567383 0.4980469 0.6704102 0.4958496 0.6809082 0.4865723 0.6679688 0.4865723 0.6679688 0.4958496 0.6809082 0.4780274 0.6767578 0.4980469 0.6704102 0.5087891 0.6760254 0.4958496 0.6809082 0.5087891 0.6760254 0.4980469 0.6704102 0.5058594 0.6547852 0.4958496 0.6809082 0.5087891 0.6760254 0.5107422 0.6833496 0.4770508 0.5251465 0.4890137 0.5075684 0.4938965 0.529541 0.4938965 0.529541 0.4890137 0.5075684 0.5014649 0.5107422 0.5014649 0.5107422 0.5087891 0.5319824 0.4938965 0.529541 0.6181641 0.2988281 0.6171875 0.3007813 0.6132813 0.3017578 0.6181641 0.2988281 0.6206055 0.3007813 0.6171875 0.3007813 0.6118164 0.3027344 0.6113281 0.3032227 0.6108399 0.3032227 0.6118164 0.3022461 0.6118164 0.3022461 0.6118164 0.3027344 0.6108399 0.3032227 0.6103516 0.3037109 0.6064453 0.3061524 0.8012695 0.5771484 0.7885742 0.6047363 0.7788086 0.5830078 0.8081055 0.5998535 0.7885742 0.6047363 0.8012695 0.5771484 0.8251953 0.5725098 0.8081055 0.5998535 0.8012695 0.5771484 0.8081055 0.5998535 0.800293 0.628418 0.7885742 0.6047363 0.8164063 0.6223145 0.800293 0.628418 0.8081055 0.5998535 0.8286133 0.5976563 0.8081055 0.5998535 0.8251953 0.5725098 0.8081055 0.5998535 0.8286133 0.5976563 0.8164063 0.6223145 0.8461914 0.5725098 0.8286133 0.5976563 0.8251953 0.5725098 0.8461914 0.5725098 0.8251953 0.5725098 0.8461914 0.5456543 0.8164063 0.6223145 0.8286133 0.5976563 0.831543 0.6176758 0.8476563 0.5974121 0.8286133 0.5976563 0.8461914 0.5725098 0.8286133 0.5976563 0.8476563 0.5974121 0.831543 0.6176758 0.8227539 0.6396484 0.800293 0.628418 0.8164063 0.6223145 0.8339844 0.6362305 0.8164063 0.6223145 0.831543 0.6176758 0.8227539 0.6396484 0.8164063 0.6223145 0.8339844 0.6362305 0.831543 0.6176758 0.8476563 0.6176758 0.8339844 0.6362305 0.831543 0.6176758 0.8476563 0.5974121 0.8476563 0.6176758 0.8100586 0.6474609 0.800293 0.628418 0.8227539 0.6396484 0.8461914 0.5456543 0.8686524 0.5476074 0.8461914 0.5725098 0.8461914 0.5725098 0.8662109 0.574707 0.8476563 0.5974121 0.0505371 0.8864136 0.06488037 0.8820801 0.05825805 0.890625 0.09899902 0.9867096 0.09765625 0.9772492 0.1230468 0.9795685 0.04638671 0.862793 0.0661621 0.8601074 0.05270385 0.8692627 0.05270385 0.8692627 0.07006835 0.868042 0.05883789 0.8757324 0.0661621 0.8601074 0.07006835 0.868042 0.05270385 0.8692627 0.0399475 0.8560791 0.06222534 0.8519287 0.04638671 0.862793 0.06222534 0.8519287 0.0661621 0.8601074 0.04638671 0.862793 0.03329467 0.8492432 0.05813598 0.8436279 0.0399475 0.8560791 0.05813598 0.8436279 0.06222534 0.8519287 0.0399475 0.8560791 0.05392456 0.835083 0.05813598 0.8436279 0.03329467 0.8492432 0.07720947 0.9675293 0.06341552 0.9530945 0.07879638 0.9586182 0.07720947 0.9675293 0.07879638 0.9586182 0.09637451 0.9680786 0.09765625 0.9772492 0.07720947 0.9675293 0.09637451 0.9680786 0.1230468 0.9795685 0.09765625 0.9772492 0.1188354 0.9709931 0.09765625 0.9772492 0.09637451 0.9680786 0.1188354 0.9709931 0.05459594 0.9007568 0.06311035 0.9023438 0.05422973 0.9115601 0.05459594 0.9007568 0.06591796 0.8947754 0.06311035 0.9023438 0.05825805 0.890625 0.06591796 0.8947754 0.05459594 0.9007568 0.06488037 0.8820801 0.07086181 0.8884277 0.05825805 0.890625 0.05825805 0.890625 0.07086181 0.8884277 0.06591796 0.8947754 0.1230468 0.9795685 0.1188354 0.9709931 0.1436767 0.9653626 0.0661621 0.8601074 0.08306884 0.8642578 0.07006835 0.868042 0.08190917 0.8554688 0.08306884 0.8642578 0.0661621 0.8601074 0.06222534 0.8519287 0.08190917 0.8554688 0.0661621 0.8601074 0.08062744 0.8465576 0.08190917 0.8554688 0.06222534 0.8519287 0.05813598 0.8436279 0.08062744 0.8465576 0.06222534 0.8519287 0.0793457 0.8374024 0.08062744 0.8465576 0.05813598 0.8436279 0.05392456 0.835083 0.0793457 0.8374024 0.05813598 0.8436279 0.07794189 0.8278809 0.0793457 0.8374024 0.05392456 0.835083 0.09637451 0.9680786 0.07879638 0.9586182 0.09509277 0.9591065 0.09637451 0.9680786 0.09509277 0.9591065 0.114746 0.962677 0.1188354 0.9709931 0.09637451 0.9680786 0.114746 0.962677 0.1188354 0.9709931 0.114746 0.962677 0.1370849 0.9584961 0.1436767 0.9653626 0.1188354 0.9709931 0.1370849 0.9584961 0.07086181 0.8884277 0.07678222 0.8947144 0.06591796 0.8947754 0.06591796 0.8947754 0.07348632 0.8989258 0.06311035 0.9023438 0.06591796 0.8947754 0.07678222 0.8947144 0.07348632 0.8989258 0.1436767 0.9653626 0.1370849 0.9584961 0.1589355 0.9454651 0.08190917 0.8554688 0.09661865 0.8647461 0.08306884 0.8642578 0.09820556 0.855957 0.09661865 0.8647461 0.08190917 0.8554688 0.08062744 0.8465576 0.09820556 0.855957 0.08190917 0.8554688 0.0793457 0.8374024 0.09979248 0.8470459 0.08062744 0.8465576 0.09979248 0.8470459 0.09820556 0.855957 0.08062744 0.8465576 0.1013793 0.8378906 0.09979248 0.8470459 0.0793457 0.8374024 0.07794189 0.8278809 0.1013793 0.8378906 0.0793457 0.8374024 0.1030273 0.8284912 0.1013793 0.8378906 0.07794189 0.8278809 0.1370849 0.9584961 0.114746 0.962677 0.1306152 0.9518433 0.114746 0.962677 0.1107788 0.9545288 0.1306152 0.9518433 0.114746 0.962677 0.09509277 0.9591065 0.1107788 0.9545288 0.1370849 0.9584961 0.1306152 0.9518433 0.1505126 0.9410095 0.1589355 0.9454651 0.1370849 0.9584961 0.1505126 0.9410095 0.1589355 0.9454651 0.1505126 0.9410095 0.1672363 0.921814 0.09979248 0.8470459 0.1135864 0.8614502 0.09820556 0.855957 0.09820556 0.855957 0.109375 0.8693848 0.09661865 0.8647461 0.1135864 0.8614502 0.109375 0.8693848 0.09820556 0.855957 0.1013793 0.8378906 0.1178588 0.8535156 0.09979248 0.8470459 0.1178588 0.8535156 0.1135864 0.8614502 0.09979248 0.8470459 0.1030273 0.8284912 0.1221923 0.8453369 0.1013793 0.8378906 0.1221923 0.8453369 0.1178588 0.8535156 0.1013793 0.8378906 0.1265869 0.8369141 0.1221923 0.8453369 0.1030273 0.8284912 0.1306152 0.9518433 0.1107788 0.9545288 0.1243286 0.9453125 0.1306152 0.9518433 0.1243286 0.9453125 0.1423339 0.9366455 0.1505126 0.9410095 0.1306152 0.9518433 0.1423339 0.9366455 0.1505126 0.9410095 0.1423339 0.9366455 0.1578369 0.920166 0.1672363 0.921814 0.1505126 0.9410095 0.1578369 0.920166 0.1672363 0.921814 0.1578369 0.920166 0.1678466 0.8967896 0.1178588 0.8535156 0.1264648 0.87146 0.1135864 0.8614502 0.1135864 0.8614502 0.1201171 0.8776245 0.109375 0.8693848 0.1264648 0.87146 0.1201171 0.8776245 0.1135864 0.8614502 0.1330566 0.8652344 0.1264648 0.87146 0.1178588 0.8535156 0.1221923 0.8453369 0.1330566 0.8652344 0.1178588 0.8535156 0.1396484 0.8587647 0.1330566 0.8652344 0.1221923 0.8453369 0.1265869 0.8369141 0.1396484 0.8587647 0.1221923 0.8453369 0.1466064 0.8520508 0.1396484 0.8587647 0.1265869 0.8369141 0.1423339 0.9366455 0.1243286 0.9453125 0.1342773 0.9324341 0.1578369 0.920166 0.1423339 0.9366455 0.1486816 0.9185791 0.1423339 0.9366455 0.1342773 0.9324341 0.1486816 0.9185791 0.1678466 0.8967896 0.1578369 0.920166 0.1584472 0.8981323 0.1578369 0.920166 0.1486816 0.9185791 0.1584472 0.8981323 0.1678466 0.8967896 0.1584472 0.8981323 0.1607666 0.8726807 0.1607666 0.8726807 0.1522216 0.8769531 0.1466064 0.8520508 0.1466064 0.8520508 0.1522216 0.8769531 0.1396484 0.8587647 0.1607666 0.8726807 0.1584472 0.8981323 0.1522216 0.8769531 0.1584472 0.8981323 0.1492919 0.8994141 0.1522216 0.8769531 0.1584472 0.8981323 0.1486816 0.9185791 0.1492919 0.8994141 0.1522216 0.8769531 0.1437988 0.8810425 0.1396484 0.8587647 0.1396484 0.8587647 0.1437988 0.8810425 0.1330566 0.8652344 0.1437988 0.8810425 0.1357421 0.8850098 0.1330566 0.8652344 0.1330566 0.8652344 0.1357421 0.8850098 0.1264648 0.87146 0.1357421 0.8850098 0.1276855 0.888855 0.1264648 0.87146 0.1264648 0.87146 0.1276855 0.888855 0.1201171 0.8776245 0.1522216 0.8769531 0.1492919 0.8994141 0.1437988 0.8810425 0.1486816 0.9185791 0.1397705 0.9169922 0.1492919 0.8994141 0.1486816 0.9185791 0.1342773 0.9324341 0.1397705 0.9169922 0.1492919 0.8994141 0.1397705 0.9169922 0.1402587 0.9006958 0.1492919 0.8994141 0.1402587 0.9006958 0.1437988 0.8810425 0.1437988 0.8810425 0.1402587 0.9006958 0.1357421 0.8850098 0.1402587 0.9006958 0.1314697 0.9019165 0.1357421 0.8850098 0.1357421 0.8850098 0.1314697 0.9019165 0.1276855 0.888855 0.1397705 0.9169922 0.1309814 0.9154663 0.1402587 0.9006958 0.1402587 0.9006958 0.1309814 0.9154663 0.1314697 0.9019165 0.1342773 0.9324341 0.1264648 0.9281616 0.1397705 0.9169922 0.1397705 0.9169922 0.1264648 0.9281616 0.1309814 0.9154663 0.1309814 0.9154663 0.1223754 0.9138184 0.1314697 0.9019165 0.1314697 0.9019165 0.1227416 0.9030151 0.1276855 0.888855 0.1314697 0.9019165 0.1223754 0.9138184 0.1227416 0.9030151 0.1264648 0.9281616 0.1187133 0.9240112 0.1309814 0.9154663 0.1309814 0.9154663 0.1187133 0.9240112 0.1223754 0.9138184 0.1276855 0.888855 0.1227416 0.9030151 0.1197509 0.8926392 0.1276855 0.888855 0.1197509 0.8926392 0.1201171 0.8776245 0.1223754 0.9138184 0.1138305 0.9122315 0.1227416 0.9030151 0.1223754 0.9138184 0.1110839 0.9197998 0.1138305 0.9122315 0.1187133 0.9240112 0.1110839 0.9197998 0.1223754 0.9138184 0.1227416 0.9030151 0.1141357 0.9041748 0.1197509 0.8926392 0.1227416 0.9030151 0.1138305 0.9122315 0.1141357 0.9041748 0.1187133 0.9240112 0.1061401 0.9262085 0.1110839 0.9197998 0.1120605 0.9324951 0.1061401 0.9262085 0.1187133 0.9240112 0.1264648 0.9281616 0.1120605 0.9324951 0.1187133 0.9240112 0.1197509 0.8926392 0.1141357 0.9041748 0.1118774 0.8963623 0.1201171 0.8776245 0.1197509 0.8926392 0.1137084 0.883728 0.1197509 0.8926392 0.1118774 0.8963623 0.1137084 0.883728 0.1201171 0.8776245 0.1137084 0.883728 0.109375 0.8693848 0.1110839 0.9197998 0.1035156 0.9156494 0.1138305 0.9122315 0.1138305 0.9122315 0.1053466 0.9105835 0.1141357 0.9041748 0.1138305 0.9122315 0.1035156 0.9156494 0.1053466 0.9105835 0.1061401 0.9262085 0.1002197 0.9198608 0.1110839 0.9197998 0.1110839 0.9197998 0.1002197 0.9198608 0.1035156 0.9156494 0.1141357 0.9041748 0.1053466 0.9105835 0.1055908 0.9052124 0.1141357 0.9041748 0.1055908 0.9052124 0.1118774 0.8963623 0.1120605 0.9324951 0.09942626 0.9307251 0.1061401 0.9262085 0.1061401 0.9262085 0.09576416 0.9229126 0.1002197 0.9198608 0.09942626 0.9307251 0.09576416 0.9229126 0.1061401 0.9262085 0.1118774 0.8963623 0.1055908 0.9052124 0.1040649 0.9000244 0.1137084 0.883728 0.1118774 0.8963623 0.1073608 0.8897095 0.1118774 0.8963623 0.1040649 0.9000244 0.1073608 0.8897095 0.1137084 0.883728 0.1073608 0.8897095 0.1052246 0.8770752 0.109375 0.8693848 0.1137084 0.883728 0.1052246 0.8770752 0.109375 0.8693848 0.1052246 0.8770752 0.09661865 0.8647461 0.1035156 0.9156494 0.09613037 0.9115601 0.1053466 0.9105835 0.1035156 0.9156494 0.09448242 0.9137573 0.09613037 0.9115601 0.1002197 0.9198608 0.09448242 0.9137573 0.1035156 0.9156494 0.1053466 0.9105835 0.09710693 0.9089966 0.1055908 0.9052124 0.1053466 0.9105835 0.09613037 0.9115601 0.09710693 0.9089966 0.09576416 0.9229126 0.09216308 0.9152832 0.1002197 0.9198608 0.1002197 0.9198608 0.09216308 0.9152832 0.09448242 0.9137573 0.1055908 0.9052124 0.097229 0.90625 0.1040649 0.9000244 0.1055908 0.9052124 0.09710693 0.9089966 0.097229 0.90625 0.09576416 0.9229126 0.08953857 0.9160156 0.09216308 0.9152832 0.09057617 0.9243775 0.08953857 0.9160156 0.09576416 0.9229126 0.09942626 0.9307251 0.09057617 0.9243775 0.09576416 0.9229126 0.09448242 0.9137573 0.08850097 0.9072876 0.09613037 0.9115601 0.09613037 0.9115601 0.08850097 0.9072876 0.09710693 0.9089966 0.08953857 0.9160156 0.08850097 0.9072876 0.09216308 0.9152832 0.09216308 0.9152832 0.08850097 0.9072876 0.09448242 0.9137573 0.09710693 0.9089966 0.08850097 0.9072876 0.097229 0.90625 0.1040649 0.9000244 0.097229 0.90625 0.09643554 0.9036255 0.1040649 0.9000244 0.09643554 0.9036255 0.1010742 0.8955689 0.1073608 0.8897095 0.1040649 0.9000244 0.1010742 0.8955689 0.1073608 0.8897095 0.1010742 0.8955689 0.1010131 0.8847046 0.1052246 0.8770752 0.1073608 0.8897095 0.1010131 0.8847046 0.1052246 0.8770752 0.1010131 0.8847046 0.09503173 0.8734131 0.09661865 0.8647461 0.1052246 0.8770752 0.09503173 0.8734131 0.097229 0.90625 0.08850097 0.9072876 0.09643554 0.9036255 0.09661865 0.8647461 0.09503173 0.8734131 0.08306884 0.8642578 0.08679199 0.9158936 0.08850097 0.9072876 0.08953857 0.9160156 0.09057617 0.9243775 0.08679199 0.9158936 0.08953857 0.9160156 0.09643554 0.9036255 0.08850097 0.9072876 0.09490966 0.9013062 0.1010742 0.8955689 0.09643554 0.9036255 0.09490966 0.9013062 0.1010742 0.8955689 0.09490966 0.9013062 0.09686279 0.892273 0.1010131 0.8847046 0.1010742 0.8955689 0.09686279 0.892273 0.1010131 0.8847046 0.09686279 0.892273 0.09344482 0.881958 0.09503173 0.8734131 0.1010131 0.8847046 0.09344482 0.881958 0.08306884 0.8642578 0.09503173 0.8734131 0.08422851 0.8730469 0.09503173 0.8734131 0.09344482 0.881958 0.08422851 0.8730469 0.09490966 0.9013062 0.08850097 0.9072876 0.09277343 0.8996582 0.09686279 0.892273 0.09490966 0.9013062 0.09277343 0.8996582 0.09686279 0.892273 0.09277343 0.8996582 0.09179687 0.8904419 0.09344482 0.881958 0.09686279 0.892273 0.09179687 0.8904419 0.08422851 0.8730469 0.09344482 0.881958 0.08532714 0.8816528 0.09344482 0.881958 0.09179687 0.8904419 0.08532714 0.8816528 0.08306884 0.8642578 0.08422851 0.8730469 0.07006835 0.868042 0.08422851 0.8730469 0.08532714 0.8816528 0.07385253 0.8760376 0.07006835 0.868042 0.08422851 0.8730469 0.07385253 0.8760376 0.09179687 0.8904419 0.09277343 0.8996582 0.09020996 0.8986817 0.09179687 0.8904419 0.09020996 0.8986817 0.08642578 0.8902588 0.08532714 0.8816528 0.09179687 0.8904419 0.08642578 0.8902588 0.07385253 0.8760376 0.08532714 0.8816528 0.07757568 0.8839111 0.08532714 0.8816528 0.08642578 0.8902588 0.07757568 0.8839111 0.09277343 0.8996582 0.08850097 0.9072876 0.09020996 0.8986817 0.09020996 0.8986817 0.08850097 0.9072876 0.08746337 0.8986206 0.08642578 0.8902588 0.09020996 0.8986817 0.08746337 0.8986206 0.08642578 0.8902588 0.08746337 0.8986206 0.08123779 0.8917236 0.07757568 0.8839111 0.08642578 0.8902588 0.08123779 0.8917236 0.07006835 0.868042 0.07385253 0.8760376 0.05883789 0.8757324 0.05883789 0.8757324 0.07385253 0.8760376 0.06488037 0.8820801 0.07385253 0.8760376 0.07757568 0.8839111 0.06488037 0.8820801 0.07757568 0.8839111 0.08123779 0.8917236 0.07086181 0.8884277 0.06488037 0.8820801 0.07757568 0.8839111 0.07086181 0.8884277 0.08746337 0.8986206 0.08850097 0.9072876 0.08477783 0.899353 0.08123779 0.8917236 0.08746337 0.8986206 0.08477783 0.899353 0.08123779 0.8917236 0.08477783 0.899353 0.07678222 0.8947144 0.07086181 0.8884277 0.08123779 0.8917236 0.07678222 0.8947144 0.08477783 0.899353 0.08850097 0.9072876 0.08251953 0.9008789 0.07678222 0.8947144 0.08477783 0.899353 0.08251953 0.9008789 0.07678222 0.8947144 0.08251953 0.9008789 0.07348632 0.8989258 0.08251953 0.9008789 0.08850097 0.9072876 0.08081054 0.9030151 0.07348632 0.8989258 0.08251953 0.9008789 0.08081054 0.9030151 0.08081054 0.9030151 0.08850097 0.9072876 0.07989501 0.9056397 0.07159423 0.9039917 0.08081054 0.9030151 0.07989501 0.9056397 0.07348632 0.8989258 0.08081054 0.9030151 0.07159423 0.9039917 0.06311035 0.9023438 0.07348632 0.8989258 0.07159423 0.9039917 0.07989501 0.9056397 0.08850097 0.9072876 0.07977294 0.9083862 0.07141113 0.9093628 0.07989501 0.9056397 0.07977294 0.9083862 0.07159423 0.9039917 0.07989501 0.9056397 0.07141113 0.9093628 0.06311035 0.9023438 0.07159423 0.9039917 0.06286621 0.9104614 0.06286621 0.9104614 0.07159423 0.9039917 0.07141113 0.9093628 0.05422973 0.9115601 0.06311035 0.9023438 0.06286621 0.9104614 0.06286621 0.9104614 0.07141113 0.9093628 0.06506347 0.9182129 0.07141113 0.9093628 0.07977294 0.9083862 0.07287597 0.9145508 0.06506347 0.9182129 0.07141113 0.9093628 0.07287597 0.9145508 0.05422973 0.9115601 0.06286621 0.9104614 0.05722045 0.921936 0.05722045 0.921936 0.06286621 0.9104614 0.06506347 0.9182129 0.04928588 0.9257202 0.05422973 0.9115601 0.05722045 0.921936 0.06506347 0.9182129 0.07287597 0.9145508 0.06958007 0.9249268 0.06329345 0.9309082 0.06506347 0.9182129 0.06958007 0.9249268 0.05722045 0.921936 0.06506347 0.9182129 0.06329345 0.9309082 0.04928588 0.9257202 0.05722045 0.921936 0.05691528 0.9369507 0.05691528 0.9369507 0.05722045 0.921936 0.06329345 0.9309082 0.06958007 0.9249268 0.07287597 0.9145508 0.07586669 0.9190064 0.07287597 0.9145508 0.0805664 0.9110108 0.07586669 0.9190064 0.07287597 0.9145508 0.07977294 0.9083862 0.0805664 0.9110108 0.07977294 0.9083862 0.08850097 0.9072876 0.0805664 0.9110108 0.0805664 0.9110108 0.08850097 0.9072876 0.08209228 0.9132691 0.07586669 0.9190064 0.0805664 0.9110108 0.08209228 0.9132691 0.05047607 0.9431152 0.04928588 0.9257202 0.05691528 0.9369507 0.06958007 0.9249268 0.07586669 0.9190064 0.07598876 0.9298706 0.07177734 0.9375305 0.06958007 0.9249268 0.07598876 0.9298706 0.06329345 0.9309082 0.06958007 0.9249268 0.07177734 0.9375305 0.05691528 0.9369507 0.06329345 0.9309082 0.06762695 0.9452515 0.06762695 0.9452515 0.06329345 0.9309082 0.07177734 0.9375305 0.05047607 0.9431152 0.05691528 0.9369507 0.06341552 0.9530945 0.06341552 0.9530945 0.05691528 0.9369507 0.06762695 0.9452515 0.07598876 0.9298706 0.07586669 0.9190064 0.08013916 0.9223023 0.07586669 0.9190064 0.08209228 0.9132691 0.08013916 0.9223023 0.08013916 0.9223023 0.08209228 0.9132691 0.08422851 0.914978 0.08209228 0.9132691 0.08850097 0.9072876 0.08422851 0.914978 0.08422851 0.914978 0.08850097 0.9072876 0.08679199 0.9158936 0.07598876 0.9298706 0.08013916 0.9223023 0.08355712 0.9326782 0.08197021 0.9412232 0.07598876 0.9298706 0.08355712 0.9326782 0.07177734 0.9375305 0.07598876 0.9298706 0.08197021 0.9412232 0.06762695 0.9452515 0.07177734 0.9375305 0.0803833 0.9498596 0.0803833 0.9498596 0.07177734 0.9375305 0.08197021 0.9412232 0.06341552 0.9530945 0.06762695 0.9452515 0.07879638 0.9586182 0.07879638 0.9586182 0.06762695 0.9452515 0.0803833 0.9498596 0.08013916 0.9223023 0.08422851 0.914978 0.08520507 0.9241943 0.08355712 0.9326782 0.08013916 0.9223023 0.08520507 0.9241943 0.8461914 0.5725098 0.8686524 0.5476074 0.8662109 0.574707 0.8476563 0.5974121 0.8662109 0.574707 0.8647461 0.5996094 0.8476563 0.5974121 0.8647461 0.5996094 0.8476563 0.6176758 0.8266602 0.6567383 0.8100586 0.6474609 0.8227539 0.6396484 0.8227539 0.6396484 0.8339844 0.6503906 0.8266602 0.6567383 0.8339844 0.6362305 0.8339844 0.6503906 0.8227539 0.6396484 0.8339844 0.6362305 0.8476563 0.6176758 0.8461914 0.6359863 0.84375 0.6501465 0.8339844 0.6362305 0.8461914 0.6359863 0.8339844 0.6503906 0.8339844 0.6362305 0.84375 0.6501465 0.8476563 0.6176758 0.8618164 0.6206055 0.8461914 0.6359863 0.8476563 0.6176758 0.8647461 0.5996094 0.8618164 0.6206055 0.8339844 0.6503906 0.84375 0.6501465 0.8374024 0.6706543 0.8374024 0.6706543 0.8266602 0.6567383 0.8339844 0.6503906 0.8183594 0.6635742 0.8100586 0.6474609 0.8266602 0.6567383 0.8300781 0.6730957 0.8183594 0.6635742 0.8266602 0.6567383 0.8300781 0.6730957 0.8266602 0.6567383 0.8374024 0.6706543 0.8461914 0.6359863 0.8618164 0.6206055 0.8574219 0.6396484 0.8574219 0.6396484 0.84375 0.6501465 0.8461914 0.6359863 0.8686524 0.5476074 0.890625 0.5524902 0.8662109 0.574707 0.8847656 0.5793457 0.8647461 0.5996094 0.8662109 0.574707 0.8662109 0.574707 0.890625 0.5524902 0.8847656 0.5793457 0.8803711 0.6044922 0.8618164 0.6206055 0.8647461 0.5996094 0.8803711 0.6044922 0.8647461 0.5996094 0.8847656 0.5793457 0.875 0.628418 0.8618164 0.6206055 0.8803711 0.6044922 0.8618164 0.6206055 0.875 0.628418 0.8574219 0.6396484 0.8374024 0.6706543 0.84375 0.6501465 0.8432617 0.6716309 0.8540039 0.6540527 0.8432617 0.6716309 0.84375 0.6501465 0.8540039 0.6540527 0.84375 0.6501465 0.8574219 0.6396484 0.8574219 0.6396484 0.875 0.628418 0.8666992 0.6481934 0.8574219 0.6396484 0.8666992 0.6481934 0.8540039 0.6540527 0.8242188 0.6750488 0.8183594 0.6635742 0.8300781 0.6730957 0.8847656 0.5793457 0.9052734 0.5856934 0.8803711 0.6044922 0.8847656 0.5793457 0.9140625 0.559082 0.9052734 0.5856934 0.890625 0.5524902 0.9140625 0.559082 0.8847656 0.5793457 0.8959961 0.6113281 0.875 0.628418 0.8803711 0.6044922 0.8803711 0.6044922 0.9052734 0.5856934 0.8959961 0.6113281 0.8837891 0.6374512 0.875 0.628418 0.8959961 0.6113281 0.875 0.628418 0.8837891 0.6374512 0.8666992 0.6481934 0.8515625 0.6728516 0.8432617 0.6716309 0.8540039 0.6540527 0.8540039 0.6540527 0.8623047 0.6608887 0.8515625 0.6728516 0.8540039 0.6540527 0.8666992 0.6481934 0.8623047 0.6608887 0.8666992 0.6481934 0.8754883 0.6547852 0.8623047 0.6608887 0.8666992 0.6481934 0.8837891 0.6374512 0.8754883 0.6547852 0.8515625 0.6728516 0.8623047 0.6608887 0.8579102 0.6767578 0.8623047 0.6608887 0.8754883 0.6547852 0.8701172 0.6672363 0.8701172 0.6672363 0.8579102 0.6767578 0.8623047 0.6608887 0.8637695 0.6806641 0.8579102 0.6767578 0.8701172 0.6672363 0.890625 0.5524902 0.9213867 0.5339356 0.9140625 0.559082 0.8955078 0.5273438 0.9213867 0.5339356 0.890625 0.5524902 0.890625 0.5524902 0.8686524 0.5476074 0.8955078 0.5273438 0.8955078 0.5273438 0.9003906 0.5031738 0.9213867 0.5339356 0.8955078 0.5273438 0.8686524 0.5476074 0.871582 0.5224609 0.8955078 0.5273438 0.871582 0.5224609 0.9003906 0.5031738 0.9213867 0.5339356 0.9003906 0.5031738 0.9272461 0.5083008 0.8461914 0.5456543 0.871582 0.5224609 0.8686524 0.5476074 0.9003906 0.5031738 0.871582 0.5224609 0.875 0.4975586 0.9003906 0.5031738 0.9052734 0.4790039 0.9272461 0.5083008 0.9003906 0.5031738 0.875 0.4975586 0.9052734 0.4790039 0.847168 0.5195313 0.871582 0.5224609 0.8461914 0.5456543 0.847168 0.5195313 0.875 0.4975586 0.871582 0.5224609 0.9272461 0.5083008 0.9052734 0.4790039 0.9326172 0.4848633 0.8491211 0.4936524 0.875 0.4975586 0.847168 0.5195313 0.8491211 0.4936524 0.8789063 0.4736328 0.875 0.4975586 0.9052734 0.4790039 0.875 0.4975586 0.8789063 0.4736328 0.9052734 0.4790039 0.8789063 0.4736328 0.9101563 0.4482422 0.9052734 0.4790039 0.9101563 0.4482422 0.9326172 0.4848633 0.8212891 0.5170899 0.8491211 0.4936524 0.847168 0.5195313 0.9326172 0.4848633 0.9101563 0.4482422 0.9379883 0.4492188 0.8232422 0.4907227 0.8491211 0.4936524 0.8212891 0.5170899 0.8232422 0.4907227 0.8520508 0.46875 0.8491211 0.4936524 0.8520508 0.46875 0.8789063 0.4736328 0.8491211 0.4936524 0.8789063 0.4736328 0.8520508 0.46875 0.8833008 0.4438477 0.9101563 0.4482422 0.8789063 0.4736328 0.8833008 0.4438477 0.9145508 0.421875 0.9379883 0.4492188 0.9101563 0.4482422 0.9101563 0.4482422 0.8833008 0.4438477 0.9145508 0.421875 0.8232422 0.4907227 0.8212891 0.5170899 0.7954102 0.4873047 0.7954102 0.4873047 0.8261719 0.465332 0.8232422 0.4907227 0.8261719 0.465332 0.8520508 0.46875 0.8232422 0.4907227 0.8261719 0.465332 0.8554688 0.4399414 0.8520508 0.46875 0.8833008 0.4438477 0.8520508 0.46875 0.8554688 0.4399414 0.8554688 0.4399414 0.887207 0.4174805 0.8833008 0.4438477 0.9145508 0.421875 0.8833008 0.4438477 0.887207 0.4174805 0.9423828 0.4257813 0.9379883 0.4492188 0.9145508 0.421875 0.9145508 0.421875 0.9472656 0.402832 0.9423828 0.4257813 0.918457 0.3964844 0.9472656 0.402832 0.9145508 0.421875 0.887207 0.4174805 0.918457 0.3964844 0.9145508 0.421875 0.8017578 0.4570313 0.8261719 0.465332 0.7954102 0.4873047 0.828125 0.4360352 0.8554688 0.4399414 0.8261719 0.465332 0.8017578 0.4570313 0.828125 0.4360352 0.8261719 0.465332 0.828125 0.4360352 0.8583984 0.4121094 0.8554688 0.4399414 0.8583984 0.4121094 0.887207 0.4174805 0.8554688 0.4399414 0.8583984 0.4121094 0.890625 0.3916016 0.887207 0.4174805 0.890625 0.3916016 0.918457 0.3964844 0.887207 0.4174805 0.7954102 0.4873047 0.7866211 0.4697266 0.8017578 0.4570313 0.7954102 0.4873047 0.7753906 0.4702149 0.7866211 0.4697266 0.918457 0.3964844 0.9506836 0.3696289 0.9472656 0.402832 0.890625 0.3916016 0.9228516 0.3652344 0.918457 0.3964844 0.9228516 0.3652344 0.9506836 0.3696289 0.918457 0.3964844 0.8295899 0.4077149 0.8583984 0.4121094 0.828125 0.4360352 0.800293 0.4272461 0.828125 0.4360352 0.8017578 0.4570313 0.800293 0.4272461 0.8295899 0.4077149 0.828125 0.4360352 0.8613281 0.3862305 0.890625 0.3916016 0.8583984 0.4121094 0.8295899 0.4077149 0.8613281 0.3862305 0.8583984 0.4121094 0.8613281 0.3862305 0.894043 0.3608399 0.890625 0.3916016 0.894043 0.3608399 0.9228516 0.3652344 0.890625 0.3916016 0.800293 0.4272461 0.8017578 0.4570313 0.7900391 0.4375 0.8017578 0.4570313 0.7866211 0.4697266 0.7929688 0.4536133 0.7900391 0.4375 0.8017578 0.4570313 0.7929688 0.4536133 0.7753906 0.4702149 0.7851563 0.4550781 0.7866211 0.4697266 0.7929688 0.4536133 0.7866211 0.4697266 0.7851563 0.4550781 0.9228516 0.3652344 0.9541016 0.3364258 0.9506836 0.3696289 0.9262695 0.3325195 0.9541016 0.3364258 0.9228516 0.3652344 0.894043 0.3608399 0.9262695 0.3325195 0.9228516 0.3652344 0.800293 0.3999024 0.8295899 0.4077149 0.800293 0.4272461 0.800293 0.3999024 0.831543 0.3813477 0.8295899 0.4077149 0.831543 0.3813477 0.8613281 0.3862305 0.8295899 0.4077149 0.831543 0.3813477 0.8642578 0.3564453 0.8613281 0.3862305 0.8642578 0.3564453 0.894043 0.3608399 0.8613281 0.3862305 0.8642578 0.3564453 0.8974609 0.3276367 0.894043 0.3608399 0.8974609 0.3276367 0.9262695 0.3325195 0.894043 0.3608399 0.7851563 0.4550781 0.7851563 0.4433594 0.7929688 0.4536133 0.7929688 0.4536133 0.7851563 0.4433594 0.7900391 0.4375 0.7851563 0.4433594 0.7817383 0.434082 0.7900391 0.4375 0.7817383 0.434082 0.800293 0.4272461 0.7900391 0.4375 0.9287109 0.3012695 0.9541016 0.3364258 0.9262695 0.3325195 0.8974609 0.3276367 0.9287109 0.3012695 0.9262695 0.3325195 0.9594727 0.3007813 0.9541016 0.3364258 0.9287109 0.3012695 0.8344727 0.3520508 0.8642578 0.3564453 0.831543 0.3813477 0.8344727 0.3520508 0.8671875 0.3251953 0.8642578 0.3564453 0.8671875 0.3251953 0.8974609 0.3276367 0.8642578 0.3564453 0.8691406 0.2939453 0.8974609 0.3276367 0.8671875 0.3251953 0.8999024 0.2924805 0.8974609 0.3276367 0.8691406 0.2939453 0.8999024 0.2924805 0.9287109 0.3012695 0.8974609 0.3276367 0.8374024 0.3217774 0.8671875 0.3251953 0.8344727 0.3520508 0.8671875 0.3251953 0.8374024 0.3217774 0.8691406 0.2939453 0.8344727 0.3520508 0.8046875 0.3496094 0.8374024 0.3217774 0.9594727 0.3007813 0.9287109 0.3012695 0.9448242 0.2817383 0.9150391 0.2792969 0.9287109 0.3012695 0.8999024 0.2924805 0.9282227 0.2851563 0.9287109 0.3012695 0.9150391 0.2792969 0.9448242 0.2817383 0.9287109 0.3012695 0.9282227 0.2851563 0.8691406 0.2939453 0.8969727 0.2675781 0.8999024 0.2924805 0.8999024 0.2924805 0.8969727 0.2675781 0.9150391 0.2792969 0.9448242 0.2817383 0.9663086 0.2739258 0.9594727 0.3007813 0.8691406 0.2939453 0.8374024 0.3217774 0.8393555 0.2924805 0.8710938 0.265625 0.8969727 0.2675781 0.8691406 0.2939453 0.8393555 0.2924805 0.8710938 0.265625 0.8691406 0.2939453 0.8374024 0.3217774 0.8046875 0.3496094 0.8071289 0.3183594 0.8071289 0.3183594 0.8393555 0.2924805 0.8374024 0.3217774 0.7734375 0.3417969 0.8071289 0.3183594 0.8046875 0.3496094 0.9448242 0.2817383 0.9282227 0.2851563 0.9355469 0.2724609 0.9355469 0.2724609 0.949707 0.2685547 0.9448242 0.2817383 0.949707 0.2685547 0.9663086 0.2739258 0.9448242 0.2817383 0.9282227 0.2851563 0.9150391 0.2792969 0.9287109 0.2744141 0.9355469 0.2724609 0.9282227 0.2851563 0.9287109 0.2744141 0.9287109 0.2744141 0.9150391 0.2792969 0.9243164 0.2705078 0.9150391 0.2792969 0.8969727 0.2675781 0.9121094 0.2651367 0.9150391 0.2792969 0.9121094 0.2651367 0.9243164 0.2705078 0.8710938 0.265625 0.8710938 0.2416992 0.8969727 0.2675781 0.8969727 0.2675781 0.9013672 0.2436523 0.9121094 0.2651367 0.8969727 0.2675781 0.8710938 0.2416992 0.9013672 0.2436523 0.8710938 0.265625 0.8413086 0.2636719 0.8710938 0.2416992 0.8413086 0.2636719 0.8710938 0.265625 0.8393555 0.2924805 0.8095703 0.2895508 0.8393555 0.2924805 0.8071289 0.3183594 0.8095703 0.2895508 0.8413086 0.2636719 0.8393555 0.2924805 0.7758789 0.309082 0.8071289 0.3183594 0.7734375 0.3417969 0.8071289 0.3183594 0.7758789 0.309082 0.8095703 0.2895508 0.9287109 0.2744141 0.9291992 0.265625 0.9355469 0.2724609 0.9243164 0.2705078 0.9291992 0.265625 0.9287109 0.2744141 0.9370117 0.2670899 0.949707 0.2685547 0.9355469 0.2724609 0.9355469 0.2724609 0.9291992 0.265625 0.9370117 0.2670899 0.9243164 0.2705078 0.9121094 0.2651367 0.9233399 0.265625 0.9233399 0.265625 0.9291992 0.265625 0.9243164 0.2705078 0.9233399 0.265625 0.9121094 0.2651367 0.9243164 0.2607422 0.9121094 0.2651367 0.9013672 0.2436523 0.9174805 0.2524414 0.9243164 0.2607422 0.9121094 0.2651367 0.9174805 0.2524414 0.9243164 0.2607422 0.9291992 0.265625 0.9233399 0.265625 0.9013672 0.2436523 0.8710938 0.2416992 0.9018555 0.2197265 0.9013672 0.2436523 0.9335938 0.2363281 0.9174805 0.2524414 0.9018555 0.2197265 0.9335938 0.2363281 0.9013672 0.2436523 0.8710938 0.2416992 0.8413086 0.2636719 0.8413086 0.2407226 0.9018555 0.2197265 0.8710938 0.2416992 0.8710938 0.21875 0.8710938 0.2416992 0.8413086 0.2407226 0.8710938 0.21875 0.8110352 0.2617188 0.8413086 0.2407226 0.8413086 0.2636719 0.8110352 0.2617188 0.8413086 0.2636719 0.8095703 0.2895508 0.8095703 0.2895508 0.7758789 0.309082 0.7788086 0.2832031 0.8095703 0.2895508 0.7788086 0.2832031 0.8110352 0.2617188 0.9174805 0.2524414 0.9326172 0.2490234 0.9243164 0.2607422 0.9174805 0.2524414 0.9335938 0.2363281 0.9326172 0.2490234 0.9243164 0.2607422 0.9326172 0.2490234 0.9301758 0.2583008 0.9301758 0.2583008 0.9291992 0.265625 0.9243164 0.2607422 0.9370117 0.2670899 0.9291992 0.265625 0.9360352 0.2631836 0.9360352 0.2631836 0.9291992 0.265625 0.9301758 0.2583008 0.9301758 0.2583008 0.9326172 0.2490234 0.9360352 0.2631836 0.9326172 0.2490234 0.9335938 0.2363281 0.9467774 0.2553711 0.9360352 0.2631836 0.9326172 0.2490234 0.9467774 0.2553711 0.8110352 0.2407226 0.8413086 0.2407226 0.8110352 0.2617188 0.8110352 0.2407226 0.8413086 0.2197265 0.8413086 0.2407226 0.8710938 0.21875 0.8413086 0.2407226 0.8413086 0.2197265 0.8110352 0.2407226 0.8110352 0.2617188 0.78125 0.2402343 0.8110352 0.2617188 0.7788086 0.2832031 0.7802734 0.2617188 0.78125 0.2402343 0.8110352 0.2617188 0.7802734 0.2617188 0.8110352 0.2407226 0.78125 0.2402343 0.8110352 0.2182617 0.8110352 0.2182617 0.8413086 0.2197265 0.8110352 0.2407226 0.8110352 0.2182617 0.840332 0.1982421 0.8413086 0.2197265 0.840332 0.1982421 0.8710938 0.21875 0.8413086 0.2197265 0.7788086 0.2832031 0.7636719 0.2792969 0.7802734 0.2617188 0.7758789 0.309082 0.7636719 0.2792969 0.7788086 0.2832031 0.7802734 0.2617188 0.7636719 0.2792969 0.765625 0.2617188 0.7802734 0.2617188 0.765625 0.2617188 0.78125 0.2402343 0.78125 0.2402343 0.765625 0.2617188 0.7519531 0.2358398 0.7519531 0.2358398 0.78125 0.2177734 0.78125 0.2402343 0.8110352 0.2182617 0.78125 0.2402343 0.78125 0.2177734 0.8105469 0.1967773 0.840332 0.1982421 0.8110352 0.2182617 0.78125 0.2177734 0.8105469 0.1967773 0.8110352 0.2182617 0.753418 0.215332 0.78125 0.2177734 0.7519531 0.2358398 0.7807617 0.1977539 0.8105469 0.1967773 0.78125 0.2177734 0.78125 0.2177734 0.753418 0.215332 0.7807617 0.1977539 0.746582 0.3022461 0.7636719 0.2792969 0.7758789 0.309082 0.7402344 0.2836914 0.7636719 0.2792969 0.746582 0.3022461 0.7504883 0.2749024 0.7636719 0.2792969 0.7402344 0.2836914 0.7636719 0.2792969 0.7504883 0.2749024 0.765625 0.2617188 0.765625 0.2617188 0.7504883 0.2749024 0.75 0.2612305 0.7426758 0.2543945 0.765625 0.2617188 0.75 0.2612305 0.7519531 0.2358398 0.765625 0.2617188 0.7426758 0.2543945 0.7426758 0.2543945 0.7348633 0.2539063 0.7519531 0.2358398 0.7250977 0.2333984 0.753418 0.215332 0.7519531 0.2358398 0.7519531 0.2358398 0.7348633 0.2539063 0.7250977 0.2333984 0.7270508 0.2128906 0.753418 0.215332 0.7250977 0.2333984 0.7807617 0.1977539 0.753418 0.215332 0.753418 0.1948242 0.753418 0.215332 0.7270508 0.2128906 0.753418 0.1948242 0.753418 0.1948242 0.7797852 0.1723632 0.7807617 0.1977539 0.809082 0.1713867 0.7807617 0.1977539 0.7797852 0.1723632 0.8105469 0.1967773 0.7807617 0.1977539 0.809082 0.1713867 0.7426758 0.2543945 0.7397461 0.2607422 0.7348633 0.2539063 0.7426758 0.2543945 0.75 0.2612305 0.7397461 0.2607422 0.7504883 0.2749024 0.7431641 0.2709961 0.75 0.2612305 0.7382813 0.2744141 0.7504883 0.2749024 0.7402344 0.2836914 0.7431641 0.2709961 0.7504883 0.2749024 0.7382813 0.2744141 0.75 0.2612305 0.7431641 0.2709961 0.7431641 0.2651367 0.7397461 0.2607422 0.75 0.2612305 0.7431641 0.2651367 0.7001953 0.2299804 0.7270508 0.2128906 0.7250977 0.2333984 0.7348633 0.2539063 0.7128906 0.2524414 0.7250977 0.2333984 0.7250977 0.2333984 0.7128906 0.2524414 0.7001953 0.2299804 0.7021484 0.2109375 0.7270508 0.2128906 0.7001953 0.2299804 0.753418 0.1948242 0.7270508 0.2128906 0.7275391 0.192871 0.7270508 0.2128906 0.7021484 0.2109375 0.7275391 0.192871 0.7275391 0.192871 0.753418 0.1699218 0.753418 0.1948242 0.753418 0.1699218 0.7797852 0.1723632 0.753418 0.1948242 0.7431641 0.2709961 0.7382813 0.2744141 0.7368164 0.2675781 0.7431641 0.2709961 0.7368164 0.2675781 0.7431641 0.2651367 0.7368164 0.2675781 0.7397461 0.2607422 0.7431641 0.2651367 0.753418 0.1699218 0.7773438 0.1440429 0.7797852 0.1723632 0.7797852 0.1723632 0.8061524 0.1445312 0.809082 0.1713867 0.7773438 0.1440429 0.8061524 0.1445312 0.7797852 0.1723632 0.7001953 0.2299804 0.6777344 0.2270507 0.7021484 0.2109375 0.7001953 0.2299804 0.7128906 0.2524414 0.6928711 0.25 0.08520507 0.9241943 0.08422851 0.914978 0.08679199 0.9158936 0.08520507 0.9241943 0.08679199 0.9158936 0.09057617 0.9243775 0.08355712 0.9326782 0.08520507 0.9241943 0.09161376 0.9329224 0.09161376 0.9329224 0.08520507 0.9241943 0.09057617 0.9243775 0.08197021 0.9412232 0.08355712 0.9326782 0.09277343 0.9415588 0.09277343 0.9415588 0.08355712 0.9326782 0.09161376 0.9329224 0.0803833 0.9498596 0.08197021 0.9412232 0.09387207 0.9502869 0.09387207 0.9502869 0.08197021 0.9412232 0.09277343 0.9415588 0.07879638 0.9586182 0.0803833 0.9498596 0.09509277 0.9591065 0.09509277 0.9591065 0.0803833 0.9498596 0.09387207 0.9502869 0.09161376 0.9329224 0.09057617 0.9243775 0.09942626 0.9307251 0.09277343 0.9415588 0.09161376 0.9329224 0.1031494 0.9385681 0.1031494 0.9385681 0.09161376 0.9329224 0.09942626 0.9307251 0.09387207 0.9502869 0.09277343 0.9415588 0.1069335 0.9465027 0.1069335 0.9465027 0.09277343 0.9415588 0.1031494 0.9385681 0.09509277 0.9591065 0.09387207 0.9502869 0.1107788 0.9545288 0.1107788 0.9545288 0.09387207 0.9502869 0.1069335 0.9465027 0.1031494 0.9385681 0.09942626 0.9307251 0.1120605 0.9324951 0.1069335 0.9465027 0.1031494 0.9385681 0.118103 0.9389038 0.118103 0.9389038 0.1031494 0.9385681 0.1120605 0.9324951 0.1107788 0.9545288 0.1069335 0.9465027 0.1243286 0.9453125 0.1243286 0.9453125 0.1069335 0.9465027 0.118103 0.9389038 0.118103 0.9389038 0.1120605 0.9324951 0.1264648 0.9281616 0.1243286 0.9453125 0.118103 0.9389038 0.1342773 0.9324341 0.1342773 0.9324341 0.118103 0.9389038 0.1264648 0.9281616 0.05340576 0.8342285 0.05743408 0.8424072 0.03256225 0.8486328 0.05340576 0.8342285 0.07904052 0.8359375 0.05743408 0.8424072 0.07769775 0.8270264 0.07904052 0.8359375 0.05340576 0.8342285 0.03256225 0.8486328 0.05743408 0.8424072 0.03887939 0.8552246 0.05743408 0.8424072 0.06121826 0.8500977 0.03887939 0.8552246 0.07904052 0.8359375 0.08026123 0.8444824 0.05743408 0.8424072 0.05743408 0.8424072 0.08026123 0.8444824 0.06121826 0.8500977 0.03256225 0.8486328 0.03887939 0.8552246 0.01716613 0.8687744 0.07904052 0.8359375 0.1000976 0.8449707 0.08026123 0.8444824 0.1015014 0.8365479 0.1000976 0.8449707 0.07904052 0.8359375 0.07769775 0.8270264 0.1015014 0.8365479 0.07904052 0.8359375 0.1030883 0.8276367 0.1015014 0.8365479 0.07769775 0.8270264 0.03887939 0.8552246 0.06121826 0.8500977 0.04486083 0.8613281 0.01716613 0.8687744 0.03887939 0.8552246 0.02520751 0.8730469 0.03887939 0.8552246 0.04486083 0.8613281 0.02520751 0.8730469 0.06121826 0.8500977 0.06488037 0.857544 0.04486083 0.8613281 0.06121826 0.8500977 0.08142089 0.8526611 0.06488037 0.857544 0.08026123 0.8444824 0.08142089 0.8526611 0.06121826 0.8500977 0.1000976 0.8449707 0.09863281 0.8531494 0.08026123 0.8444824 0.08026123 0.8444824 0.09863281 0.8531494 0.08142089 0.8526611 0.01716613 0.8687744 0.02520751 0.8730469 0.008750915 0.8927612 0.1000976 0.8449707 0.1148681 0.8590088 0.09863281 0.8531494 0.1187744 0.8516846 0.1148681 0.8590088 0.1000976 0.8449707 0.1015014 0.8365479 0.1187744 0.8516846 0.1000976 0.8449707 0.1030883 0.8276367 0.1227416 0.8439942 0.1015014 0.8365479 0.1227416 0.8439942 0.1187744 0.8516846 0.1015014 0.8365479 0.1269531 0.8360596 0.1227416 0.8439942 0.1030883 0.8276367 0.04486083 0.8613281 0.06488037 0.857544 0.05065917 0.8673096 0.04486083 0.8613281 0.05065917 0.8673096 0.03280639 0.8770752 0.02520751 0.8730469 0.04486083 0.8613281 0.03280639 0.8770752 0.02520751 0.8730469 0.03280639 0.8770752 0.01770019 0.8942871 0.008750915 0.8927612 0.02520751 0.8730469 0.01770019 0.8942871 0.06488037 0.857544 0.06848144 0.8648682 0.05065917 0.8673096 0.06488037 0.857544 0.08251953 0.8608399 0.06848144 0.8648682 0.08142089 0.8526611 0.08251953 0.8608399 0.06488037 0.857544 0.09863281 0.8531494 0.097229 0.8612061 0.08142089 0.8526611 0.08142089 0.8526611 0.097229 0.8612061 0.08251953 0.8608399 0.1148681 0.8590088 0.1110229 0.8662109 0.09863281 0.8531494 0.09863281 0.8531494 0.1110229 0.8662109 0.097229 0.8612061 0.008750915 0.8927612 0.01770019 0.8942871 0.008148193 0.9180908 0.1148681 0.8590088 0.1226196 0.8751831 0.1110229 0.8662109 0.12854 0.8695068 0.1226196 0.8751831 0.1148681 0.8590088 0.1187744 0.8516846 0.12854 0.8695068 0.1148681 0.8590088 0.1345214 0.8637695 0.12854 0.8695068 0.1187744 0.8516846 0.1227416 0.8439942 0.1345214 0.8637695 0.1187744 0.8516846 0.1269531 0.8360596 0.140625 0.8577881 0.1227416 0.8439942 0.140625 0.8577881 0.1345214 0.8637695 0.1227416 0.8439942 0.1472167 0.8514404 0.140625 0.8577881 0.1269531 0.8360596 0.03280639 0.8770752 0.05065917 0.8673096 0.04016113 0.8809204 0.03280639 0.8770752 0.04016113 0.8809204 0.02616882 0.895752 0.01770019 0.8942871 0.03280639 0.8770752 0.02616882 0.895752 0.01770019 0.8942871 0.02616882 0.895752 0.01713562 0.9168091 0.008148193 0.9180908 0.01770019 0.8942871 0.01713562 0.9168091 0.08251953 0.8608399 0.08361816 0.8687744 0.06848144 0.8648682 0.08251953 0.8608399 0.09582519 0.8691406 0.08361816 0.8687744 0.097229 0.8612061 0.09582519 0.8691406 0.08251953 0.8608399 0.1110229 0.8662109 0.1072387 0.873169 0.097229 0.8612061 0.097229 0.8612061 0.1072387 0.873169 0.09582519 0.8691406 0.1226196 0.8751831 0.1168823 0.8806763 0.1110229 0.8662109 0.1110229 0.8662109 0.1168823 0.8806763 0.1072387 0.873169 0.008148193 0.9180908 0.01713562 0.9168091 0.01541137 0.9424133 0.1345214 0.8637695 0.1381835 0.883728 0.12854 0.8695068 0.12854 0.8695068 0.1309814 0.8872681 0.1226196 0.8751831 0.1381835 0.883728 0.1309814 0.8872681 0.12854 0.8695068 0.140625 0.8577881 0.1457519 0.8800659 0.1345214 0.8637695 0.1457519 0.8800659 0.1381835 0.883728 0.1345214 0.8637695 0.1472167 0.8514404 0.1534423 0.8762817 0.140625 0.8577881 0.1534423 0.8762817 0.1457519 0.8800659 0.140625 0.8577881 0.161621 0.8723145 0.1534423 0.8762817 0.1472167 0.8514404 0.01713562 0.9168091 0.02616882 0.895752 0.02565002 0.9155884 0.02616882 0.895752 0.04016113 0.8809204 0.03436279 0.8971558 0.02616882 0.895752 0.03436279 0.8971558 0.02565002 0.9155884 0.01713562 0.9168091 0.02565002 0.9155884 0.02355957 0.938385 0.01541137 0.9424133 0.01713562 0.9168091 0.02355957 0.938385 0.09582519 0.8691406 0.09436035 0.8768311 0.08361816 0.8687744 0.09582519 0.8691406 0.1035156 0.880188 0.09436035 0.8768311 0.1072387 0.873169 0.1035156 0.880188 0.09582519 0.8691406 0.1168823 0.8806763 0.111145 0.8861084 0.1072387 0.873169 0.1072387 0.873169 0.111145 0.8861084 0.1035156 0.880188 0.01541137 0.9424133 0.02355957 0.938385 0.02981567 0.9632568 0.1381835 0.883728 0.1350097 0.9013672 0.1309814 0.8872681 0.1430664 0.9002686 0.1350097 0.9013672 0.1381835 0.883728 0.1457519 0.8800659 0.1430664 0.9002686 0.1381835 0.883728 0.1513671 0.8991089 0.1430664 0.9002686 0.1457519 0.8800659 0.1534423 0.8762817 0.1513671 0.8991089 0.1457519 0.8800659 0.161621 0.8723145 0.15979 0.8978882 0.1534423 0.8762817 0.15979 0.8978882 0.1513671 0.8991089 0.1534423 0.8762817 0.1688232 0.8965454 0.15979 0.8978882 0.161621 0.8723145 0.02355957 0.938385 0.02565002 0.9155884 0.03125 0.9345703 0.02565002 0.9155884 0.03390502 0.9143677 0.03125 0.9345703 0.02565002 0.9155884 0.03436279 0.8971558 0.03390502 0.9143677 0.02355957 0.938385 0.03125 0.9345703 0.03634643 0.9569397 0.02981567 0.9632568 0.02355957 0.938385 0.03634643 0.9569397 0.1035156 0.880188 0.09973144 0.8870239 0.09436035 0.8768311 0.1035156 0.880188 0.1054687 0.8914795 0.09973144 0.8870239 0.111145 0.8861084 0.1054687 0.8914795 0.1035156 0.880188 0.02981567 0.9632568 0.03634643 0.9569397 0.04998779 0.978653 0.1513671 0.8991089 0.1425781 0.9174805 0.1430664 0.9002686 0.1430664 0.9002686 0.1346435 0.9160767 0.1350097 0.9013672 0.1425781 0.9174805 0.1346435 0.9160767 0.1430664 0.9002686 0.1507568 0.9189453 0.1425781 0.9174805 0.1513671 0.8991089 0.15979 0.8978882 0.1507568 0.9189453 0.1513671 0.8991089 0.1688232 0.8965454 0.1593017 0.9203491 0.15979 0.8978882 0.1593017 0.9203491 0.1507568 0.9189453 0.15979 0.8978882 0.1682128 0.921936 0.1593017 0.9203491 0.1688232 0.8965454 0.03634643 0.9569397 0.03125 0.9345703 0.04248046 0.9509277 0.03125 0.9345703 0.0387268 0.9309082 0.04248046 0.9509277 0.03125 0.9345703 0.03390502 0.9143677 0.0387268 0.9309082 0.03634643 0.9569397 0.04248046 0.9509277 0.05419921 0.9706116 0.04998779 0.978653 0.03634643 0.9569397 0.05419921 0.9706116 0.04998779 0.978653 0.05419921 0.9706116 0.07391357 0.9870682 0.1507568 0.9189453 0.1368408 0.9337158 0.1425781 0.9174805 0.1425781 0.9174805 0.1296386 0.9298706 0.1346435 0.9160767 0.1368408 0.9337158 0.1296386 0.9298706 0.1425781 0.9174805 0.1593017 0.9203491 0.144165 0.9375916 0.1507568 0.9189453 0.144165 0.9375916 0.1368408 0.9337158 0.1507568 0.9189453 0.1682128 0.921936 0.1517333 0.9416199 0.1593017 0.9203491 0.1517333 0.9416199 0.144165 0.9375916 0.1593017 0.9203491 0.15979 0.9458618 0.1517333 0.9416199 0.1682128 0.921936 0.04248046 0.9509277 0.0387268 0.9309082 0.04846191 0.9451294 0.05419921 0.9706116 0.04248046 0.9509277 0.05822753 0.9630127 0.04248046 0.9509277 0.04846191 0.9451294 0.05822753 0.9630127 0.05419921 0.9706116 0.05822753 0.9630127 0.07543945 0.9781189 0.07391357 0.9870682 0.05419921 0.9706116 0.07543945 0.9781189 0.07391357 0.9870682 0.07543945 0.9781189 0.09924316 0.9876709 0.1368408 0.9337158 0.1206665 0.9414978 0.1296386 0.9298706 0.1263427 0.9473572 0.1206665 0.9414978 0.1368408 0.9337158 0.144165 0.9375916 0.1263427 0.9473572 0.1368408 0.9337158 0.13208 0.9533386 0.1263427 0.9473572 0.144165 0.9375916 0.1517333 0.9416199 0.13208 0.9533386 0.144165 0.9375916 0.15979 0.9458618 0.1380615 0.9594727 0.1517333 0.9416199 0.1380615 0.9594727 0.13208 0.9533386 0.1517333 0.9416199 0.1444091 0.9660034 0.1380615 0.9594727 0.15979 0.9458618 0.05822753 0.9630127 0.04846191 0.9451294 0.06213378 0.955658 0.07543945 0.9781189 0.05822753 0.9630127 0.07690429 0.9696503 0.05822753 0.9630127 0.06213378 0.955658 0.07690429 0.9696503 0.09924316 0.9876709 0.07543945 0.9781189 0.09796142 0.9786682 0.07543945 0.9781189 0.07690429 0.9696503 0.09796142 0.9786682 0.09924316 0.9876709 0.09796142 0.9786682 0.1235351 0.9804077 0.1235351 0.9804077 0.1195068 0.9722748 0.1444091 0.9660034 0.1444091 0.9660034 0.1195068 0.9722748 0.1380615 0.9594727 0.1235351 0.9804077 0.09796142 0.9786682 0.1195068 0.9722748 0.09796142 0.9786682 0.07690429 0.9696503 0.09674072 0.9701691 0.09796142 0.9786682 0.09674072 0.9701691 0.1195068 0.9722748 0.1195068 0.9722748 0.1157836 0.9645386 0.1380615 0.9594727 0.1380615 0.9594727 0.1157836 0.9645386 0.13208 0.9533386 0.1157836 0.9645386 0.1120605 0.9570923 0.13208 0.9533386 0.13208 0.9533386 0.1120605 0.9570923 0.1263427 0.9473572 0.1120605 0.9570923 0.1085205 0.9497376 0.1263427 0.9473572 0.1263427 0.9473572 0.1085205 0.9497376 0.1206665 0.9414978 0.1195068 0.9722748 0.09674072 0.9701691 0.1157836 0.9645386 0.07690429 0.9696503 0.0783081 0.9614258 0.09674072 0.9701691 0.07690429 0.9696503 0.06213378 0.955658 0.0783081 0.9614258 0.09674072 0.9701691 0.0783081 0.9614258 0.09558105 0.9619141 0.09674072 0.9701691 0.09558105 0.9619141 0.1157836 0.9645386 0.1157836 0.9645386 0.09558105 0.9619141 0.1120605 0.9570923 0.09558105 0.9619141 0.09442138 0.9538574 0.1120605 0.9570923 0.1120605 0.9570923 0.09442138 0.9538574 0.1085205 0.9497376 0.0783081 0.9614258 0.07977294 0.9534302 0.09558105 0.9619141 0.09558105 0.9619141 0.07977294 0.9534302 0.09442138 0.9538574 0.06213378 0.955658 0.06591796 0.9484863 0.0783081 0.9614258 0.0783081 0.9614258 0.06591796 0.9484863 0.07977294 0.9534302 0.07977294 0.9534302 0.08117675 0.9455567 0.09442138 0.9538574 0.09442138 0.9538574 0.09338378 0.9459229 0.1085205 0.9497376 0.09442138 0.9538574 0.08117675 0.9455567 0.09338378 0.9459229 0.06591796 0.9484863 0.06976318 0.9414368 0.07977294 0.9534302 0.07977294 0.9534302 0.06976318 0.9414368 0.08117675 0.9455567 0.1085205 0.9497376 0.09338378 0.9459229 0.1050415 0.9425659 0.1085205 0.9497376 0.1050415 0.9425659 0.1206665 0.9414978 0.08117675 0.9455567 0.0826416 0.9377747 0.09338378 0.9459229 0.08117675 0.9455567 0.07348632 0.9344483 0.0826416 0.9377747 0.06976318 0.9414368 0.07348632 0.9344483 0.08117675 0.9455567 0.09338378 0.9459229 0.0826416 0.9377747 0.09234619 0.9381104 0.09338378 0.9459229 0.09234619 0.9381104 0.1050415 0.9425659 0.06976318 0.9414368 0.06585693 0.9285278 0.07348632 0.9344483 0.06011962 0.93396 0.06585693 0.9285278 0.06976318 0.9414368 0.06591796 0.9484863 0.06011962 0.93396 0.06976318 0.9414368 0.1050415 0.9425659 0.09234619 0.9381104 0.1016235 0.9354248 0.1206665 0.9414978 0.1050415 0.9425659 0.1151123 0.93573 0.1050415 0.9425659 0.1016235 0.9354248 0.1151123 0.93573 0.1206665 0.9414978 0.1151123 0.93573 0.1296386 0.9298706 0.0826416 0.9377747 0.08410644 0.9301148 0.09234619 0.9381104 0.0826416 0.9377747 0.07720947 0.9276123 0.08410644 0.9301148 0.07348632 0.9344483 0.07720947 0.9276123 0.0826416 0.9377747 0.06585693 0.9285278 0.0715332 0.9231567 0.07348632 0.9344483 0.07348632 0.9344483 0.0715332 0.9231567 0.07720947 0.9276123 0.09234619 0.9381104 0.09130859 0.9301758 0.1016235 0.9354248 0.09234619 0.9381104 0.08410644 0.9301148 0.09130859 0.9301758 0.06585693 0.9285278 0.06744384 0.9171753 0.0715332 0.9231567 0.06039428 0.9204712 0.06744384 0.9171753 0.06585693 0.9285278 0.06011962 0.93396 0.06039428 0.9204712 0.06585693 0.9285278 0.1151123 0.93573 0.1016235 0.9354248 0.1096801 0.9299927 0.1151123 0.93573 0.1096801 0.9299927 0.1225585 0.9260864 0.1296386 0.9298706 0.1151123 0.93573 0.1225585 0.9260864 0.1016235 0.9354248 0.09130859 0.9301758 0.09814453 0.9281006 0.1016235 0.9354248 0.1041259 0.9241333 0.1096801 0.9299927 0.09814453 0.9281006 0.1041259 0.9241333 0.1016235 0.9354248 0.1296386 0.9298706 0.1225585 0.9260864 0.1346435 0.9160767 0.07720947 0.9276123 0.08099365 0.9208374 0.08410644 0.9301148 0.08410644 0.9301148 0.08551025 0.9224854 0.09130859 0.9301758 0.08410644 0.9301148 0.08099365 0.9208374 0.08551025 0.9224854 0.0715332 0.9231567 0.07720947 0.9178467 0.07720947 0.9276123 0.07720947 0.9276123 0.07720947 0.9178467 0.08099365 0.9208374 0.06744384 0.9171753 0.07446289 0.9138184 0.0715332 0.9231567 0.0715332 0.9231567 0.07446289 0.9138184 0.07720947 0.9178467 0.09130859 0.9301758 0.08551025 0.9224854 0.09039306 0.9226685 0.09130859 0.9301758 0.09039306 0.9226685 0.09814453 0.9281006 0.06039428 0.9204712 0.06542968 0.9101563 0.06744384 0.9171753 0.06744384 0.9171753 0.07312011 0.9091797 0.07446289 0.9138184 0.06542968 0.9101563 0.07312011 0.9091797 0.06744384 0.9171753 0.1041259 0.9241333 0.1087646 0.9185791 0.1096801 0.9299927 0.1225585 0.9260864 0.1096801 0.9299927 0.1156616 0.9223023 0.1096801 0.9299927 0.1087646 0.9185791 0.1156616 0.9223023 0.1225585 0.9260864 0.1156616 0.9223023 0.1267089 0.9146729 0.1346435 0.9160767 0.1225585 0.9260864 0.1267089 0.9146729 0.09814453 0.9281006 0.09899902 0.9186401 0.1041259 0.9241333 0.1041259 0.9241333 0.1019897 0.914856 0.1087646 0.9185791 0.09899902 0.9186401 0.1019897 0.914856 0.1041259 0.9241333 0.1346435 0.9160767 0.1267089 0.9146729 0.1350097 0.9013672 0.07446289 0.9138184 0.08135986 0.9106445 0.07720947 0.9178467 0.07720947 0.9178467 0.08270263 0.9127197 0.08099365 0.9208374 0.07720947 0.9178467 0.08135986 0.9106445 0.08270263 0.9127197 0.07312011 0.9091797 0.08068847 0.9082642 0.07446289 0.9138184 0.07446289 0.9138184 0.08068847 0.9082642 0.08135986 0.9106445 0.1156616 0.9223023 0.1087646 0.9185791 0.1189575 0.913208 0.1267089 0.9146729 0.1156616 0.9223023 0.1189575 0.913208 0.1087646 0.9185791 0.1019897 0.914856 0.111267 0.9117432 0.1189575 0.913208 0.1087646 0.9185791 0.111267 0.9117432 0.1350097 0.9013672 0.1267089 0.9146729 0.1270751 0.9024658 0.1267089 0.9146729 0.1189575 0.913208 0.1270751 0.9024658 0.08068847 0.9082642 0.08850097 0.9073486 0.08135986 0.9106445 0.7001953 0.2299804 0.6928711 0.25 0.6777344 0.2270507 0.7021484 0.2109375 0.6777344 0.2270507 0.6777344 0.2089843 0.7275391 0.192871 0.7021484 0.2109375 0.7026367 0.1923828 0.6777344 0.2089843 0.7026367 0.1923828 0.7021484 0.2109375 0.7275391 0.192871 0.7026367 0.1923828 0.7270508 0.1694335 0.7270508 0.1694335 0.753418 0.1699218 0.7275391 0.192871 0.7265625 0.1450195 0.753418 0.1699218 0.7270508 0.1694335 0.7529297 0.1425781 0.753418 0.1699218 0.7265625 0.1450195 0.7529297 0.1425781 0.7773438 0.1440429 0.753418 0.1699218 0.7270508 0.1694335 0.7026367 0.1923828 0.7026367 0.1699218 0.7270508 0.1694335 0.7026367 0.1699218 0.7265625 0.1450195 0.6787109 0.1914062 0.7026367 0.1699218 0.7026367 0.1923828 0.6787109 0.1914062 0.7026367 0.1923828 0.6777344 0.2089843 0.6777344 0.2089843 0.6777344 0.2270507 0.6655274 0.2158203 0.6655274 0.2158203 0.6577149 0.2026367 0.6777344 0.2089843 0.6577149 0.2026367 0.6787109 0.1914062 0.6777344 0.2089843 0.6777344 0.2270507 0.6928711 0.25 0.6728516 0.2485351 0.6621094 0.2382812 0.6777344 0.2270507 0.6728516 0.2485351 0.668457 0.2260742 0.6777344 0.2270507 0.6621094 0.2382812 0.6655274 0.2158203 0.6777344 0.2270507 0.668457 0.2260742 0.7265625 0.1450195 0.7260742 0.125 0.7529297 0.1425781 0.7265625 0.1450195 0.7026367 0.1699218 0.7021484 0.145996 0.7265625 0.1450195 0.7021484 0.145996 0.7260742 0.125 0.6782227 0.1704101 0.7026367 0.1699218 0.6787109 0.1914062 0.7026367 0.1699218 0.6782227 0.1499023 0.7021484 0.145996 0.6782227 0.1704101 0.6782227 0.1499023 0.7026367 0.1699218 0.6582031 0.1884765 0.6782227 0.1704101 0.6787109 0.1914062 0.6582031 0.1884765 0.6787109 0.1914062 0.6577149 0.2026367 0.668457 0.2260742 0.6621094 0.2382812 0.659668 0.2255859 0.659668 0.2255859 0.6655274 0.2158203 0.668457 0.2260742 0.6552734 0.2104492 0.6577149 0.2026367 0.6655274 0.2158203 0.6572266 0.2197265 0.6552734 0.2104492 0.6655274 0.2158203 0.6572266 0.2197265 0.6655274 0.2158203 0.659668 0.2255859 0.6445313 0.2133789 0.6577149 0.2026367 0.6552734 0.2104492 0.6323242 0.2011718 0.6577149 0.2026367 0.6445313 0.2133789 0.6577149 0.2026367 0.6323242 0.2011718 0.6582031 0.1884765 0.6586914 0.1679687 0.6782227 0.1704101 0.6582031 0.1884765 0.6782227 0.1704101 0.6586914 0.1679687 0.6782227 0.1499023 0.6352539 0.184082 0.6586914 0.1679687 0.6582031 0.1884765 0.6582031 0.1884765 0.6323242 0.2011718 0.6352539 0.184082 0.7260742 0.125 0.7021484 0.145996 0.7011719 0.1254882 0.7021484 0.145996 0.6772461 0.1279296 0.7011719 0.1254882 0.6782227 0.1499023 0.6772461 0.1279296 0.7021484 0.145996 0.65625 0.1489257 0.6772461 0.1279296 0.6782227 0.1499023 0.6782227 0.1499023 0.6586914 0.1679687 0.65625 0.1489257 0.6533203 0.2182617 0.6445313 0.2133789 0.6552734 0.2104492 0.6533203 0.2182617 0.6552734 0.2104492 0.6572266 0.2197265 0.6533203 0.2182617 0.6572266 0.2197265 0.6518555 0.2231445 0.6518555 0.2231445 0.6572266 0.2197265 0.659668 0.2255859 0.637207 0.1635742 0.6586914 0.1679687 0.6352539 0.184082 0.637207 0.1635742 0.65625 0.1489257 0.6586914 0.1679687 0.6494141 0.2202148 0.6445313 0.2133789 0.6533203 0.2182617 0.6533203 0.2182617 0.6518555 0.2231445 0.6494141 0.2202148 0.6352539 0.184082 0.6225586 0.1811523 0.637207 0.1635742 0.6352539 0.184082 0.6206055 0.1977539 0.6225586 0.1811523 0.6323242 0.2011718 0.6206055 0.1977539 0.6352539 0.184082 0.6474609 0.2221679 0.6445313 0.2133789 0.6494141 0.2202148 0.6494141 0.2202148 0.6518555 0.2231445 0.6474609 0.2221679 0.65625 0.1264648 0.6772461 0.1279296 0.65625 0.1489257 0.65625 0.1489257 0.6386719 0.1416015 0.65625 0.1264648 0.6386719 0.1416015 0.65625 0.1489257 0.637207 0.1635742 0.637207 0.1635742 0.6225586 0.1811523 0.6245117 0.1601562 0.637207 0.1635742 0.6245117 0.1601562 0.6386719 0.1416015 0.7011719 0.1254882 0.6772461 0.1279296 0.7001953 0.09570312 0.65625 0.1264648 0.6733399 0.09472656 0.6772461 0.1279296 0.7001953 0.09570312 0.6772461 0.1279296 0.6733399 0.09472656 0.6069336 0.1787109 0.6245117 0.1601562 0.6225586 0.1811523 0.6225586 0.1811523 0.6044922 0.1958007 0.6069336 0.1787109 0.6206055 0.1977539 0.6044922 0.1958007 0.6225586 0.1811523 0.6582031 0.09326171 0.6733399 0.09472656 0.65625 0.1264648 0.65625 0.1264648 0.6401367 0.1171875 0.6582031 0.09326171 0.65625 0.1264648 0.6386719 0.1416015 0.6401367 0.1171875 0.6386719 0.1416015 0.6259766 0.137207 0.6401367 0.1171875 0.6386719 0.1416015 0.6245117 0.1601562 0.6259766 0.137207 0.6088867 0.1577148 0.6245117 0.1601562 0.6069336 0.1787109 0.6245117 0.1601562 0.6088867 0.1577148 0.6259766 0.137207 0.6733399 0.09472656 0.6582031 0.09326171 0.6772461 0.06054687 0.6772461 0.06054687 0.7001953 0.09570312 0.6733399 0.09472656 0.5913086 0.1777343 0.6088867 0.1577148 0.6069336 0.1787109 0.6044922 0.1958007 0.5913086 0.1777343 0.6069336 0.1787109 0.6582031 0.09326171 0.6401367 0.1171875 0.6401367 0.08544921 0.6772461 0.06054687 0.6582031 0.09326171 0.6601563 0.04345703 0.6582031 0.09326171 0.6401367 0.08544921 0.6601563 0.04345703 0.6401367 0.1171875 0.6269531 0.1171875 0.6401367 0.08544921 0.6401367 0.1171875 0.6259766 0.137207 0.6269531 0.1171875 0.6259766 0.137207 0.6103516 0.1347656 0.6269531 0.1171875 0.6259766 0.137207 0.6088867 0.1577148 0.6103516 0.1347656 0.5927734 0.1567382 0.6088867 0.1577148 0.5913086 0.1777343 0.6088867 0.1577148 0.5927734 0.1567382 0.6103516 0.1347656 0.6601563 0.04345703 0.6401367 0.08544921 0.6396484 0.04101562 0.6401367 0.08544921 0.6269531 0.1171875 0.6254883 0.08447265 0.6245117 0.05517578 0.6401367 0.08544921 0.6254883 0.08447265 0.6396484 0.04101562 0.6401367 0.08544921 0.6245117 0.05517578 0.6269531 0.1171875 0.6113281 0.114746 0.6254883 0.08447265 0.6269531 0.1171875 0.6103516 0.1347656 0.6113281 0.114746 0.59375 0.1333007 0.6113281 0.114746 0.6103516 0.1347656 0.6103516 0.1347656 0.5927734 0.1567382 0.59375 0.1333007 0.5927734 0.1567382 0.5913086 0.1777343 0.5771484 0.15625 0.5927734 0.1567382 0.5771484 0.15625 0.59375 0.1333007 0.6254883 0.08447265 0.6113281 0.114746 0.6132813 0.08398437 0.6254883 0.08447265 0.6132813 0.08398437 0.6245117 0.05517578 0.5947266 0.1137695 0.6132813 0.08398437 0.6113281 0.114746 0.5947266 0.1137695 0.6113281 0.114746 0.59375 0.1333007 0.59375 0.1333007 0.5776367 0.1323242 0.5947266 0.1137695 0.59375 0.1333007 0.5771484 0.15625 0.5776367 0.1323242 0.6245117 0.05517578 0.6132813 0.08398437 0.6108399 0.04101562 0.5922852 0.08398437 0.6132813 0.08398437 0.5947266 0.1137695 0.5922852 0.08398437 0.6108399 0.04101562 0.6132813 0.08398437 0.5947266 0.1137695 0.578125 0.1127929 0.5922852 0.08398437 0.5947266 0.1137695 0.5776367 0.1323242 0.578125 0.1127929 0.5776367 0.1323242 0.5620117 0.1318359 0.578125 0.1127929 0.5771484 0.15625 0.5620117 0.1318359 0.5776367 0.1323242 0.5908203 0.03857421 0.6108399 0.04101562 0.5922852 0.08398437 0.5922852 0.08398437 0.578125 0.1127929 0.5805664 0.08349609 0.5922852 0.08398437 0.578125 0.04199218 0.5908203 0.03857421 0.5805664 0.08349609 0.578125 0.04199218 0.5922852 0.08398437 0.578125 0.1127929 0.5629883 0.08544921 0.5805664 0.08349609 0.5625 0.1123046 0.5629883 0.08544921 0.578125 0.1127929 0.578125 0.1127929 0.5620117 0.1318359 0.5625 0.1123046 0.578125 0.04199218 0.5805664 0.08349609 0.5629883 0.05664062 0.5629883 0.05664062 0.5805664 0.08349609 0.5629883 0.08544921 0.5625 0.1123046 0.5478516 0.08691406 0.5629883 0.08544921 0.5629883 0.08544921 0.5478516 0.08691406 0.5629883 0.05664062 0.5473633 0.1132812 0.5478516 0.08691406 0.5625 0.1123046 0.5620117 0.1318359 0.5473633 0.1132812 0.5625 0.1123046 0.5629883 0.05664062 0.5478516 0.08691406 0.5488281 0.04492187 0.5473633 0.1132812 0.5327149 0.08886718 0.5478516 0.08691406 0.5478516 0.08691406 0.5307617 0.04589843 0.5488281 0.04492187 0.5327149 0.08886718 0.5307617 0.04589843 0.5478516 0.08691406 0.5322266 0.1142578 0.5327149 0.08886718 0.5473633 0.1132812 0.546875 0.1318359 0.5322266 0.1142578 0.5473633 0.1132812 0.546875 0.1318359 0.5473633 0.1132812 0.5620117 0.1318359 0.5327149 0.08886718 0.5322266 0.1142578 0.519043 0.0883789 0.5327149 0.08886718 0.519043 0.05859375 0.5307617 0.04589843 0.519043 0.0883789 0.519043 0.05859375 0.5327149 0.08886718 0.519043 0.0883789 0.5322266 0.1142578 0.5180664 0.1142578 0.5322266 0.1142578 0.5322266 0.1328125 0.5180664 0.1142578 0.5322266 0.1328125 0.5322266 0.1142578 0.546875 0.1318359 0.5180664 0.1142578 0.5048828 0.1113281 0.519043 0.0883789 0.519043 0.0883789 0.5043945 0.08007812 0.519043 0.05859375 0.519043 0.0883789 0.5048828 0.1113281 0.5043945 0.08007812 0.519043 0.05859375 0.5043945 0.08007812 0.5053711 0.04492187 0.5180664 0.1142578 0.5322266 0.1328125 0.5180664 0.1328125 0.5180664 0.1142578 0.5029297 0.1333007 0.5048828 0.1113281 0.5180664 0.1328125 0.5029297 0.1333007 0.5180664 0.1142578 0.5322266 0.1328125 0.5288086 0.1577148 0.5180664 0.1328125 0.5322266 0.1328125 0.543457 0.1567382 0.5288086 0.1577148 0.546875 0.1318359 0.543457 0.1567382 0.5322266 0.1328125 0.5136719 0.1577148 0.5029297 0.1333007 0.5180664 0.1328125 0.5180664 0.1328125 0.5288086 0.1577148 0.5136719 0.1577148 0.5048828 0.1113281 0.4938965 0.08398437 0.5043945 0.08007812 0.4943848 0.1132812 0.4938965 0.08398437 0.5048828 0.1113281 0.5029297 0.1333007 0.4943848 0.1132812 0.5048828 0.1113281 0.5053711 0.04492187 0.5043945 0.08007812 0.4916992 0.05615234 0.4916992 0.05615234 0.5043945 0.08007812 0.4938965 0.08398437 0.4929199 0.1333007 0.4943848 0.1132812 0.5029297 0.1333007 0.5014649 0.1567382 0.5029297 0.1333007 0.5136719 0.1577148 0.5014649 0.1567382 0.4929199 0.1333007 0.5029297 0.1333007 0.4816895 0.1132812 0.4938965 0.08398437 0.4943848 0.1132812 0.4929199 0.1333007 0.4816895 0.1132812 0.4943848 0.1132812 0.4812012 0.08349609 0.4938965 0.08398437 0.4816895 0.1132812 0.4938965 0.08398437 0.4812012 0.08349609 0.4916992 0.05615234 0.543457 0.1567382 0.5424805 0.1787109 0.5288086 0.1577148 0.5288086 0.1577148 0.5273438 0.1791992 0.5136719 0.1577148 0.5288086 0.1577148 0.5424805 0.1787109 0.5273438 0.1791992 0.5136719 0.1577148 0.5273438 0.1791992 0.512207 0.1801757 0.5 0.177246 0.5136719 0.1577148 0.512207 0.1801757 0.5014649 0.1567382 0.5136719 0.1577148 0.5 0.177246 0.5014649 0.1567382 0.5 0.177246 0.4909668 0.1577148 0.4909668 0.1577148 0.4929199 0.1333007 0.5014649 0.1567382 0.4916992 0.05615234 0.4812012 0.08349609 0.4799805 0.03466796 0.4804688 0.1323242 0.4816895 0.1132812 0.4929199 0.1333007 0.4929199 0.1333007 0.4797363 0.15625 0.4804688 0.1323242 0.4909668 0.1577148 0.4797363 0.15625 0.4929199 0.1333007 0.4816895 0.1132812 0.4692383 0.08496093 0.4812012 0.08349609 0.4658203 0.1127929 0.4692383 0.08496093 0.4816895 0.1132812 0.4804688 0.1323242 0.4658203 0.1127929 0.4816895 0.1132812 0.4692383 0.08496093 0.4658203 0.05371093 0.4812012 0.08349609 0.4812012 0.08349609 0.4658203 0.05371093 0.4799805 0.03466796 0.5273438 0.1791992 0.5273438 0.1987304 0.512207 0.1801757 0.5273438 0.1791992 0.5419922 0.1982421 0.5273438 0.1987304 0.5424805 0.1787109 0.5419922 0.1982421 0.5273438 0.1791992 0.4648438 0.1318359 0.4658203 0.1127929 0.4804688 0.1323242 0.4797363 0.15625 0.4648438 0.1318359 0.4804688 0.1323242 0.512207 0.1801757 0.4997559 0.1967773 0.5 0.177246 0.5117188 0.1987304 0.4997559 0.1967773 0.512207 0.1801757 0.512207 0.1801757 0.5273438 0.1987304 0.5117188 0.1987304 0.4909668 0.1577148 0.5 0.177246 0.4897461 0.1796875 0.5 0.177246 0.4997559 0.1967773 0.4897461 0.1796875 0.4797363 0.15625 0.4909668 0.1577148 0.4799805 0.1782226 0.4799805 0.1782226 0.4909668 0.1577148 0.4897461 0.1796875 0.4658203 0.1127929 0.4492188 0.08398437 0.4692383 0.08496093 0.4692383 0.08496093 0.4492188 0.08398437 0.4658203 0.05371093 0.4655762 0.1782226 0.4797363 0.15625 0.4799805 0.1782226 0.4645996 0.15625 0.4797363 0.15625 0.4655762 0.1782226 0.4645996 0.15625 0.4648438 0.1318359 0.4797363 0.15625 0.4479981 0.1113281 0.4492188 0.08398437 0.4658203 0.1127929 0.4475098 0.1308593 0.4658203 0.1127929 0.4648438 0.1318359 0.4479981 0.1113281 0.4658203 0.1127929 0.4475098 0.1308593 0.4645996 0.15625 0.4482422 0.15625 0.4648438 0.1318359 0.4648438 0.1318359 0.4482422 0.15625 0.4475098 0.1308593 0.4897461 0.1796875 0.4997559 0.1967773 0.4902344 0.1967773 0.4902344 0.1967773 0.4807129 0.1967773 0.4897461 0.1796875 0.4897461 0.1796875 0.4807129 0.1967773 0.4799805 0.1782226 0.4655762 0.1782226 0.4799805 0.1782226 0.4667969 0.196289 0.4667969 0.196289 0.4799805 0.1782226 0.4807129 0.1967773 0.4655762 0.1782226 0.4499512 0.1787109 0.4645996 0.15625 0.4645996 0.15625 0.4499512 0.1787109 0.4482422 0.15625 0.4667969 0.196289 0.4516602 0.1967773 0.4655762 0.1782226 0.4655762 0.1782226 0.4516602 0.1967773 0.4499512 0.1787109 0.4294434 0.1113281 0.4492188 0.08398437 0.4479981 0.1113281 0.4475098 0.1308593 0.4294434 0.1113281 0.4479981 0.1113281 0.4301758 0.1323242 0.4294434 0.1113281 0.4475098 0.1308593 0.4475098 0.1308593 0.4482422 0.15625 0.4301758 0.1323242 0.4482422 0.15625 0.4499512 0.1787109 0.4309082 0.1572265 0.4301758 0.1323242 0.4482422 0.15625 0.4309082 0.1572265 0.4309082 0.1572265 0.4499512 0.1787109 0.4331055 0.1796875 0.4355469 0.1977539 0.4499512 0.1787109 0.4516602 0.1967773 0.4331055 0.1796875 0.4499512 0.1787109 0.4355469 0.1977539 0.4301758 0.1323242 0.409668 0.1113281 0.4294434 0.1113281 0.4108887 0.1342773 0.409668 0.1113281 0.4301758 0.1323242 0.4301758 0.1323242 0.4309082 0.1572265 0.4108887 0.1342773 0.4309082 0.1572265 0.4331055 0.1796875 0.4123535 0.1596679 0.4108887 0.1342773 0.4309082 0.1572265 0.4123535 0.1596679 0.4123535 0.1596679 0.4331055 0.1796875 0.4155274 0.1821289 0.4194336 0.1992187 0.4331055 0.1796875 0.4355469 0.1977539 0.4155274 0.1821289 0.4331055 0.1796875 0.4194336 0.1992187 0.409668 0.1113281 0.4267578 0.08154296 0.4294434 0.1113281 0.4267578 0.08154296 0.4492188 0.08398437 0.4294434 0.1113281 0.3908692 0.1347656 0.409668 0.1113281 0.4108887 0.1342773 0.3937988 0.1596679 0.4108887 0.1342773 0.4123535 0.1596679 0.3908692 0.1347656 0.4108887 0.1342773 0.3937988 0.1596679 0.3937988 0.1596679 0.4123535 0.1596679 0.4001465 0.184082 0.4001465 0.184082 0.4123535 0.1596679 0.4155274 0.1821289 0.4001465 0.184082 0.4155274 0.1821289 0.4055176 0.2021484 0.4055176 0.2021484 0.4155274 0.1821289 0.4194336 0.1992187 0.4130859 0.07958984 0.4267578 0.08154296 0.409668 0.1113281 0.3898926 0.1108398 0.409668 0.1113281 0.3908692 0.1347656 0.3898926 0.1108398 0.4130859 0.07958984 0.409668 0.1113281 0.4001465 0.184082 0.378418 0.1855468 0.3937988 0.1596679 0.3937988 0.1596679 0.3735352 0.161621 0.3908692 0.1347656 0.3937988 0.1596679 0.378418 0.1855468 0.3735352 0.161621 0.378418 0.1855468 0.4001465 0.184082 0.3823242 0.2041015 0.3823242 0.2041015 0.4001465 0.184082 0.4055176 0.2021484 0.3908692 0.1347656 0.3693848 0.1162109 0.3898926 0.1108398 0.3706055 0.1362304 0.3693848 0.1162109 0.3908692 0.1347656 0.3908692 0.1347656 0.3735352 0.161621 0.3706055 0.1362304 0.4492188 0.08398437 0.4267578 0.08154296 0.4482422 0.04443359 0.4658203 0.05371093 0.4492188 0.08398437 0.4482422 0.04443359 0.3913574 0.07714843 0.4130859 0.07958984 0.3898926 0.1108398 0.3898926 0.1108398 0.3710938 0.08740234 0.3913574 0.07714843 0.3693848 0.1162109 0.3710938 0.08740234 0.3898926 0.1108398 0.3706055 0.1362304 0.3735352 0.161621 0.3483887 0.1396484 0.3483887 0.1396484 0.3479004 0.1210937 0.3706055 0.1362304 0.3706055 0.1362304 0.3479004 0.1210937 0.3693848 0.1162109 0.3479004 0.1210937 0.3481445 0.09228515 0.3693848 0.1162109 0.08135986 0.9106445 0.08850097 0.9073486 0.08270263 0.9127197 0.1270751 0.9024658 0.1189575 0.913208 0.1192626 0.9035034 0.1189575 0.913208 0.111267 0.9117432 0.1192626 0.9035034 0.1350097 0.9013672 0.1270751 0.9024658 0.1309814 0.8872681 0.1270751 0.9024658 0.1192626 0.9035034 0.1237182 0.8907471 0.1309814 0.8872681 0.1270751 0.9024658 0.1237182 0.8907471 0.111267 0.9117432 0.1019897 0.914856 0.1036376 0.9102783 0.111267 0.9117432 0.1036376 0.9102783 0.1115112 0.904541 0.1192626 0.9035034 0.111267 0.9117432 0.1115112 0.904541 0.1192626 0.9035034 0.1115112 0.904541 0.1165771 0.894165 0.1237182 0.8907471 0.1192626 0.9035034 0.1165771 0.894165 0.08270263 0.9127197 0.08850097 0.9073486 0.08465576 0.9142456 0.08099365 0.9208374 0.08270263 0.9127197 0.08465576 0.9142456 0.1309814 0.8872681 0.1237182 0.8907471 0.1226196 0.8751831 0.1226196 0.8751831 0.1237182 0.8907471 0.1168823 0.8806763 0.1237182 0.8907471 0.1165771 0.894165 0.1168823 0.8806763 0.1165771 0.894165 0.1115112 0.904541 0.109497 0.897522 0.1115112 0.904541 0.1036376 0.9102783 0.1038208 0.9054566 0.1115112 0.904541 0.1038208 0.9054566 0.109497 0.897522 0.1168823 0.8806763 0.1165771 0.894165 0.111145 0.8861084 0.1165771 0.894165 0.109497 0.897522 0.111145 0.8861084 0.08465576 0.9142456 0.08850097 0.9073486 0.08697509 0.9150391 0.08551025 0.9224854 0.08465576 0.9142456 0.08697509 0.9150391 0.08099365 0.9208374 0.08465576 0.9142456 0.08551025 0.9224854 0.111145 0.8861084 0.109497 0.897522 0.1054687 0.8914795 0.109497 0.897522 0.102478 0.9008179 0.1054687 0.8914795 0.109497 0.897522 0.1038208 0.9054566 0.102478 0.9008179 0.1036376 0.9102783 0.09625244 0.9088745 0.1038208 0.9054566 0.1038208 0.9054566 0.09631347 0.9063721 0.102478 0.9008179 0.1038208 0.9054566 0.09625244 0.9088745 0.09631347 0.9063721 0.08551025 0.9224854 0.08697509 0.9150391 0.09039306 0.9226685 0.102478 0.9008179 0.09631347 0.9063721 0.09564208 0.9039917 0.1054687 0.8914795 0.102478 0.9008179 0.09979248 0.8967896 0.102478 0.9008179 0.09564208 0.9039917 0.09979248 0.8967896 0.09631347 0.9063721 0.08850097 0.9073486 0.09564208 0.9039917 0.09625244 0.9088745 0.08850097 0.9073486 0.09631347 0.9063721 0.08697509 0.9150391 0.08850097 0.9073486 0.0894165 0.9151611 0.09039306 0.9226685 0.08697509 0.9150391 0.0894165 0.9151611 0.09564208 0.9039917 0.08850097 0.9073486 0.09423828 0.9019775 0.09979248 0.8967896 0.09564208 0.9039917 0.09423828 0.9019775 0.1054687 0.8914795 0.09979248 0.8967896 0.09973144 0.8870239 0.09979248 0.8967896 0.09423828 0.9019775 0.0960083 0.8938599 0.09973144 0.8870239 0.09979248 0.8967896 0.0960083 0.8938599 0.09423828 0.9019775 0.08850097 0.9073486 0.09234619 0.9004517 0.0960083 0.8938599 0.09423828 0.9019775 0.09234619 0.9004517 0.09539794 0.9111939 0.08850097 0.9073486 0.09625244 0.9088745 0.1036376 0.9102783 0.09539794 0.9111939 0.09625244 0.9088745 0.0894165 0.9151611 0.08850097 0.9073486 0.09179687 0.9144898 0.09503173 0.9213257 0.0894165 0.9151611 0.09179687 0.9144898 0.09039306 0.9226685 0.0894165 0.9151611 0.09503173 0.9213257 0.09814453 0.9281006 0.09039306 0.9226685 0.09503173 0.9213257 0.0960083 0.8938599 0.09234619 0.9004517 0.09149169 0.8921509 0.0928955 0.8845215 0.0960083 0.8938599 0.09149169 0.8921509 0.09973144 0.8870239 0.0960083 0.8938599 0.0928955 0.8845215 0.09234619 0.9004517 0.08850097 0.9073486 0.09002685 0.8995972 0.09149169 0.8921509 0.09234619 0.9004517 0.09002685 0.8995972 0.09436035 0.8768311 0.09973144 0.8870239 0.0928955 0.8845215 0.09503173 0.9213257 0.09179687 0.9144898 0.09899902 0.9186401 0.09503173 0.9213257 0.09899902 0.9186401 0.09814453 0.9281006 0.1019897 0.914856 0.09539794 0.9111939 0.1036376 0.9102783 0.09899902 0.9186401 0.09387207 0.9130859 0.1019897 0.914856 0.09899902 0.9186401 0.09179687 0.9144898 0.09387207 0.9130859 0.1019897 0.914856 0.09387207 0.9130859 0.09539794 0.9111939 0.09387207 0.9130859 0.08850097 0.9073486 0.09539794 0.9111939 0.09179687 0.9144898 0.08850097 0.9073486 0.09387207 0.9130859 0.09149169 0.8921509 0.09002685 0.8995972 0.08660888 0.8919678 0.08569335 0.8842774 0.09149169 0.8921509 0.08660888 0.8919678 0.0928955 0.8845215 0.09149169 0.8921509 0.08569335 0.8842774 0.09436035 0.8768311 0.0928955 0.8845215 0.08465576 0.8765259 0.08465576 0.8765259 0.0928955 0.8845215 0.08569335 0.8842774 0.09002685 0.8995972 0.08850097 0.9073486 0.08752441 0.8995361 0.08660888 0.8919678 0.09002685 0.8995972 0.08752441 0.8995361 0.08361816 0.8687744 0.09436035 0.8768311 0.08465576 0.8765259 0.08569335 0.8842774 0.08660888 0.8919678 0.07867431 0.8862915 0.08660888 0.8919678 0.08752441 0.8995361 0.08197021 0.8933106 0.07867431 0.8862915 0.08660888 0.8919678 0.08197021 0.8933106 0.08465576 0.8765259 0.08569335 0.8842774 0.07531738 0.8792114 0.07531738 0.8792114 0.08569335 0.8842774 0.07867431 0.8862915 0.08361816 0.8687744 0.08465576 0.8765259 0.07196044 0.8720703 0.07196044 0.8720703 0.08465576 0.8765259 0.07531738 0.8792114 0.08197021 0.8933106 0.08752441 0.8995361 0.08520507 0.9002075 0.08752441 0.8995361 0.08850097 0.9073486 0.08520507 0.9002075 0.06848144 0.8648682 0.08361816 0.8687744 0.07196044 0.8720703 0.07867431 0.8862915 0.08197021 0.8933106 0.07263183 0.8903809 0.06726074 0.8846436 0.07867431 0.8862915 0.07263183 0.8903809 0.07531738 0.8792114 0.07867431 0.8862915 0.06726074 0.8846436 0.08197021 0.8933106 0.08520507 0.9002075 0.07794189 0.8959961 0.07263183 0.8903809 0.08197021 0.8933106 0.07794189 0.8959961 0.07196044 0.8720703 0.07531738 0.8792114 0.06185913 0.8789673 0.06185913 0.8789673 0.07531738 0.8792114 0.06726074 0.8846436 0.06848144 0.8648682 0.07196044 0.8720703 0.05633544 0.873169 0.05633544 0.873169 0.07196044 0.8720703 0.06185913 0.8789673 0.05065917 0.8673096 0.06848144 0.8648682 0.05633544 0.873169 0.07263183 0.8903809 0.07794189 0.8959961 0.06817626 0.8960571 0.06130981 0.892334 0.07263183 0.8903809 0.06817626 0.8960571 0.06726074 0.8846436 0.07263183 0.8903809 0.06130981 0.892334 0.06185913 0.8789673 0.06726074 0.8846436 0.05438232 0.8885498 0.05438232 0.8885498 0.06726074 0.8846436 0.06130981 0.892334 0.05633544 0.873169 0.06185913 0.8789673 0.04733276 0.8847656 0.04733276 0.8847656 0.06185913 0.8789673 0.05438232 0.8885498 0.05065917 0.8673096 0.05633544 0.873169 0.04016113 0.8809204 0.04016113 0.8809204 0.05633544 0.873169 0.04733276 0.8847656 0.07794189 0.8959961 0.08520507 0.9002075 0.08312988 0.9015503 0.07794189 0.8959961 0.08312988 0.9015503 0.0750122 0.8998413 0.06817626 0.8960571 0.07794189 0.8959961 0.0750122 0.8998413 0.06817626 0.8960571 0.0750122 0.8998413 0.06567382 0.9028931 0.05804443 0.9014282 0.06817626 0.8960571 0.06567382 0.9028931 0.06130981 0.892334 0.06817626 0.8960571 0.05804443 0.9014282 0.05438232 0.8885498 0.06130981 0.892334 0.05026245 0.9000244 0.05026245 0.9000244 0.06130981 0.892334 0.05804443 0.9014282 0.04733276 0.8847656 0.05438232 0.8885498 0.04238891 0.8986206 0.04238891 0.8986206 0.05438232 0.8885498 0.05026245 0.9000244 0.04016113 0.8809204 0.04733276 0.8847656 0.03436279 0.8971558 0.03436279 0.8971558 0.04733276 0.8847656 0.04238891 0.8986206 0.0750122 0.8998413 0.08312988 0.9015503 0.081604 0.9035034 0.06567382 0.9028931 0.0750122 0.8998413 0.07336425 0.9043579 0.0750122 0.8998413 0.081604 0.9035034 0.07336425 0.9043579 0.06567382 0.9028931 0.07336425 0.9043579 0.06542968 0.9101563 0.05767822 0.9111328 0.06567382 0.9028931 0.06542968 0.9101563 0.05804443 0.9014282 0.06567382 0.9028931 0.05767822 0.9111328 0.05026245 0.9000244 0.05804443 0.9014282 0.04986572 0.9121704 0.04986572 0.9121704 0.05804443 0.9014282 0.05767822 0.9111328 0.04238891 0.8986206 0.05026245 0.9000244 0.04196166 0.9132691 0.04196166 0.9132691 0.05026245 0.9000244 0.04986572 0.9121704 0.03436279 0.8971558 0.04238891 0.8986206 0.03390502 0.9143677 0.03390502 0.9143677 0.04238891 0.8986206 0.04196166 0.9132691 0.08312988 0.9015503 0.08850097 0.9073486 0.081604 0.9035034 0.07336425 0.9043579 0.081604 0.9035034 0.08074951 0.9058228 0.081604 0.9035034 0.08850097 0.9073486 0.08074951 0.9058228 0.07336425 0.9043579 0.08074951 0.9058228 0.07312011 0.9091797 0.06542968 0.9101563 0.07336425 0.9043579 0.07312011 0.9091797 0.05767822 0.9111328 0.06542968 0.9101563 0.06039428 0.9204712 0.04986572 0.9121704 0.05767822 0.9111328 0.05325317 0.9238892 0.05325317 0.9238892 0.05767822 0.9111328 0.06039428 0.9204712 0.04196166 0.9132691 0.04986572 0.9121704 0.04608154 0.9273682 0.04608154 0.9273682 0.04986572 0.9121704 0.05325317 0.9238892 0.03390502 0.9143677 0.04196166 0.9132691 0.0387268 0.9309082 0.0387268 0.9309082 0.04196166 0.9132691 0.04608154 0.9273682 0.08074951 0.9058228 0.08850097 0.9073486 0.08068847 0.9082642 0.07312011 0.9091797 0.08074951 0.9058228 0.08068847 0.9082642 0.05325317 0.9238892 0.06039428 0.9204712 0.06011962 0.93396 0.04608154 0.9273682 0.05325317 0.9238892 0.05432128 0.9394837 0.05432128 0.9394837 0.05325317 0.9238892 0.06011962 0.93396 0.0387268 0.9309082 0.04608154 0.9273682 0.04846191 0.9451294 0.04846191 0.9451294 0.04608154 0.9273682 0.05432128 0.9394837 0.05432128 0.9394837 0.06011962 0.93396 0.06591796 0.9484863 0.04846191 0.9451294 0.05432128 0.9394837 0.06213378 0.955658 0.06213378 0.955658 0.05432128 0.9394837 0.06591796 0.9484863 0.08520507 0.9002075 0.08850097 0.9073486 0.08312988 0.9015503</float_array>
          <technique_common>
            <accessor source="#Body_Default_M_002-mesh-map-0-array" count="15039" stride="2">
              <param name="S" type="float"/>
              <param name="T" type="float"/>
            </accessor>
          </technique_common>
        </source>
        <vertices id="Body_Default_M_002-mesh-vertices">
          <input semantic="POSITION" source="#Body_Default_M_002-mesh-positions"/>
        </vertices>
        <triangles material="gigasquash_body_default_color-material" count="5013">
          <input semantic="VERTEX" source="#Body_Default_M_002-mesh-vertices" offset="0"/>
          <input semantic="NORMAL" source="#Body_Default_M_002-mesh-normals" offset="1"/>
          <input semantic="TEXCOORD" source="#Body_Default_M_002-mesh-map-0" offset="2" set="0"/>
          <p>0 0 0 1 1 1 2 2 2 2 2 3 1 1 4 3 3 5 1 1 6 4 4 7 3 3 8 2 2 9 3 3 10 5 5 11 5 5 12 3 3 13 6 6 14 3 3 15 7 7 16 6 6 17 3 3 18 4 4 19 7 7 20 6 6 21 7 7 22 8 8 23 9 9 24 5 5 25 6 6 26 6 6 27 8 8 28 9 9 29 10 10 30 5 5 31 9 9 32 8 8 33 7 7 34 11 11 35 7 7 36 4 4 37 12 12 38 11 11 39 7 7 40 12 12 41 12 12 42 4 4 43 13 13 44 9 9 45 8 8 46 14 14 47 15 15 48 8 8 49 11 11 50 14 14 51 8 8 52 15 15 53 16 16 54 10 10 55 9 9 56 17 17 57 9 9 58 14 14 59 16 16 60 9 9 61 17 17 62 17 17 63 14 14 64 18 18 65 18 18 66 14 14 67 15 15 68 15 15 69 11 11 70 19 19 71 19 19 72 18 18 73 15 15 74 11 11 75 12 12 76 20 20 77 19 19 78 11 11 79 20 20 80 21 21 81 10 10 82 16 16 83 20 20 84 12 12 85 22 22 86 12 12 87 23 23 88 22 22 89 13 13 90 23 23 91 12 12 92 17 17 93 24 24 94 16 16 95 18 18 96 24 24 97 17 17 98 16 16 99 24 24 100 25 25 101 16 16 102 25 25 103 21 21 104 26 26 105 18 18 106 19 19 107 26 26 108 27 27 109 18 18 110 27 27 111 24 24 112 18 18 113 19 19 114 20 20 115 28 28 116 29 29 117 19 19 118 28 28 119 26 26 120 19 19 121 29 29 122 20 20 123 22 22 124 30 30 125 28 28 126 20 20 127 30 30 128 30 30 129 22 22 130 31 31 131 23 23 132 31 31 133 22 22 134 24 24 135 27 27 136 32 32 137 24 24 138 32 32 139 25 25 140 21 21 141 25 25 142 33 33 143 25 25 144 32 32 145 34 34 146 25 25 147 34 34 148 33 33 149 35 35 150 31 31 151 23 23 152 29 29 153 36 36 154 26 26 155 37 37 156 27 27 157 26 26 158 26 26 159 36 36 160 37 37 161 27 27 162 37 37 163 38 38 164 32 32 165 27 27 166 38 38 167 28 28 168 30 30 169 39 39 170 28 28 171 40 40 172 29 29 173 39 39 174 40 40 175 28 28 176 40 40 177 41 41 178 29 29 179 29 29 180 41 41 181 36 36 182 30 30 183 31 31 184 42 42 185 39 39 186 30 30 187 42 42 188 42 42 189 31 31 190 43 43 191 44 44 192 31 31 193 35 35 194 43 43 195 31 31 196 44 44 197 39 39 198 42 42 199 45 45 200 45 45 201 40 40 202 39 39 203 40 40 204 46 46 205 41 41 206 46 46 207 40 40 208 45 45 209 36 36 210 47 47 211 37 37 212 48 48 213 36 36 214 41 41 215 47 47 216 36 36 217 48 48 218 41 41 219 46 46 220 49 49 221 49 49 222 48 48 223 41 41 224 42 42 225 43 43 226 50 50 227 45 45 228 42 42 229 50 50 230 50 50 231 43 43 232 51 51 233 43 43 234 44 44 235 51 51 236 51 51 237 44 44 238 52 52 239 53 53 240 45 45 241 50 50 242 54 54 243 45 45 244 53 53 245 45 45 246 54 54 247 46 46 248 55 55 249 49 49 250 46 46 251 46 46 252 54 54 253 55 55 254 53 53 255 50 50 256 56 56 257 56 56 258 50 50 259 51 51 260 56 56 261 51 51 262 57 57 263 57 57 264 51 51 265 52 52 266 58 58 267 48 48 268 49 49 269 48 48 270 58 58 271 59 59 272 59 59 273 60 60 274 48 48 275 48 48 276 60 60 277 47 47 278 61 61 279 49 49 280 55 55 281 49 49 282 62 62 283 58 58 284 61 61 285 62 62 286 49 49 287 56 56 288 63 63 289 53 53 290 53 53 291 64 64 292 54 54 293 53 53 294 63 63 295 64 64 296 54 54 297 64 64 298 65 65 299 54 54 300 65 65 301 55 55 302 63 63 303 56 56 304 66 66 305 66 66 306 56 56 307 57 57 308 55 55 309 67 67 310 61 61 311 68 68 312 67 67 313 55 55 314 55 55 315 65 65 316 68 68 317 67 67 318 69 69 319 61 61 320 61 61 321 69 69 322 62 62 323 69 69 324 70 70 325 62 62 326 62 62 327 70 70 328 58 58 329 58 58 330 70 70 331 71 71 332 59 59 333 58 58 334 71 71 335 63 63 336 72 72 337 64 64 338 63 63 339 66 66 340 72 72 341 64 64 342 73 73 343 65 65 344 73 73 345 68 68 346 65 65 347 64 64 348 72 72 349 74 74 350 74 74 351 73 73 352 64 64 353 68 68 354 75 75 355 67 67 356 75 75 357 68 68 358 73 73 359 67 67 360 75 75 361 76 76 362 67 67 363 76 76 364 69 69 365 72 72 366 66 66 367 77 77 368 78 78 369 70 70 370 69 69 371 79 79 372 78 78 373 69 69 374 69 69 375 76 76 376 79 79 377 71 71 378 70 70 379 80 80 380 78 78 381 81 81 382 70 70 383 80 80 384 70 70 385 81 81 386 76 76 387 75 75 388 82 82 389 82 82 390 79 79 391 76 76 392 82 82 393 75 75 394 83 83 395 75 75 396 73 73 397 83 83 398 73 73 399 74 74 400 84 84 401 83 83 402 73 73 403 84 84 404 74 74 405 72 72 406 85 85 407 84 84 408 74 74 409 85 85 410 86 86 411 81 81 412 78 78 413 87 87 414 86 86 415 78 78 416 87 87 417 78 78 418 79 79 419 79 79 420 88 88 421 87 87 422 88 88 423 79 79 424 82 82 425 82 82 426 83 83 427 89 89 428 89 89 429 88 88 430 82 82 431 89 89 432 83 83 433 90 90 434 84 84 435 90 90 436 83 83 437 84 84 438 85 85 439 91 91 440 91 91 441 90 90 442 84 84 443 81 81 444 92 92 445 80 80 446 93 93 447 92 92 448 81 81 449 86 86 450 93 93 451 81 81 452 94 94 453 89 89 454 90 90 455 91 91 456 94 94 457 90 90 458 87 87 459 88 88 460 95 95 461 95 95 462 96 96 463 87 87 464 96 96 465 86 86 466 87 87 467 97 97 468 93 93 469 86 86 470 86 86 471 98 98 472 97 97 473 96 96 474 98 98 475 86 86 476 88 88 477 99 99 478 95 95 479 100 100 480 99 99 481 88 88 482 100 100 483 88 88 484 89 89 485 101 101 486 89 89 487 94 94 488 89 89 489 101 101 490 100 100 491 93 93 492 97 97 493 102 102 494 102 102 495 103 103 496 93 93 497 93 93 498 103 103 499 92 92 500 104 104 501 96 96 502 95 95 503 105 105 504 95 95 505 99 99 506 104 104 507 95 95 508 105 105 509 104 104 510 106 106 511 96 96 512 96 96 513 106 106 514 98 98 515 100 100 516 107 107 517 99 99 518 100 100 519 101 101 520 107 107 521 99 99 522 107 107 523 108 108 524 99 99 525 108 108 526 105 105 527 102 102 528 97 97 529 109 109 530 97 97 531 110 110 532 109 109 533 98 98 534 110 110 535 97 97 536 110 110 537 98 98 538 111 111 539 111 111 540 98 98 541 106 106 542 105 105 543 112 112 544 104 104 545 104 104 546 112 112 547 106 106 548 105 105 549 108 108 550 113 113 551 114 114 552 112 112 553 105 105 554 105 105 555 113 113 556 114 114 557 106 106 558 112 112 559 115 115 560 106 106 561 116 116 562 111 111 563 115 115 564 116 116 565 106 106 566 108 108 567 117 117 568 113 113 569 108 108 570 118 118 571 117 117 572 107 107 573 118 118 574 108 108 575 112 112 576 119 119 577 115 115 578 112 112 579 120 120 580 119 119 581 114 114 582 120 120 583 112 112 584 114 114 585 121 121 586 120 120 587 114 114 588 113 113 589 121 121 590 122 122 591 121 121 592 113 113 593 113 113 594 117 117 595 122 122 596 115 115 597 119 119 598 123 123 599 115 115 600 123 123 601 124 124 602 124 124 603 116 116 604 115 115 605 117 117 606 125 125 607 122 122 608 126 126 609 117 117 610 118 118 611 125 125 612 117 117 613 126 126 614 119 119 615 127 127 616 123 123 617 119 119 618 128 128 619 127 127 620 120 120 621 128 128 622 119 119 623 120 120 624 129 129 625 128 128 626 120 120 627 121 121 628 129 129 629 121 121 630 130 130 631 129 129 632 130 130 633 121 121 634 122 122 635 122 122 636 125 125 637 131 131 638 122 122 639 131 131 640 130 130 641 124 124 642 123 123 643 132 132 644 123 123 645 133 133 646 132 132 647 123 123 648 127 127 649 133 133 650 125 125 651 134 134 652 131 131 653 125 125 654 135 135 655 134 134 656 126 126 657 135 135 658 125 125 659 128 128 660 129 129 661 136 136 662 137 137 663 127 127 664 128 128 665 136 136 666 137 137 667 128 128 668 129 129 669 138 138 670 136 136 671 129 129 672 130 130 673 138 138 674 130 130 675 131 131 676 139 139 677 139 139 678 138 138 679 130 130 680 140 140 681 139 139 682 131 131 683 131 131 684 134 134 685 140 140 686 141 141 687 134 134 688 135 135 689 142 142 690 134 134 691 141 141 692 142 142 693 140 140 694 134 134 695 136 136 696 138 138 697 143 143 698 136 136 699 143 143 700 144 144 701 144 144 702 137 137 703 136 136 704 138 138 705 145 145 706 143 143 707 145 145 708 138 138 709 139 139 710 139 139 711 146 146 712 145 145 713 146 146 714 139 139 715 140 140 716 140 140 717 147 147 718 146 146 719 147 147 720 140 140 721 142 142 722 148 148 723 142 142 724 141 141 725 149 149 726 142 142 727 148 148 728 142 142 729 149 149 730 147 147 731 144 144 732 143 143 733 150 150 734 143 143 735 151 151 736 150 150 737 143 143 738 145 145 739 151 151 740 145 145 741 146 146 742 152 152 743 145 145 744 152 152 745 151 151 746 153 153 747 152 152 748 146 146 749 146 146 750 147 147 751 153 153 752 147 147 753 149 149 754 154 154 755 154 154 756 153 153 757 147 147 758 149 149 759 155 155 760 154 154 761 156 156 762 149 149 763 148 148 764 155 155 765 149 149 766 156 156 767 157 157 768 158 158 769 159 159 770 160 160 771 159 159 772 158 158 773 161 161 774 159 159 775 160 160 776 161 161 777 162 162 778 159 159 779 163 163 780 164 164 781 158 158 782 158 158 783 164 164 784 160 160 785 85 85 786 164 164 787 163 163 788 91 91 789 85 85 790 163 163 791 160 160 792 164 164 793 165 165 794 166 166 795 162 162 796 161 161 797 167 167 798 162 162 799 166 166 800 168 168 801 162 162 802 167 167 803 85 85 804 72 72 805 164 164 806 77 77 807 164 164 808 72 72 809 165 165 810 164 164 811 77 77 812 168 168 813 167 167 814 169 169 815 169 169 816 167 167 817 170 170 818 171 171 819 169 169 820 170 170 821 172 172 822 173 173 823 174 174 824 174 174 825 173 173 826 175 175 827 174 174 828 175 175 829 176 176 830 177 177 831 174 174 832 176 176 833 176 176 834 175 175 835 178 178 836 175 175 837 173 173 838 179 179 839 175 175 840 179 179 841 178 178 842 176 176 843 178 178 844 180 180 845 181 181 846 176 176 847 180 180 848 177 177 849 176 176 850 181 181 851 180 180 852 178 178 853 182 182 854 183 183 855 182 182 856 178 178 857 178 178 858 179 179 859 183 183 860 179 179 861 173 173 862 184 184 863 184 184 864 173 173 865 185 185 866 182 182 867 186 186 868 180 180 869 180 180 870 187 187 871 181 181 872 180 180 873 186 186 874 187 187 875 181 181 876 187 187 877 188 188 878 189 189 879 182 182 880 183 183 881 190 190 882 182 182 883 189 189 884 186 186 885 182 182 886 190 190 887 186 186 888 191 191 889 187 187 890 192 192 891 186 186 892 190 190 893 191 191 894 186 186 895 192 192 896 187 187 897 191 191 898 193 193 899 187 187 900 193 193 901 188 188 902 194 194 903 193 193 904 191 191 905 192 192 906 194 194 907 191 191 908 195 195 909 194 194 910 192 192 911 196 196 912 193 193 913 194 194 914 188 188 915 193 193 916 197 197 917 196 196 918 197 197 919 193 193 920 197 197 921 198 198 922 188 188 923 199 199 924 194 194 925 195 195 926 196 196 927 194 194 928 200 200 929 201 201 930 194 194 931 199 199 932 200 200 933 194 194 934 201 201 935 200 200 936 202 202 937 196 196 938 202 202 939 197 197 940 196 196 941 203 203 942 198 198 943 197 197 944 204 204 945 197 197 946 202 202 947 203 203 948 197 197 949 204 204 950 205 205 951 202 202 952 200 200 953 205 205 954 204 204 955 202 202 956 198 198 957 203 203 958 206 206 959 207 207 960 201 201 961 199 199 962 200 200 963 201 201 964 208 208 965 209 209 966 200 200 967 208 208 968 205 205 969 200 200 970 209 209 971 208 208 972 201 201 973 210 210 974 210 210 975 201 201 976 207 207 977 211 211 978 204 204 979 205 205 980 209 209 981 211 211 982 205 205 983 204 204 984 211 211 985 212 212 986 204 204 987 212 212 988 203 203 989 206 206 990 203 203 991 213 213 992 203 203 993 212 212 994 213 213 995 208 208 996 210 210 997 214 214 998 215 215 999 208 208 1000 214 214 1001 209 209 1002 208 208 1003 215 215 1004 214 214 1005 210 210 1006 216 216 1007 207 207 1008 216 216 1009 210 210 1010 217 217 1011 216 216 1012 207 207 1013 218 218 1014 211 211 1015 209 209 1016 209 209 1017 219 219 1018 218 218 1019 215 215 1020 219 219 1021 209 209 1022 211 211 1023 218 218 1024 220 220 1025 212 212 1026 211 211 1027 220 220 1028 212 212 1029 220 220 1030 221 221 1031 212 212 1032 221 221 1033 213 213 1034 218 218 1035 219 219 1036 222 222 1037 220 220 1038 218 218 1039 222 222 1040 220 220 1041 222 222 1042 223 223 1043 221 221 1044 220 220 1045 223 223 1046 222 222 1047 219 219 1048 224 224 1049 223 223 1050 222 222 1051 225 225 1052 224 224 1053 225 225 1054 222 222 1055 225 225 1056 226 226 1057 223 223 1058 225 225 1059 227 227 1060 226 226 1061 227 227 1062 225 225 1063 224 224 1064 226 226 1065 227 227 1066 228 228 1067 229 229 1068 226 226 1069 228 228 1070 229 229 1071 228 228 1072 230 230 1073 230 230 1074 228 228 1075 231 231 1076 229 229 1077 230 230 1078 232 232 1079 232 232 1080 230 230 1081 233 233 1082 234 234 1083 235 235 1084 236 236 1085 237 237 1086 235 235 1087 234 234 1088 238 238 1089 237 237 1090 234 234 1091 239 239 1092 237 237 1093 238 238 1094 237 237 1095 239 239 1096 240 240 1097 238 238 1098 241 241 1099 239 239 1100 242 242 1101 241 241 1102 238 238 1103 239 239 1104 241 241 1105 243 243 1106 239 239 1107 243 243 1108 244 244 1109 240 240 1110 239 239 1111 244 244 1112 240 240 1113 244 244 1114 245 245 1115 241 241 1116 242 242 1117 246 246 1118 246 246 1119 247 247 1120 241 241 1121 243 243 1122 241 241 1123 247 247 1124 246 246 1125 242 242 1126 248 248 1127 244 244 1128 243 243 1129 249 249 1130 244 244 1131 249 249 1132 250 250 1133 245 245 1134 244 244 1135 250 250 1136 249 249 1137 243 243 1138 251 251 1139 243 243 1140 247 247 1141 252 252 1142 251 251 1143 243 243 1144 252 252 1145 253 253 1146 245 245 1147 250 250 1148 246 246 1149 248 248 1150 254 254 1151 255 255 1152 247 247 1153 246 246 1154 246 246 1155 256 256 1156 255 255 1157 254 254 1158 256 256 1159 246 246 1160 255 255 1161 257 257 1162 247 247 1163 252 252 1164 247 247 1165 258 258 1166 247 247 1167 257 257 1168 258 258 1169 259 259 1170 249 249 1171 251 251 1172 260 260 1173 249 249 1174 259 259 1175 250 250 1176 249 249 1177 260 260 1178 260 260 1179 259 259 1180 250 250 1181 250 250 1182 259 259 1183 253 253 1184 256 256 1185 261 261 1186 255 255 1187 255 255 1188 261 261 1189 257 257 1190 252 252 1191 262 262 1192 251 251 1193 263 263 1194 252 252 1195 258 258 1196 262 262 1197 252 252 1198 263 263 1199 257 257 1200 264 264 1201 258 258 1202 258 258 1203 264 264 1204 263 263 1205 254 254 1206 265 265 1207 256 256 1208 265 265 1209 266 266 1210 256 256 1211 256 256 1212 266 266 1213 261 261 1214 264 264 1215 257 257 1216 267 267 1217 257 257 1218 261 261 1219 268 268 1220 267 267 1221 257 257 1222 268 268 1223 268 268 1224 261 261 1225 269 269 1226 270 270 1227 261 261 1228 266 266 1229 269 269 1230 261 261 1231 270 270 1232 268 268 1233 271 271 1234 267 267 1235 269 269 1236 271 271 1237 268 268 1238 270 270 1239 272 272 1240 269 269 1241 272 272 1242 271 271 1243 269 269 1244 264 264 1245 267 267 1246 273 273 1247 270 270 1248 266 266 1249 274 274 1250 275 275 1251 272 272 1252 270 270 1253 274 274 1254 275 275 1255 270 270 1256 265 265 1257 276 276 1258 266 266 1259 274 274 1260 266 266 1261 277 277 1262 266 266 1263 276 276 1264 277 277 1265 265 265 1266 278 278 1267 276 276 1268 275 275 1269 279 279 1270 272 272 1271 279 279 1272 271 271 1273 272 272 1274 267 267 1275 271 271 1276 280 280 1277 271 271 1278 281 281 1279 280 280 1280 281 281 1281 271 271 1282 279 279 1283 276 276 1284 282 282 1285 277 277 1286 276 276 1287 278 278 1288 282 282 1289 277 277 1290 282 282 1291 283 283 1292 283 283 1293 274 274 1294 277 277 1295 284 284 1296 275 275 1297 274 274 1298 285 285 1299 284 284 1300 274 274 1301 285 285 1302 274 274 1303 283 283 1304 284 284 1305 286 286 1306 275 275 1307 286 286 1308 279 279 1309 275 275 1310 282 282 1311 278 278 1312 287 287 1313 288 288 1314 283 283 1315 282 282 1316 282 282 1317 287 287 1318 288 288 1319 289 289 1320 283 283 1321 288 288 1322 283 283 1323 289 289 1324 285 285 1325 281 281 1326 279 279 1327 290 290 1328 286 286 1329 291 291 1330 279 279 1331 290 290 1332 279 279 1333 291 291 1334 280 280 1335 281 281 1336 292 292 1337 293 293 1338 292 292 1339 281 281 1340 290 290 1341 293 293 1342 281 281 1343 294 294 1344 286 286 1345 284 284 1346 295 295 1347 294 294 1348 284 284 1349 295 295 1350 284 284 1351 285 285 1352 285 285 1353 289 289 1354 296 296 1355 296 296 1356 295 295 1357 285 285 1358 289 289 1359 288 288 1360 297 297 1361 298 298 1362 289 289 1363 297 297 1364 296 296 1365 289 289 1366 298 298 1367 299 299 1368 293 293 1369 290 290 1370 290 290 1371 291 291 1372 300 300 1373 300 300 1374 299 299 1375 290 290 1376 301 301 1377 295 295 1378 296 296 1379 295 295 1380 301 301 1381 302 302 1382 302 302 1383 294 294 1384 295 295 1385 301 301 1386 296 296 1387 303 303 1388 303 303 1389 296 296 1390 298 298 1391 302 302 1392 301 301 1393 304 304 1394 301 301 1395 303 303 1396 304 304 1397 298 298 1398 305 305 1399 303 303 1400 306 306 1401 305 305 1402 298 298 1403 297 297 1404 306 306 1405 298 298 1406 307 307 1407 306 306 1408 297 297 1409 308 308 1410 303 303 1411 305 305 1412 309 309 1413 303 303 1414 308 308 1415 304 304 1416 303 303 1417 309 309 1418 302 302 1419 304 304 1420 310 310 1421 304 304 1422 309 309 1423 311 311 1424 310 310 1425 304 304 1426 311 311 1427 306 306 1428 312 312 1429 305 305 1430 313 313 1431 305 305 1432 312 312 1433 308 308 1434 305 305 1435 313 313 1436 307 307 1437 314 314 1438 306 306 1439 314 314 1440 312 312 1441 306 306 1442 315 315 1443 309 309 1444 308 308 1445 308 308 1446 313 313 1447 315 315 1448 316 316 1449 309 309 1450 315 315 1451 311 311 1452 309 309 1453 316 316 1454 311 311 1455 317 317 1456 310 310 1457 318 318 1458 317 317 1459 311 311 1460 316 316 1461 318 318 1462 311 311 1463 314 314 1464 319 319 1465 312 312 1466 320 320 1467 312 312 1468 319 319 1469 313 313 1470 312 312 1471 320 320 1472 320 320 1473 321 321 1474 313 313 1475 315 315 1476 313 313 1477 322 322 1478 313 313 1479 321 321 1480 322 322 1481 323 323 1482 316 316 1483 315 315 1484 315 315 1485 322 322 1486 323 323 1487 324 324 1488 316 316 1489 323 323 1490 324 324 1491 318 318 1492 316 316 1493 317 317 1494 318 318 1495 325 325 1496 318 318 1497 324 324 1498 326 326 1499 325 325 1500 318 318 1501 326 326 1502 321 321 1503 327 327 1504 322 322 1505 328 328 1506 321 321 1507 320 320 1508 320 320 1509 329 329 1510 328 328 1511 330 330 1512 321 321 1513 328 328 1514 325 325 1515 326 326 1516 331 331 1517 332 332 1518 327 333 1519 330 330 1520 328 328 1521 333 334 1522 330 330 1523 333 334 1524 332 332 1525 330 330 1526 334 335 1527 333 334 1528 328 328 1529 328 328 1530 329 329 1531 334 335 1532 335 336 1533 333 334 1534 334 335 1535 150 150 1536 151 151 1537 336 337 1538 151 151 1539 337 338 1540 336 337 1541 151 151 1542 152 152 1543 337 338 1544 338 339 1545 152 152 1546 153 153 1547 152 152 1548 338 339 1549 337 338 1550 339 340 1551 153 153 1552 154 154 1553 153 153 1554 339 340 1555 338 339 1556 154 154 1557 155 155 1558 340 341 1559 154 154 1560 340 341 1561 339 340 1562 156 156 1563 341 342 1564 155 155 1565 342 343 1566 340 341 1567 155 155 1568 155 155 1569 341 342 1570 342 343 1571 337 338 1572 338 339 1573 343 344 1574 337 338 1575 343 344 1576 344 345 1577 336 337 1578 337 338 1579 344 345 1580 338 339 1581 345 346 1582 343 344 1583 338 339 1584 339 340 1585 345 346 1586 339 340 1587 346 347 1588 345 346 1589 339 340 1590 340 341 1591 346 347 1592 347 348 1593 346 347 1594 340 341 1595 347 348 1596 340 341 1597 342 343 1598 342 343 1599 348 349 1600 347 348 1601 349 350 1602 342 343 1603 341 342 1604 348 349 1605 342 343 1606 349 350 1607 344 345 1608 343 344 1609 350 351 1610 343 344 1611 345 346 1612 351 352 1613 343 344 1614 351 352 1615 350 351 1616 345 346 1617 346 347 1618 352 353 1619 345 346 1620 352 353 1621 351 352 1622 353 354 1623 346 347 1624 347 348 1625 346 347 1626 353 354 1627 352 353 1628 354 355 1629 353 354 1630 347 348 1631 347 348 1632 348 349 1633 354 355 1634 348 349 1635 355 356 1636 354 355 1637 348 349 1638 356 357 1639 355 356 1640 349 350 1641 356 357 1642 348 349 1643 350 351 1644 351 352 1645 357 358 1646 358 359 1647 357 358 1648 351 352 1649 351 352 1650 352 353 1651 358 359 1652 352 353 1653 353 354 1654 359 360 1655 360 361 1656 352 353 1657 359 360 1658 358 359 1659 352 353 1660 360 361 1661 361 362 1662 353 354 1663 354 355 1664 361 362 1665 359 360 1666 353 354 1667 362 363 1668 361 362 1669 354 355 1670 354 355 1671 355 356 1672 362 363 1673 355 356 1674 363 364 1675 362 363 1676 355 356 1677 356 357 1678 363 364 1679 364 365 1680 357 358 1681 358 359 1682 360 361 1683 364 365 1684 358 359 1685 365 366 1686 359 360 1687 361 362 1688 366 367 1689 359 360 1690 365 366 1691 360 361 1692 359 360 1693 366 367 1694 366 367 1695 367 368 1696 360 361 1697 367 368 1698 364 365 1699 360 361 1700 368 369 1701 361 362 1702 362 363 1703 368 369 1704 365 366 1705 361 362 1706 362 363 1707 369 370 1708 368 369 1709 362 363 1710 363 364 1711 369 370 1712 370 371 1713 365 366 1714 368 369 1715 365 366 1716 371 372 1717 366 367 1718 370 371 1719 371 372 1720 365 366 1721 371 372 1722 372 373 1723 366 367 1724 372 373 1725 367 368 1726 366 367 1727 368 369 1728 369 370 1729 373 374 1730 368 369 1731 373 374 1732 370 371 1733 367 368 1734 372 373 1735 374 375 1736 367 368 1737 375 376 1738 364 365 1739 374 375 1740 375 376 1741 367 368 1742 376 377 1743 364 365 1744 375 376 1745 357 358 1746 364 365 1747 376 377 1748 370 371 1749 377 378 1750 371 372 1751 378 379 1752 377 378 1753 370 371 1754 370 371 1755 373 374 1756 378 379 1757 379 380 1758 372 373 1759 371 372 1760 371 372 1761 380 381 1762 379 380 1763 377 378 1764 380 381 1765 371 372 1766 372 373 1767 379 380 1768 381 382 1769 374 375 1770 372 373 1771 381 382 1772 381 382 1773 382 383 1774 374 375 1775 374 375 1776 383 384 1777 375 376 1778 382 383 1779 383 384 1780 374 375 1781 376 377 1782 375 376 1783 384 385 1784 384 385 1785 375 376 1786 383 384 1787 385 386 1788 376 377 1789 384 385 1790 386 387 1791 376 377 1792 385 386 1793 386 387 1794 357 358 1795 376 377 1796 350 351 1797 357 358 1798 386 387 1799 377 378 1800 378 379 1801 387 388 1802 377 378 1803 388 389 1804 380 381 1805 387 388 1806 388 389 1807 377 378 1808 380 381 1809 389 390 1810 379 380 1811 381 382 1812 379 380 1813 390 391 1814 379 380 1815 389 390 1816 390 391 1817 388 389 1818 391 392 1819 380 381 1820 380 381 1821 391 392 1822 389 390 1823 392 393 1824 381 382 1825 390 391 1826 393 394 1827 381 382 1828 392 393 1829 393 394 1830 382 383 1831 381 382 1832 382 383 1833 394 395 1834 383 384 1835 395 396 1836 383 384 1837 394 395 1838 384 385 1839 383 384 1840 395 396 1841 385 386 1842 384 385 1843 396 397 1844 396 397 1845 384 385 1846 395 396 1847 385 386 1848 397 398 1849 386 387 1850 398 399 1851 350 351 1852 386 387 1853 386 387 1854 397 398 1855 398 399 1856 389 390 1857 399 400 1858 390 391 1859 390 391 1860 399 400 1861 392 393 1862 399 400 1863 389 390 1864 400 401 1865 400 401 1866 389 390 1867 391 392 1868 400 401 1869 391 392 1870 401 402 1871 388 389 1872 331 331 1873 391 392 1874 401 402 1875 391 392 1876 331 331 1877 399 400 1878 402 403 1879 392 393 1880 403 404 1881 393 394 1882 392 393 1883 392 393 1884 402 403 1885 403 404 1886 402 403 1887 399 400 1888 404 405 1889 404 405 1890 399 400 1891 400 401 1892 405 406 1893 395 396 1894 394 395 1895 406 407 1896 395 396 1897 405 406 1898 406 407 1899 396 397 1900 395 396 1901 404 405 1902 400 401 1903 407 408 1904 407 408 1905 400 401 1906 401 402 1907 331 331 1908 326 326 1909 401 402 1910 401 402 1911 408 409 1912 407 408 1913 326 326 1914 408 409 1915 401 402 1916 402 403 1917 404 405 1918 409 410 1919 410 411 1920 402 403 1921 409 410 1922 403 404 1923 402 403 1924 410 411 1925 404 405 1926 407 408 1927 411 412 1928 409 410 1929 404 405 1930 411 412 1931 407 408 1932 408 409 1933 412 413 1934 411 412 1935 407 408 1936 412 413 1937 412 413 1938 408 409 1939 413 414 1940 408 409 1941 324 324 1942 413 414 1943 326 326 1944 324 324 1945 408 409 1946 409 410 1947 414 415 1948 410 411 1949 415 416 1950 414 415 1951 409 410 1952 411 412 1953 415 416 1954 409 410 1955 416 417 1956 415 416 1957 411 412 1958 412 413 1959 416 417 1960 411 412 1961 417 418 1962 416 417 1963 412 413 1964 413 414 1965 417 418 1966 412 413 1967 415 416 1968 418 419 1969 414 415 1970 415 416 1971 416 417 1972 418 419 1973 416 417 1974 417 418 1975 419 420 1976 418 419 1977 416 417 1978 419 420 1979 414 415 1980 420 421 1981 410 411 1982 414 415 1983 418 419 1984 421 422 1985 414 415 1986 421 422 1987 420 421 1988 413 414 1989 324 324 1990 323 323 1991 422 423 1992 417 418 1993 413 414 1994 413 414 1995 423 424 1996 422 423 1997 323 323 1998 423 424 1999 413 414 2000 422 423 2001 424 425 2002 417 418 2003 419 420 2004 417 418 2005 424 425 2006 425 426 2007 424 425 2008 422 423 2009 423 424 2010 425 426 2011 422 423 2012 327 327 2013 425 426 2014 423 424 2015 322 322 2016 327 327 2017 423 424 2018 323 323 2019 322 322 2020 423 424 2021 418 427 2022 426 428 2023 427 429 2024 426 428 2025 419 430 2026 428 431 2027 428 431 2028 424 432 2029 429 433 2030 430 434 2031 421 435 2032 427 429 2033 420 421 2034 421 422 2035 431 436 2036 429 433 2037 425 437 2038 332 332 2039 426 428 2040 432 438 2041 427 429 2042 433 439 2043 426 428 2044 428 431 2045 432 438 2046 426 428 2047 433 439 2048 434 440 2049 430 434 2050 427 429 2051 427 429 2052 432 438 2053 434 440 2054 433 439 2055 428 431 2056 435 441 2057 435 441 2058 428 431 2059 429 433 2060 435 441 2061 429 433 2062 436 442 2063 436 442 2064 429 433 2065 332 332 2066 437 443 2067 430 434 2068 434 440 2069 430 434 2070 437 443 2071 438 444 2072 431 445 2073 430 434 2074 438 444 2075 439 446 2076 432 438 2077 433 439 2078 440 447 2079 432 438 2080 439 446 2081 432 438 2082 440 447 2083 434 440 2084 439 446 2085 433 439 2086 441 448 2087 441 448 2088 433 439 2089 435 441 2090 441 448 2091 435 441 2092 442 449 2093 442 449 2094 435 441 2095 436 442 2096 434 440 2097 440 447 2098 443 450 2099 434 440 2100 444 451 2101 437 443 2102 443 450 2103 444 451 2104 434 440 2105 436 442 2106 332 332 2107 333 334 2108 445 452 2109 436 442 2110 333 334 2111 442 449 2112 436 442 2113 445 452 2114 446 453 2115 437 443 2116 444 451 2117 447 454 2118 437 443 2119 446 453 2120 438 444 2121 437 443 2122 447 454 2123 448 455 2124 440 447 2125 439 446 2126 449 456 2127 439 446 2128 441 448 2129 448 455 2130 439 446 2131 449 456 2132 450 457 2133 443 450 2134 440 447 2135 450 457 2136 440 447 2137 448 455 2138 442 449 2139 451 458 2140 441 448 2141 441 448 2142 451 458 2143 449 456 2144 445 452 2145 452 459 2146 442 449 2147 442 449 2148 452 459 2149 451 458 2150 443 450 2151 453 460 2152 444 451 2153 454 461 2154 453 460 2155 443 450 2156 454 461 2157 443 450 2158 450 457 2159 453 460 2160 455 462 2161 444 451 2162 444 451 2163 455 462 2164 446 453 2165 445 452 2166 333 334 2167 335 336 2168 445 452 2169 456 463 2170 452 459 2171 335 336 2172 456 463 2173 445 452 2174 457 464 2175 447 454 2176 446 453 2177 458 465 2178 446 453 2179 455 462 2180 457 464 2181 446 453 2182 458 465 2183 459 466 2184 450 457 2185 448 455 2186 460 467 2187 448 455 2188 449 456 2189 459 466 2190 448 455 2191 460 467 2192 451 458 2193 461 468 2194 449 456 2195 449 456 2196 461 468 2197 460 467 2198 462 469 2199 450 457 2200 459 466 2201 462 469 2202 454 461 2203 450 457 2204 452 459 2205 463 470 2206 451 458 2207 451 458 2208 463 470 2209 461 468 2210 456 463 2211 464 471 2212 452 459 2213 452 459 2214 464 471 2215 463 470 2216 465 472 2217 454 461 2218 462 469 2219 454 461 2220 466 473 2221 453 460 2222 465 472 2223 466 473 2224 454 461 2225 456 463 2226 467 474 2227 464 471 2228 468 475 2229 467 474 2230 456 463 2231 335 336 2232 468 475 2233 456 463 2234 469 476 2235 462 469 2236 459 466 2237 470 477 2238 459 466 2239 460 467 2240 469 476 2241 459 466 2242 470 477 2243 470 477 2244 460 467 2245 471 478 2246 471 478 2247 460 467 2248 461 468 2249 471 478 2250 461 468 2251 472 479 2252 472 479 2253 461 468 2254 463 470 2255 473 480 2256 465 472 2257 462 469 2258 473 480 2259 462 469 2260 469 476 2261 472 479 2262 463 470 2263 474 481 2264 474 481 2265 463 470 2266 464 471 2267 467 474 2268 475 482 2269 464 471 2270 464 471 2271 475 482 2272 474 481 2273 476 483 2274 466 473 2275 465 472 2276 476 483 2277 465 472 2278 473 480 2279 467 474 2280 468 475 2281 287 287 2282 467 474 2283 287 287 2284 475 482 2285 477 484 2286 469 476 2287 470 477 2288 478 485 2289 469 476 2290 477 484 2291 478 485 2292 473 480 2293 469 476 2294 477 484 2295 470 477 2296 479 486 2297 479 486 2298 470 477 2299 471 478 2300 479 486 2301 471 478 2302 480 487 2303 334 335 2304 481 488 2305 335 336 2306 482 489 2307 481 488 2308 334 335 2309 334 335 2310 329 329 2311 482 489 2312 329 329 2313 483 490 2314 482 489 2315 319 491 2316 483 490 2317 329 329 2318 481 488 2319 468 475 2320 335 336 2321 482 489 2322 484 492 2323 481 488 2324 485 493 2325 481 488 2326 484 492 2327 468 475 2328 481 488 2329 485 493 2330 486 494 2331 484 492 2332 482 489 2333 482 489 2334 483 490 2335 486 494 2336 287 287 2337 468 475 2338 485 493 2339 487 495 2340 485 493 2341 484 492 2342 488 496 2343 484 492 2344 486 494 2345 487 495 2346 484 492 2347 488 496 2348 288 288 2349 287 287 2350 485 493 2351 288 288 2352 485 493 2353 487 495 2354 488 496 2355 486 494 2356 489 497 2357 489 497 2358 486 494 2359 483 490 2360 490 498 2361 489 497 2362 483 490 2363 490 499 2364 319 319 2365 314 314 2366 307 307 2367 487 495 2368 488 496 2369 307 307 2370 488 496 2371 491 500 2372 488 496 2373 489 497 2374 491 500 2375 491 500 2376 314 314 2377 307 307 2378 490 499 2379 314 314 2380 491 500 2381 363 364 2382 356 357 2383 492 501 2384 363 364 2385 492 501 2386 493 502 2387 363 364 2388 493 502 2389 369 370 2390 493 502 2391 492 501 2392 494 503 2393 493 502 2394 494 503 2395 495 504 2396 369 370 2397 493 502 2398 496 505 2399 493 502 2400 497 506 2401 496 505 2402 495 504 2403 497 506 2404 493 502 2405 497 506 2406 498 507 2407 496 505 2408 499 508 2409 369 370 2410 496 505 2411 496 505 2412 498 507 2413 499 508 2414 373 374 2415 369 370 2416 499 508 2417 495 504 2418 500 509 2419 497 506 2420 497 506 2421 501 510 2422 498 507 2423 500 509 2424 501 510 2425 497 506 2426 495 504 2427 494 503 2428 502 511 2429 495 504 2430 502 511 2431 503 512 2432 503 512 2433 500 509 2434 495 504 2435 504 513 2436 502 511 2437 494 503 2438 505 514 2439 498 507 2440 501 510 2441 506 515 2442 498 507 2443 505 514 2444 498 507 2445 506 515 2446 499 508 2447 499 508 2448 506 515 2449 507 516 2450 499 508 2451 507 516 2452 373 374 2453 373 374 2454 507 516 2455 378 379 2456 503 512 2457 508 517 2458 500 509 2459 509 518 2460 500 509 2461 508 517 2462 501 510 2463 500 509 2464 509 518 2465 501 510 2466 509 518 2467 510 519 2468 501 510 2469 511 520 2470 505 514 2471 510 519 2472 511 520 2473 501 510 2474 503 512 2475 502 511 2476 512 521 2477 502 511 2478 513 522 2479 512 521 2480 513 522 2481 502 511 2482 504 513 2483 514 523 2484 508 517 2485 503 512 2486 503 512 2487 512 521 2488 514 523 2489 504 513 2490 515 524 2491 513 522 2492 505 514 2493 516 525 2494 506 515 2495 505 514 2496 517 526 2497 516 525 2498 511 520 2499 517 526 2500 505 514 2501 506 515 2502 516 525 2503 518 527 2504 518 527 2505 507 516 2506 506 515 2507 387 388 2508 378 379 2509 507 516 2510 387 388 2511 507 516 2512 518 527 2513 508 517 2514 514 523 2515 519 528 2516 293 293 2517 508 517 2518 519 528 2519 509 518 2520 508 517 2521 293 293 2522 514 523 2523 512 521 2524 520 529 2525 512 521 2526 513 522 2527 521 530 2528 512 521 2529 521 530 2530 520 529 2531 513 522 2532 515 524 2533 522 531 2534 513 522 2535 522 531 2536 521 530 2537 519 528 2538 514 523 2539 523 532 2540 520 529 2541 523 532 2542 514 523 2543 519 528 2544 523 532 2545 292 292 2546 519 528 2547 292 292 2548 293 293 2549 515 524 2550 524 533 2551 522 531 2552 517 526 2553 525 534 2554 516 525 2555 526 535 2556 518 527 2557 516 525 2558 516 525 2559 525 534 2560 526 535 2561 527 536 2562 518 527 2563 526 535 2564 518 527 2565 527 536 2566 387 388 2567 387 388 2568 527 536 2569 388 389 2570 528 537 2571 523 532 2572 520 529 2573 520 529 2574 521 530 2575 529 538 2576 520 529 2577 529 538 2578 528 537 2579 521 530 2580 522 531 2581 530 539 2582 530 539 2583 529 538 2584 521 530 2585 522 531 2586 524 533 2587 531 540 2588 522 531 2589 531 540 2590 530 539 2591 292 292 2592 523 532 2593 532 541 2594 523 532 2595 528 537 2596 532 541 2597 525 534 2598 317 317 2599 526 535 2600 325 325 2601 527 536 2602 526 535 2603 526 535 2604 317 317 2605 325 325 2606 331 331 2607 527 536 2608 325 325 2609 527 536 2610 331 331 2611 388 389 2612 532 541 2613 528 537 2614 533 542 2615 525 534 2616 310 310 2617 317 317 2618 534 543 2619 532 541 2620 533 542 2621 535 544 2622 532 541 2623 534 543 2624 535 544 2625 292 292 2626 532 541 2627 536 545 2628 535 544 2629 534 543 2630 280 280 2631 292 292 2632 535 544 2633 280 280 2634 535 544 2635 537 546 2636 538 547 2637 535 544 2638 536 545 2639 537 546 2640 535 544 2641 538 547 2642 538 547 2643 536 545 2644 539 548 2645 537 546 2646 538 547 2647 540 549 2648 540 549 2649 538 547 2650 539 548 2651 537 546 2652 267 267 2653 280 280 2654 541 550 2655 267 267 2656 537 546 2657 540 549 2658 541 550 2659 537 546 2660 539 548 2661 542 551 2662 540 549 2663 543 552 2664 541 550 2665 540 549 2666 540 549 2667 542 551 2668 543 552 2669 544 553 2670 541 550 2671 543 552 2672 543 552 2673 542 551 2674 544 553 2675 273 273 2676 267 267 2677 541 550 2678 273 273 2679 541 550 2680 544 553 2681 545 554 2682 273 273 2683 544 553 2684 544 553 2685 542 551 2686 545 554 2687 293 293 2688 299 299 2689 509 518 2690 509 518 2691 299 299 2692 546 555 2693 510 519 2694 509 518 2695 546 555 2696 510 519 2697 546 555 2698 547 556 2699 546 555 2700 299 299 2701 548 557 2702 547 556 2703 546 555 2704 548 557 2705 548 557 2706 549 558 2707 547 556 2708 550 559 2709 510 519 2710 547 556 2711 549 558 2712 550 559 2713 547 556 2714 551 560 2715 549 558 2716 548 557 2717 548 557 2718 299 299 2719 551 560 2720 551 560 2721 299 299 2722 300 300 2723 300 300 2724 549 558 2725 551 560 2726 511 520 2727 510 519 2728 550 559 2729 552 561 2730 550 559 2731 549 558 2732 550 559 2733 553 562 2734 511 520 2735 552 561 2736 553 562 2737 550 559 2738 554 563 2739 549 558 2740 300 300 2741 555 564 2742 549 558 2743 554 563 2744 552 561 2745 549 558 2746 555 564 2747 555 564 2748 553 562 2749 552 561 2750 554 563 2751 556 565 2752 555 564 2753 556 565 2754 553 562 2755 555 564 2756 300 300 2757 291 291 2758 554 563 2759 291 291 2760 556 565 2761 554 563 2762 286 286 2763 553 562 2764 556 565 2765 556 565 2766 291 291 2767 286 286 2768 553 562 2769 557 566 2770 511 520 2771 557 566 2772 553 562 2773 286 286 2774 511 520 2775 557 566 2776 517 526 2777 286 286 2778 294 294 2779 557 566 2780 557 566 2781 294 294 2782 558 567 2783 557 566 2784 558 567 2785 517 526 2786 517 526 2787 558 567 2788 525 534 2789 294 294 2790 302 302 2791 558 567 2792 558 567 2793 302 302 2794 310 310 2795 558 567 2796 310 310 2797 525 534 2798 559 568 2799 560 569 2800 561 570 2801 559 568 2802 561 570 2803 562 571 2804 562 571 2805 563 572 2806 559 568 2807 559 568 2808 563 572 2809 564 573 2810 563 572 2811 565 574 2812 564 573 2813 562 571 2814 566 575 2815 563 572 2816 563 572 2817 566 575 2818 565 574 2819 566 575 2820 562 571 2821 567 576 2822 565 574 2823 566 575 2824 568 577 2825 566 575 2826 567 576 2827 568 577 2828 568 577 2829 569 578 2830 565 574 2831 568 577 2832 570 579 2833 569 578 2834 568 577 2835 567 576 2836 570 579 2837 571 580 2838 572 581 2839 573 582 2840 572 583 2841 574 584 2842 575 585 2843 576 586 2844 573 587 2845 577 588 2846 578 589 2847 579 590 2848 575 591 2849 580 592 2850 577 593 2851 581 594 2852 579 595 2853 582 596 2854 583 597 2855 584 598 2856 581 599 2857 585 600 2858 586 601 2859 587 602 2860 583 603 2861 588 604 2862 589 605 2863 587 606 2864 589 607 2865 590 608 2866 591 609 2867 591 610 2868 592 611 2869 593 612 2870 593 613 2871 594 614 2872 595 615 2873 596 616 2874 595 617 2875 597 618 2876 598 619 2877 599 620 2878 600 621 2879 600 621 2880 599 620 2881 601 622 2882 602 623 2883 601 622 2884 599 620 2885 601 622 2886 603 624 2887 600 621 2888 600 621 2889 603 624 2890 604 625 2891 605 626 2892 601 622 2893 602 623 2894 606 627 2895 601 622 2896 605 626 2897 603 624 2898 601 622 2899 606 627 2900 607 628 2901 605 626 2902 602 623 2903 608 629 2904 604 625 2905 603 624 2906 609 630 2907 603 624 2908 606 627 2909 608 629 2910 603 624 2911 609 630 2912 610 631 2913 604 625 2914 608 629 2915 611 632 2916 605 626 2917 607 628 2918 612 633 2919 605 626 2920 611 632 2921 606 627 2922 605 626 2923 612 633 2924 609 630 2925 606 627 2926 613 634 2927 613 634 2928 606 627 2929 612 633 2930 614 635 2931 611 632 2932 607 628 2933 615 636 2934 608 629 2935 609 630 2936 616 637 2937 609 630 2938 613 634 2939 615 636 2940 609 630 2941 616 637 2942 617 638 2943 608 629 2944 615 636 2945 618 639 2946 608 629 2947 617 638 2948 610 631 2949 608 629 2950 618 639 2951 615 636 2952 619 640 2953 617 638 2954 615 636 2955 616 637 2956 619 640 2957 611 632 2958 620 641 2959 612 633 2960 621 642 2961 620 641 2962 611 632 2963 621 642 2964 611 632 2965 614 635 2966 620 641 2967 622 643 2968 612 633 2969 612 633 2970 622 643 2971 613 634 2972 616 637 2973 613 634 2974 623 644 2975 623 644 2976 613 634 2977 622 643 2978 619 640 2979 616 637 2980 624 645 2981 616 637 2982 623 644 2983 624 645 2984 614 635 2985 625 646 2986 621 642 2987 617 638 2988 619 640 2989 626 647 2990 627 648 2991 617 638 2992 626 647 2993 618 639 2994 617 638 2995 627 648 2996 628 649 2997 626 647 2998 619 640 2999 629 650 3000 619 640 3001 624 645 3002 628 649 3003 619 640 3004 629 650 3005 630 651 3006 629 650 3007 624 645 3008 624 645 3009 623 644 3010 630 651 3011 623 644 3012 622 643 3013 631 652 3014 623 644 3015 631 652 3016 630 651 3017 631 652 3018 622 643 3019 632 653 3020 622 643 3021 620 641 3022 632 653 3023 620 641 3024 621 642 3025 633 654 3026 632 653 3027 620 641 3028 633 654 3029 621 642 3030 625 646 3031 634 655 3032 633 654 3033 621 642 3034 634 655 3035 635 656 3036 626 647 3037 628 649 3038 635 656 3039 627 648 3040 626 647 3041 625 646 3042 636 657 3043 634 655 3044 637 658 3045 627 648 3046 635 656 3047 628 649 3048 638 659 3049 635 656 3050 628 649 3051 639 660 3052 638 659 3053 629 650 3054 639 660 3055 628 649 3056 629 650 3057 640 661 3058 639 660 3059 640 661 3060 629 650 3061 630 651 3062 630 651 3063 631 652 3064 641 662 3065 630 651 3066 641 662 3067 640 661 3068 631 652 3069 632 653 3070 642 663 3071 480 487 3072 471 478 3073 472 479 3074 480 487 3075 472 479 3076 643 664 3077 643 664 3078 472 479 3079 474 481 3080 644 665 3081 473 480 3082 478 485 3083 644 665 3084 476 483 3085 473 480 3086 475 482 3087 645 666 3088 474 481 3089 474 481 3090 645 666 3091 643 664 3092 478 485 3093 477 484 3094 646 667 3095 478 485 3096 646 667 3097 644 665 3098 646 667 3099 477 484 3100 647 668 3101 479 486 3102 647 668 3103 477 484 3104 645 666 3105 475 482 3106 648 669 3107 475 482 3108 287 287 3109 278 278 3110 648 669 3111 475 482 3112 278 278 3113 649 670 3114 647 668 3115 479 486 3116 650 671 3117 479 486 3118 480 487 3119 649 670 3120 479 486 3121 650 671 3122 650 671 3123 480 487 3124 651 672 3125 651 672 3126 480 487 3127 643 664 3128 651 672 3129 643 664 3130 652 673 3131 652 673 3132 643 664 3133 645 666 3134 652 673 3135 645 666 3136 254 254 3137 254 254 3138 645 666 3139 648 669 3140 648 669 3141 265 265 3142 254 254 3143 648 669 3144 278 278 3145 265 265 3146 649 670 3147 653 674 3148 647 668 3149 650 671 3150 653 674 3151 649 670 3152 647 668 3153 653 674 3154 654 675 3155 647 668 3156 654 675 3157 646 667 3158 644 665 3159 646 667 3160 655 676 3161 646 667 3162 656 677 3163 655 676 3164 646 667 3165 654 675 3166 656 677 3167 657 678 3168 650 671 3169 651 672 3170 658 679 3171 650 671 3172 657 678 3173 658 679 3174 653 674 3175 650 671 3176 652 673 3177 659 680 3178 651 672 3179 651 672 3180 659 680 3181 657 678 3182 653 674 3183 660 681 3184 654 675 3185 653 674 3186 658 679 3187 660 681 3188 654 675 3189 660 681 3190 661 682 3191 654 675 3192 661 682 3193 656 677 3194 254 254 3195 248 248 3196 652 673 3197 652 673 3198 662 683 3199 659 680 3200 248 248 3201 662 683 3202 652 673 3203 656 677 3204 661 682 3205 663 684 3206 655 676 3207 656 677 3208 664 685 3209 656 677 3210 663 684 3211 664 685 3212 661 682 3213 660 681 3214 665 686 3215 661 682 3216 665 686 3217 663 684 3218 666 687 3219 657 678 3220 659 680 3221 667 688 3222 657 678 3223 666 687 3224 667 688 3225 658 679 3226 657 678 3227 662 683 3228 668 689 3229 659 680 3230 659 680 3231 668 689 3232 666 687 3233 669 690 3234 658 679 3235 667 688 3236 658 679 3237 669 690 3238 670 691 3239 660 681 3240 658 679 3241 670 691 3242 665 686 3243 660 681 3244 671 692 3245 660 681 3246 670 691 3247 671 692 3248 242 242 3249 662 683 3250 248 248 3251 672 693 3252 662 683 3253 242 242 3254 662 683 3255 672 693 3256 668 689 3257 663 684 3258 665 686 3259 673 694 3260 663 684 3261 673 694 3262 674 695 3263 664 685 3264 663 684 3265 674 695 3266 671 692 3267 675 696 3268 665 686 3269 665 686 3270 676 697 3271 673 694 3272 665 686 3273 675 696 3274 676 697 3275 677 698 3276 667 688 3277 666 687 3278 678 699 3279 666 687 3280 668 689 3281 677 698 3282 666 687 3283 678 699 3284 679 700 3285 667 688 3286 677 698 3287 679 700 3288 669 690 3289 667 688 3290 668 689 3291 672 693 3292 680 701 3293 680 701 3294 678 699 3295 668 689 3296 671 692 3297 670 691 3298 681 702 3299 671 692 3300 681 702 3301 675 696 3302 670 691 3303 669 690 3304 682 703 3305 670 691 3306 682 703 3307 681 702 3308 242 242 3309 238 238 3310 672 693 3311 672 693 3312 683 704 3313 680 701 3314 672 693 3315 238 238 3316 683 704 3317 678 699 3318 684 705 3319 677 698 3320 684 705 3321 679 700 3322 677 698 3323 685 706 3324 678 699 3325 680 701 3326 686 707 3327 684 705 3328 678 699 3329 685 706 3330 686 707 3331 678 699 3332 680 701 3333 683 704 3334 687 708 3335 687 708 3336 685 706 3337 680 701 3338 238 238 3339 234 234 3340 683 704 3341 683 704 3342 688 709 3343 687 708 3344 683 704 3345 234 234 3346 688 709 3347 689 710 3348 685 706 3349 687 708 3350 687 708 3351 688 709 3352 690 711 3353 687 708 3354 690 711 3355 689 710 3356 689 710 3357 691 712 3358 685 706 3359 692 713 3360 686 707 3361 685 706 3362 685 706 3363 691 712 3364 692 713 3365 686 707 3366 693 714 3367 684 705 3368 694 715 3369 693 714 3370 686 707 3371 692 713 3372 694 715 3373 686 707 3374 688 709 3375 695 716 3376 690 711 3377 688 709 3378 236 236 3379 695 716 3380 234 234 3381 236 236 3382 688 709 3383 689 710 3384 690 711 3385 696 717 3386 697 718 3387 689 710 3388 696 717 3389 691 712 3390 689 710 3391 697 718 3392 690 711 3393 695 716 3394 698 719 3395 690 711 3396 698 719 3397 696 717 3398 691 712 3399 699 720 3400 692 713 3401 700 721 3402 691 712 3403 697 718 3404 699 720 3405 691 712 3406 700 721 3407 692 713 3408 699 720 3409 701 722 3410 701 722 3411 694 715 3412 692 713 3413 694 715 3414 702 723 3415 693 714 3416 694 715 3417 703 724 3418 702 723 3419 701 722 3420 703 724 3421 694 715 3422 236 236 3423 704 725 3424 695 716 3425 695 716 3426 705 726 3427 698 719 3428 695 716 3429 704 725 3430 705 726 3431 696 717 3432 698 719 3433 559 568 3434 696 717 3435 564 573 3436 697 718 3437 559 568 3438 564 573 3439 696 717 3440 564 573 3441 706 727 3442 697 718 3443 697 718 3444 706 727 3445 700 721 3446 698 719 3447 705 726 3448 560 569 3449 698 719 3450 560 569 3451 559 568 3452 699 720 3453 707 728 3454 701 722 3455 701 722 3456 707 728 3457 703 724 3458 707 728 3459 699 720 3460 708 729 3461 708 729 3462 699 720 3463 700 721 3464 706 727 3465 709 730 3466 700 721 3467 700 721 3468 709 730 3469 708 729 3470 710 731 3471 703 724 3472 707 728 3473 711 732 3474 703 724 3475 710 731 3476 703 724 3477 711 732 3478 702 723 3479 712 733 3480 705 726 3481 704 725 3482 713 734 3483 705 726 3484 712 733 3485 705 726 3486 713 734 3487 560 569 3488 708 729 3489 714 735 3490 707 728 3491 707 728 3492 714 735 3493 710 731 3494 709 730 3495 715 736 3496 708 729 3497 708 729 3498 715 736 3499 714 735 3500 709 730 3501 706 727 3502 569 578 3503 564 573 3504 565 574 3505 706 727 3506 569 578 3507 706 727 3508 565 574 3509 715 736 3510 709 730 3511 716 737 3512 709 730 3513 569 578 3514 717 738 3515 716 737 3516 709 730 3517 717 738 3518 714 735 3519 718 739 3520 710 731 3521 714 735 3522 719 740 3523 718 739 3524 715 736 3525 719 740 3526 714 735 3527 710 731 3528 720 741 3529 711 732 3530 721 742 3531 720 741 3532 710 731 3533 710 731 3534 718 739 3535 721 742 3536 721 742 3537 718 739 3538 722 743 3539 721 742 3540 722 743 3541 720 741 3542 719 740 3543 723 744 3544 718 739 3545 722 743 3546 718 739 3547 723 744 3548 716 737 3549 724 745 3550 715 736 3551 715 736 3552 724 745 3553 725 746 3554 716 737 3555 726 747 3556 724 745 3557 727 748 3558 726 747 3559 716 737 3560 717 738 3561 727 748 3562 716 737 3563 728 749 3564 723 744 3565 719 740 3566 723 744 3567 728 749 3568 729 750 3569 730 751 3570 723 744 3571 729 750 3572 722 743 3573 723 744 3574 730 751 3575 720 741 3576 722 743 3577 731 752 3578 732 753 3579 722 743 3580 730 751 3581 731 752 3582 722 743 3583 732 753 3584 725 746 3585 724 745 3586 733 754 3587 733 754 3588 724 745 3589 734 755 3590 735 756 3591 724 745 3592 726 747 3593 734 755 3594 724 745 3595 735 756 3596 727 748 3597 736 757 3598 726 747 3599 737 758 3600 735 756 3601 726 747 3602 726 747 3603 736 757 3604 737 758 3605 729 750 3606 728 749 3607 738 759 3608 728 749 3609 739 760 3610 738 759 3611 740 761 3612 730 751 3613 729 750 3614 741 762 3615 729 750 3616 738 759 3617 740 761 3618 729 750 3619 741 762 3620 742 763 3621 730 751 3622 740 761 3623 743 764 3624 730 751 3625 742 763 3626 732 753 3627 730 751 3628 743 764 3629 732 753 3630 744 765 3631 731 752 3632 745 766 3633 744 765 3634 732 753 3635 743 764 3636 745 766 3637 732 753 3638 738 759 3639 746 767 3640 741 762 3641 738 759 3642 739 760 3643 746 767 3644 740 761 3645 741 762 3646 747 768 3647 740 761 3648 747 768 3649 742 763 3650 742 763 3651 747 768 3652 743 764 3653 747 768 3654 741 762 3655 748 769 3656 741 762 3657 746 767 3658 748 769 3659 749 770 3660 745 766 3661 743 764 3662 743 764 3663 747 768 3664 749 770 3665 750 771 3666 744 765 3667 745 766 3668 749 770 3669 750 771 3670 745 766 3671 746 767 3672 739 760 3673 751 772 3674 748 769 3675 746 767 3676 751 772 3677 751 772 3678 739 760 3679 752 773 3680 747 768 3681 748 769 3682 753 774 3683 748 769 3684 751 772 3685 753 774 3686 754 775 3687 750 771 3688 749 770 3689 749 770 3690 747 768 3691 754 775 3692 753 774 3693 755 776 3694 747 768 3695 747 768 3696 755 776 3697 754 775 3698 754 775 3699 755 776 3700 750 771 3701 755 776 3702 753 774 3703 756 777 3704 756 777 3705 753 774 3706 751 772 3707 750 771 3708 755 776 3709 756 777 3710 757 778 3711 744 765 3712 750 771 3713 758 779 3714 750 771 3715 756 777 3716 757 778 3717 750 771 3718 758 779 3719 752 773 3720 758 779 3721 751 772 3722 751 772 3723 758 779 3724 756 777 3725 758 779 3726 752 773 3727 759 780 3728 759 780 3729 752 773 3730 760 781 3731 757 778 3732 758 779 3733 761 782 3734 761 782 3735 758 779 3736 759 780 3737 761 782 3738 759 780 3739 762 783 3740 760 781 3741 763 784 3742 759 780 3743 762 783 3744 759 780 3745 763 784 3746 761 782 3747 764 785 3748 757 778 3749 761 782 3750 762 783 3751 764 785 3752 765 786 3753 763 784 3754 760 781 3755 763 784 3756 766 787 3757 762 783 3758 762 783 3759 766 787 3760 767 788 3761 764 785 3762 762 783 3763 767 788 3764 768 789 3765 766 787 3766 763 784 3767 765 786 3768 768 789 3769 763 784 3770 757 778 3771 764 785 3772 769 790 3773 769 790 3774 744 765 3775 757 778 3776 764 785 3777 770 791 3778 769 790 3779 771 792 3780 770 791 3781 764 785 3782 767 788 3783 771 792 3784 764 785 3785 772 793 3786 768 789 3787 765 786 3788 767 788 3789 766 787 3790 773 794 3791 774 795 3792 771 792 3793 767 788 3794 773 794 3795 774 795 3796 767 788 3797 775 796 3798 769 790 3799 770 791 3800 776 797 3801 769 790 3802 775 796 3803 776 797 3804 744 765 3805 769 790 3806 770 791 3807 771 792 3808 777 798 3809 778 799 3810 770 791 3811 777 798 3812 775 796 3813 770 791 3814 778 799 3815 779 800 3816 771 792 3817 774 795 3818 780 801 3819 771 792 3820 779 800 3821 777 798 3822 771 792 3823 780 801 3824 781 802 3825 774 795 3826 773 794 3827 781 802 3828 782 803 3829 774 795 3830 774 795 3831 782 803 3832 779 800 3833 775 796 3834 783 804 3835 776 797 3836 775 796 3837 784 805 3838 783 804 3839 631 652 3840 642 663 3841 641 662 3842 642 663 3843 632 653 3844 785 806 3845 633 654 3846 785 806 3847 632 653 3848 634 655 3849 786 807 3850 633 654 3851 786 807 3852 785 806 3853 633 654 3854 634 655 3855 636 657 3856 787 808 3857 787 808 3858 786 807 3859 634 655 3860 635 656 3861 638 659 3862 788 809 3863 635 656 3864 788 809 3865 637 658 3866 636 657 3867 789 810 3868 787 808 3869 637 658 3870 788 809 3871 790 811 3872 639 660 3873 640 661 3874 791 812 3875 640 661 3876 792 813 3877 791 812 3878 640 661 3879 641 662 3880 792 813 3881 641 662 3882 793 814 3883 792 813 3884 641 662 3885 642 663 3886 793 814 3887 642 663 3888 794 815 3889 793 814 3890 785 806 3891 794 815 3892 642 663 3893 785 806 3894 786 807 3895 795 816 3896 785 806 3897 795 816 3898 796 817 3899 796 817 3900 794 815 3901 785 806 3902 795 816 3903 786 807 3904 797 818 3905 798 819 3906 786 807 3907 787 808 3908 797 818 3909 786 807 3910 798 819 3911 799 820 3912 798 819 3913 787 808 3914 787 808 3915 789 810 3916 799 820 3917 789 810 3918 800 821 3919 799 820 3920 791 812 3921 792 813 3922 801 822 3923 792 813 3924 793 814 3925 802 823 3926 792 813 3927 802 823 3928 801 822 3929 803 824 3930 802 823 3931 793 814 3932 793 814 3933 794 815 3934 803 824 3935 794 815 3936 804 825 3937 803 824 3938 805 826 3939 804 825 3940 794 815 3941 796 817 3942 805 826 3943 794 815 3944 796 817 3945 795 816 3946 806 827 3947 807 828 3948 806 827 3949 795 816 3950 795 816 3951 797 818 3952 807 828 3953 806 827 3954 808 829 3955 796 817 3956 809 830 3957 805 826 3958 796 817 3959 796 817 3960 808 829 3961 809 830 3962 801 822 3963 802 823 3964 810 831 3965 811 832 3966 802 823 3967 803 824 3968 802 823 3969 811 832 3970 810 831 3971 811 832 3972 803 824 3973 812 833 3974 812 833 3975 803 824 3976 804 825 3977 805 826 3978 813 834 3979 804 825 3980 814 835 3981 804 825 3982 813 834 3983 812 833 3984 804 825 3985 814 835 3986 815 836 3987 813 834 3988 805 826 3989 805 826 3990 809 830 3991 815 836 3992 816 837 3993 806 827 3994 807 828 3995 817 838 3996 806 827 3997 816 837 3998 808 829 3999 806 827 4000 817 838 4001 815 836 4002 809 830 4003 818 839 4004 818 839 4005 809 830 4006 819 840 4007 808 829 4008 819 840 4009 809 830 4010 820 841 4011 819 840 4012 808 829 4013 821 842 4014 808 829 4015 817 838 4016 820 841 4017 808 829 4018 821 842 4019 810 831 4020 811 832 4021 822 843 4022 822 843 4023 811 832 4024 823 844 4025 823 844 4026 811 832 4027 812 833 4028 823 844 4029 812 833 4030 824 845 4031 824 845 4032 812 833 4033 814 835 4034 821 842 4035 817 838 4036 825 846 4037 825 846 4038 817 838 4039 816 837 4040 813 834 4041 826 847 4042 814 835 4043 814 835 4044 827 848 4045 824 845 4046 826 847 4047 827 848 4048 814 835 4049 828 849 4050 819 840 4051 820 841 4052 821 842 4053 828 849 4054 820 841 4055 825 846 4056 829 850 4057 821 842 4058 829 850 4059 828 849 4060 821 842 4061 818 839 4062 819 840 4063 830 851 4064 831 852 4065 819 840 4066 828 849 4067 830 851 4068 819 840 4069 831 852 4070 826 847 4071 832 853 4072 827 848 4073 831 852 4074 828 849 4075 799 820 4076 829 850 4077 833 854 4078 828 849 4079 799 820 4080 828 849 4081 833 854 4082 834 855 4083 829 850 4084 825 846 4085 834 855 4086 833 854 4087 829 850 4088 834 855 4089 825 846 4090 835 856 4091 835 856 4092 833 854 4093 834 855 4094 833 854 4095 798 819 4096 799 820 4097 798 819 4098 833 854 4099 835 856 4100 830 851 4101 831 852 4102 836 857 4103 799 820 4104 800 821 4105 831 852 4106 836 857 4107 831 852 4108 800 821 4109 835 856 4110 797 818 4111 798 819 4112 836 857 4113 837 858 4114 830 851 4115 838 859 4116 797 818 4117 835 856 4118 835 856 4119 825 846 4120 838 859 4121 825 846 4122 807 828 4123 838 859 4124 807 828 4125 797 818 4126 838 859 4127 816 837 4128 807 828 4129 825 846 4130 839 860 4131 837 858 4132 840 861 4133 830 851 4134 837 858 4135 839 860 4136 840 861 4137 837 858 4138 841 862 4139 839 860 4140 842 863 4141 830 851 4142 843 864 4143 839 860 4144 840 861 4145 842 863 4146 839 860 4147 843 864 4148 840 861 4149 844 865 4150 843 864 4151 845 866 4152 844 865 4153 840 861 4154 840 861 4155 841 862 4156 845 866 4157 830 851 4158 842 863 4159 818 839 4160 845 866 4161 841 862 4162 846 867 4163 847 868 4164 818 839 4165 842 863 4166 842 863 4167 848 869 4168 847 868 4169 843 864 4170 848 869 4171 842 863 4172 848 869 4173 843 864 4174 849 870 4175 849 870 4176 843 864 4177 844 865 4178 844 865 4179 850 871 4180 849 870 4181 851 872 4182 850 871 4183 844 865 4184 844 865 4185 845 866 4186 851 872 4187 851 872 4188 845 866 4189 852 873 4190 845 866 4191 846 867 4192 852 873 4193 815 836 4194 818 839 4195 847 868 4196 852 873 4197 846 867 4198 853 874 4199 854 875 4200 815 836 4201 847 868 4202 847 868 4203 855 876 4204 854 875 4205 848 869 4206 855 876 4207 847 868 4208 849 870 4209 856 877 4210 848 869 4211 848 869 4212 856 877 4213 855 876 4214 856 877 4215 849 870 4216 857 878 4217 857 878 4218 849 870 4219 850 871 4220 851 872 4221 858 879 4222 850 871 4223 850 871 4224 859 880 4225 857 878 4226 858 879 4227 859 880 4228 850 871 4229 860 881 4230 858 879 4231 851 872 4232 852 873 4233 860 881 4234 851 872 4235 861 882 4236 860 881 4237 852 873 4238 852 873 4239 853 874 4240 861 882 4241 813 834 4242 815 836 4243 854 875 4244 861 882 4245 853 874 4246 862 883 4247 854 875 4248 826 847 4249 813 834 4250 854 875 4251 863 884 4252 826 847 4253 855 876 4254 863 884 4255 854 875 4256 863 884 4257 855 876 4258 864 885 4259 864 885 4260 855 876 4261 856 877 4262 856 877 4263 857 878 4264 865 886 4265 865 886 4266 864 885 4267 856 877 4268 865 886 4269 857 878 4270 866 887 4271 857 878 4272 859 880 4273 866 887 4274 858 879 4275 867 888 4276 859 880 4277 868 889 4278 867 888 4279 858 879 4280 860 881 4281 868 889 4282 858 879 4283 869 890 4284 868 889 4285 860 881 4286 861 882 4287 869 890 4288 860 881 4289 870 891 4290 869 890 4291 861 882 4292 862 883 4293 870 891 4294 861 882 4295 863 884 4296 832 853 4297 826 847 4298 864 885 4299 832 853 4300 863 884 4301 871 892 4302 870 891 4303 862 883 4304 868 889 4305 872 893 4306 867 888 4307 873 894 4308 872 893 4309 868 889 4310 869 890 4311 873 894 4312 868 889 4313 870 891 4314 874 895 4315 869 890 4316 874 895 4317 873 894 4318 869 890 4319 870 891 4320 871 892 4321 875 896 4322 875 896 4323 874 895 4324 870 891 4325 874 895 4326 875 896 4327 876 897 4328 876 897 4329 873 894 4330 874 895 4331 877 898 4332 832 853 4333 864 885 4334 875 896 4335 871 892 4336 878 899 4337 878 899 4338 879 900 4339 875 896 4340 876 897 4341 875 896 4342 879 900 4343 873 894 4344 880 901 4345 872 893 4346 881 902 4347 880 901 4348 873 894 4349 881 902 4350 873 894 4351 876 897 4352 876 897 4353 879 900 4354 882 903 4355 876 897 4356 883 904 4357 881 902 4358 882 903 4359 883 904 4360 876 897 4361 884 905 4362 880 901 4363 881 902 4364 883 904 4365 884 905 4366 881 902 4367 885 906 4368 879 900 4369 878 899 4370 879 900 4371 885 906 4372 886 907 4373 879 900 4374 886 907 4375 887 908 4376 882 903 4377 879 900 4378 887 908 4379 882 903 4380 887 908 4381 888 909 4382 888 909 4383 883 904 4384 882 903 4385 889 910 4386 884 905 4387 883 904 4388 890 911 4389 889 910 4390 883 904 4391 890 911 4392 883 904 4393 888 909 4394 886 907 4395 885 906 4396 891 912 4397 887 908 4398 886 907 4399 892 913 4400 887 908 4401 892 913 4402 893 914 4403 888 909 4404 887 908 4405 893 914 4406 893 914 4407 894 915 4408 888 909 4409 888 909 4410 894 915 4411 890 911 4412 895 916 4413 889 910 4414 890 911 4415 890 911 4416 894 915 4417 895 916 4418 891 912 4419 896 917 4420 886 907 4421 897 918 4422 892 913 4423 886 907 4424 886 907 4425 896 917 4426 897 918 4427 898 919 4428 894 915 4429 893 914 4430 893 914 4431 892 913 4432 898 919 4433 899 920 4434 892 913 4435 897 918 4436 900 921 4437 892 913 4438 899 920 4439 898 919 4440 892 913 4441 900 921 4442 898 919 4443 900 921 4444 894 915 4445 894 915 4446 900 921 4447 901 922 4448 902 923 4449 894 915 4450 901 922 4451 895 916 4452 894 915 4453 902 923 4454 897 918 4455 903 924 4456 899 920 4457 899 920 4458 903 924 4459 900 921 4460 900 921 4461 903 924 4462 901 922 4463 903 924 4464 904 925 4465 901 922 4466 901 922 4467 904 925 4468 902 923 4469 902 923 4470 904 925 4471 895 916 4472 895 916 4473 904 925 4474 889 910 4475 896 917 4476 905 926 4477 897 918 4478 905 926 4479 906 927 4480 897 918 4481 906 927 4482 903 924 4483 897 918 4484 903 924 4485 906 927 4486 904 925 4487 907 928 4488 905 926 4489 896 917 4490 904 925 4491 906 927 4492 908 929 4493 904 925 4494 908 929 4495 889 910 4496 906 927 4497 909 930 4498 908 929 4499 909 930 4500 906 927 4501 905 926 4502 889 910 4503 908 929 4504 884 905 4505 910 931 4506 905 926 4507 907 928 4508 911 932 4509 905 926 4510 910 931 4511 905 926 4512 911 932 4513 909 930 4514 908 929 4515 909 930 4516 912 933 4517 912 933 4518 913 934 4519 908 929 4520 913 934 4521 884 905 4522 908 929 4523 909 930 4524 911 932 4525 914 935 4526 914 935 4527 912 933 4528 909 930 4529 914 935 4530 911 932 4531 915 936 4532 910 931 4533 916 937 4534 911 932 4535 915 936 4536 911 932 4537 916 937 4538 914 935 4539 915 936 4540 917 938 4541 917 938 4542 912 933 4543 914 935 4544 918 939 4545 913 934 4546 912 933 4547 917 938 4548 918 939 4549 912 933 4550 919 940 4551 916 937 4552 910 931 4553 920 941 4554 884 905 4555 913 934 4556 920 941 4557 880 901 4558 884 905 4559 918 939 4560 921 942 4561 913 934 4562 922 943 4563 913 934 4564 921 942 4565 920 941 4566 913 934 4567 922 943 4568 922 943 4569 923 944 4570 920 941 4571 920 941 4572 923 944 4573 880 901 4574 915 936 4575 916 937 4576 924 945 4577 919 940 4578 925 946 4579 916 937 4580 924 945 4581 916 937 4582 925 946 4583 917 938 4584 915 936 4585 926 947 4586 915 936 4587 927 948 4588 926 947 4589 924 945 4590 927 948 4591 915 936 4592 928 949 4593 918 939 4594 917 938 4595 917 938 4596 926 947 4597 928 949 4598 918 939 4599 928 949 4600 929 950 4601 929 950 4602 921 942 4603 918 939 4604 930 951 4605 922 943 4606 921 942 4607 778 799 4608 784 805 4609 775 796 4610 776 797 4611 783 804 4612 931 952 4613 776 797 4614 931 952 4615 744 765 4616 783 804 4617 932 953 4618 931 952 4619 783 804 4620 933 954 4621 932 953 4622 784 805 4623 933 954 4624 783 804 4625 744 765 4626 931 952 4627 731 752 4628 931 952 4629 932 953 4630 934 955 4631 720 741 4632 931 952 4633 934 955 4634 731 752 4635 931 952 4636 720 741 4637 935 956 4638 932 953 4639 933 954 4640 936 957 4641 932 953 4642 935 956 4643 936 957 4644 934 955 4645 932 953 4646 937 958 4647 934 955 4648 936 957 4649 934 955 4650 937 958 4651 720 741 4652 720 741 4653 937 958 4654 711 732 4655 935 956 4656 938 959 4657 936 957 4658 939 960 4659 937 958 4660 936 957 4661 936 957 4662 938 959 4663 939 960 4664 702 723 4665 937 958 4666 939 960 4667 702 723 4668 711 732 4669 937 958 4670 693 714 4671 702 723 4672 939 960 4673 939 960 4674 940 961 4675 693 714 4676 941 962 4677 940 961 4678 939 960 4679 938 959 4680 941 962 4681 939 960 4682 942 963 4683 941 962 4684 938 959 4685 935 956 4686 943 964 4687 938 959 4688 944 965 4689 938 959 4690 943 964 4691 942 963 4692 938 959 4693 944 965 4694 942 963 4695 945 966 4696 941 962 4697 941 962 4698 945 966 4699 940 961 4700 945 966 4701 942 963 4702 946 967 4703 946 967 4704 942 963 4705 944 965 4706 940 961 4707 947 968 4708 693 714 4709 948 969 4710 940 961 4711 945 966 4712 947 968 4713 940 961 4714 948 969 4715 693 714 4716 947 968 4717 684 705 4718 948 969 4719 945 966 4720 949 970 4721 949 970 4722 945 966 4723 946 967 4724 684 705 4725 947 968 4726 950 971 4727 950 971 4728 947 968 4729 948 969 4730 950 971 4731 948 969 4732 951 972 4733 951 972 4734 948 969 4735 949 970 4736 944 965 4737 952 973 4738 946 967 4739 953 974 4740 952 973 4741 944 965 4742 943 964 4743 953 974 4744 944 965 4745 949 970 4746 946 967 4747 954 975 4748 954 975 4749 946 967 4750 952 973 4751 954 975 4752 955 976 4753 949 970 4754 949 970 4755 955 976 4756 951 972 4757 951 972 4758 955 976 4759 956 977 4760 951 972 4761 956 977 4762 950 971 4763 950 971 4764 956 977 4765 679 700 4766 950 971 4767 679 700 4768 684 705 4769 957 978 4770 952 973 4771 953 974 4772 958 979 4773 952 973 4774 957 978 4775 958 979 4776 954 975 4777 952 973 4778 954 975 4779 959 980 4780 955 976 4781 960 981 4782 959 980 4783 954 975 4784 960 981 4785 954 975 4786 958 979 4787 959 980 4788 961 982 4789 955 976 4790 956 977 4791 955 976 4792 961 982 4793 956 977 4794 961 982 4795 669 690 4796 956 977 4797 669 690 4798 679 700 4799 962 983 4800 960 981 4801 958 979 4802 963 984 4803 958 979 4804 957 978 4805 962 983 4806 958 979 4807 963 984 4808 957 978 4809 953 974 4810 964 985 4811 965 986 4812 957 978 4813 964 985 4814 963 984 4815 957 978 4816 965 986 4817 960 981 4818 966 987 4819 959 980 4820 967 988 4821 966 987 4822 960 981 4823 967 988 4824 960 981 4825 962 983 4826 968 989 4827 961 982 4828 959 980 4829 959 980 4830 969 990 4831 968 989 4832 966 987 4833 969 990 4834 959 980 4835 961 982 4836 968 989 4837 682 703 4838 669 690 4839 961 982 4840 682 703 4841 963 984 4842 970 991 4843 962 983 4844 962 983 4845 971 992 4846 967 988 4847 962 983 4848 970 991 4849 971 992 4850 965 986 4851 972 993 4852 963 984 4853 963 984 4854 972 993 4855 970 991 4856 972 993 4857 965 986 4858 973 994 4859 965 986 4860 964 985 4861 974 995 4862 973 994 4863 965 986 4864 974 995 4865 966 987 4866 975 996 4867 969 990 4868 967 988 4869 976 997 4870 966 987 4871 966 987 4872 976 997 4873 975 996 4874 967 988 4875 971 992 4876 977 998 4877 977 998 4878 976 997 4879 967 988 4880 682 703 4881 968 989 4882 978 999 4883 979 1000 4884 968 989 4885 969 990 4886 978 999 4887 968 989 4888 979 1000 4889 969 990 4890 975 996 4891 980 1001 4892 969 990 4893 980 1001 4894 979 1000 4895 681 702 4896 682 703 4897 978 999 4898 972 993 4899 981 1002 4900 970 991 4901 970 991 4902 982 1003 4903 971 992 4904 970 991 4905 981 1002 4906 982 1003 4907 971 992 4908 982 1003 4909 983 1004 4910 971 992 4911 983 1004 4912 977 998 4913 981 1002 4914 972 993 4915 984 1005 4916 984 1005 4917 972 993 4918 973 994 4919 974 995 4920 985 1006 4921 973 994 4922 973 994 4923 985 1006 4924 984 1005 4925 977 998 4926 983 1004 4927 986 1007 4928 977 998 4929 986 1007 4930 976 997 4931 681 702 4932 978 999 4933 987 1008 4934 987 1008 4935 978 999 4936 979 1000 4937 979 1000 4938 988 1009 4939 987 1008 4940 979 1000 4941 980 1001 4942 988 1009 4943 675 696 4944 681 702 4945 987 1008 4946 989 1010 4947 982 1003 4948 981 1002 4949 990 1011 4950 981 1002 4951 984 1005 4952 989 1010 4953 981 1002 4954 990 1011 4955 982 1003 4956 991 1012 4957 983 1004 4958 991 1012 4959 982 1003 4960 989 1010 4961 983 1004 4962 992 1013 4963 986 1007 4964 983 1004 4965 991 1012 4966 992 1013 4967 984 1005 4968 985 1006 4969 993 1014 4970 984 1005 4971 993 1014 4972 990 1011 4973 994 1015 4974 989 1010 4975 990 1011 4976 990 1011 4977 993 1014 4978 994 1015 4979 995 1016 4980 991 1012 4981 989 1010 4982 995 1016 4983 989 1010 4984 994 1015 4985 987 1008 4986 988 1009 4987 996 1017 4988 997 1018 4989 987 1008 4990 996 1017 4991 675 696 4992 987 1008 4993 997 1018 4994 991 1012 4995 998 1019 4996 992 1013 4997 998 1019 4998 991 1012 4999 995 1016 5000 997 1018 5001 999 1020 5002 675 696 5003 675 696 5004 999 1020 5005 676 697 5006 1000 1021 5007 994 1015 5008 993 1014 5009 1001 1022 5010 994 1015 5011 1000 1021 5012 994 1015 5013 1001 1022 5014 995 1016 5015 995 1016 5016 1002 1023 5017 998 1019 5018 995 1016 5019 1001 1022 5020 1002 1023 5021 997 1018 5022 996 1017 5023 1003 1024 5024 1004 1025 5025 997 1018 5026 1003 1024 5027 999 1020 5028 997 1018 5029 1004 1025 5030 992 1013 5031 998 1019 5032 1005 1026 5033 998 1019 5034 1002 1023 5035 1006 1027 5036 998 1019 5037 1006 1027 5038 1005 1026 5039 999 1020 5040 1007 1028 5041 676 697 5042 999 1020 5043 1008 1029 5044 1007 1028 5045 1004 1025 5046 1008 1029 5047 999 1020 5048 1009 1030 5049 1002 1023 5050 1001 1022 5051 1001 1022 5052 1010 1031 5053 1009 1030 5054 1000 1021 5055 1010 1031 5056 1001 1022 5057 1002 1023 5058 1011 1032 5059 1006 1027 5060 1011 1032 5061 1002 1023 5062 1009 1030 5063 1003 1024 5064 1012 1033 5065 1004 1025 5066 1004 1025 5067 1013 1034 5068 1008 1029 5069 1012 1033 5070 1013 1034 5071 1004 1025 5072 1008 1029 5073 1013 1034 5074 1014 1035 5075 1014 1035 5076 1007 1028 5077 1008 1029 5078 1010 1031 5079 1015 1036 5080 1009 1030 5081 1009 1030 5082 1015 1036 5083 1011 1032 5084 1005 1026 5085 1006 1027 5086 1016 1037 5087 1017 1038 5088 1016 1037 5089 1006 1027 5090 1006 1027 5091 1011 1032 5092 1017 1038 5093 1018 1039 5094 1017 1038 5095 1011 1032 5096 1011 1032 5097 1015 1036 5098 1018 1039 5099 1019 1040 5100 1017 1038 5101 1018 1039 5102 1017 1038 5103 1019 1040 5104 1020 1041 5105 1020 1041 5106 1016 1037 5107 1017 1038 5108 1014 1035 5109 1013 1034 5110 1021 1042 5111 1013 1034 5112 1022 1043 5113 1021 1042 5114 1013 1034 5115 1023 1044 5116 1022 1043 5117 1012 1033 5118 1023 1044 5119 1013 1034 5120 1018 1039 5121 1024 1045 5122 1019 1040 5123 1025 1046 5124 1024 1045 5125 1018 1039 5126 1015 1036 5127 1025 1046 5128 1018 1039 5129 1020 1041 5130 1019 1040 5131 1026 1047 5132 1019 1040 5133 1027 1048 5134 1026 1047 5135 1024 1045 5136 1027 1048 5137 1019 1040 5138 1016 1037 5139 1020 1041 5140 1028 1049 5141 1016 1037 5142 1028 1049 5143 1005 1026 5144 1026 1047 5145 1029 1050 5146 1020 1041 5147 1028 1049 5148 1020 1041 5149 1030 1051 5150 1020 1041 5151 1029 1050 5152 1030 1051 5153 1027 1048 5154 1031 1052 5155 1026 1047 5156 1026 1047 5157 1031 1052 5158 1029 1050 5159 1021 1042 5160 1022 1043 5161 1032 1053 5162 1024 1045 5163 1033 1054 5164 1027 1048 5165 1034 1055 5166 1033 1054 5167 1024 1045 5168 1025 1046 5169 1034 1055 5170 1024 1045 5171 1033 1054 5172 1035 1056 5173 1027 1048 5174 1027 1048 5175 1035 1056 5176 1031 1052 5177 1029 1050 5178 1031 1052 5179 1036 1057 5180 1036 1057 5181 1030 1051 5182 1029 1050 5183 1037 1058 5184 1030 1051 5185 1036 1057 5186 1037 1058 5187 1028 1049 5188 1030 1051 5189 1036 1057 5190 1031 1052 5191 1038 1059 5192 1039 1060 5193 1031 1052 5194 1035 1056 5195 1038 1059 5196 1031 1052 5197 1039 1060 5198 1036 1057 5199 1040 1061 5200 1037 1058 5201 1038 1059 5202 1040 1061 5203 1036 1057 5204 1033 1054 5205 1034 1055 5206 1041 1062 5207 1042 1063 5208 1033 1054 5209 1041 1062 5210 1035 1056 5211 1033 1054 5212 1042 1063 5213 1035 1056 5214 1042 1063 5215 1043 1064 5216 1035 1056 5217 1043 1064 5218 1039 1060 5219 1044 1065 5220 1040 1061 5221 1038 1059 5222 1038 1059 5223 1039 1060 5224 1044 1065 5225 1039 1060 5226 1043 1064 5227 1045 1066 5228 1044 1065 5229 1039 1060 5230 1046 1067 5231 1039 1060 5232 1045 1066 5233 1046 1067 5234 1037 1058 5235 1040 1061 5236 1047 1068 5237 1048 1069 5238 1047 1068 5239 1040 1061 5240 1044 1065 5241 1048 1069 5242 1040 1061 5243 1049 1070 5244 1048 1069 5245 1044 1065 5246 1046 1067 5247 1049 1070 5248 1044 1065 5249 1043 1064 5250 1042 1063 5251 1050 1071 5252 1043 1064 5253 1051 1072 5254 1045 1066 5255 1050 1071 5256 1051 1072 5257 1043 1064 5258 1042 1063 5259 1041 1062 5260 1052 1073 5261 1042 1063 5262 1053 1074 5263 1050 1071 5264 1052 1073 5265 1053 1074 5266 1042 1063 5267 1046 1067 5268 1045 1066 5269 1054 1075 5270 1054 1075 5271 1055 1076 5272 1046 1067 5273 1055 1076 5274 1049 1070 5275 1046 1067 5276 1045 1066 5277 1056 1077 5278 1054 1075 5279 1057 1078 5280 1056 1077 5281 1045 1066 5282 1045 1066 5283 1051 1072 5284 1057 1078 5285 1058 1079 5286 1055 1076 5287 1054 1075 5288 1054 1075 5289 1056 1077 5290 1058 1079 5291 1059 1080 5292 1051 1072 5293 1050 1071 5294 1060 1081 5295 1050 1071 5296 1053 1074 5297 1059 1080 5298 1050 1071 5299 1060 1081 5300 1051 1072 5301 1059 1080 5302 1061 1082 5303 1061 1082 5304 1057 1078 5305 1051 1072 5306 1053 1074 5307 1052 1073 5308 1062 1083 5309 1053 1074 5310 1063 1084 5311 1060 1081 5312 1062 1083 5313 1063 1084 5314 1053 1074 5315 1058 1079 5316 1056 1077 5317 1064 1085 5318 1056 1077 5319 1065 1086 5320 1064 1085 5321 1056 1077 5322 1057 1078 5323 1065 1086 5324 1065 1086 5325 1057 1078 5326 1066 1087 5327 1066 1087 5328 1057 1078 5329 1061 1082 5330 1067 1088 5331 1055 1076 5332 1058 1079 5333 1064 1085 5334 1067 1088 5335 1058 1079 5336 1061 1082 5337 1059 1080 5338 1068 1089 5339 1059 1080 5340 1069 1090 5341 1068 1089 5342 1060 1081 5343 1069 1090 5344 1059 1080 5345 1063 1084 5346 1070 1091 5347 1060 1081 5348 1060 1081 5349 1070 1091 5350 1069 1090 5351 1061 1082 5352 1068 1089 5353 1071 1092 5354 1061 1082 5355 1071 1092 5356 1066 1087 5357 1072 1093 5358 1065 1086 5359 1066 1087 5360 1066 1087 5361 1071 1092 5362 1072 1093 5363 1070 1091 5364 1063 1084 5365 1073 1094 5366 1063 1084 5367 1062 1083 5368 1074 1095 5369 1073 1094 5370 1063 1084 5371 1074 1095 5372 1071 1092 5373 1068 1089 5374 1075 1096 5375 929 950 5376 930 951 5377 921 942 5378 1076 1097 5379 922 943 5380 930 951 5381 1076 1097 5382 923 944 5383 922 943 5384 880 901 5385 923 944 5386 872 893 5387 928 949 5388 926 947 5389 1077 1098 5390 927 948 5391 1077 1098 5392 926 947 5393 1078 1099 5394 923 944 5395 1076 1097 5396 923 944 5397 1078 1099 5398 1079 1100 5399 872 893 5400 923 944 5401 1079 1100 5402 1077 1098 5403 1080 1101 5404 928 949 5405 929 950 5406 928 949 5407 1080 1101 5408 1080 1101 5409 1081 1102 5410 929 950 5411 1081 1102 5412 930 951 5413 929 950 5414 1079 1100 5415 867 888 5416 872 893 5417 1082 1103 5418 1080 1101 5419 1077 1098 5420 1077 1098 5421 1083 1104 5422 1082 1103 5423 1083 1104 5424 1077 1098 5425 927 948 5426 1084 1105 5427 1081 1102 5428 1080 1101 5429 1080 1101 5430 1082 1103 5431 1084 1105 5432 1079 1100 5433 1078 1099 5434 1085 1106 5435 1079 1100 5436 1085 1106 5437 1086 1107 5438 1086 1107 5439 867 888 5440 1079 1100 5441 1084 1105 5442 1082 1103 5443 1087 1108 5444 1088 1109 5445 1087 1108 5446 1082 1103 5447 1082 1103 5448 1083 1104 5449 1088 1109 5450 1086 1107 5451 1085 1106 5452 1089 1110 5453 1086 1107 5454 1089 1110 5455 1090 1111 5456 1086 1107 5457 1090 1111 5458 867 888 5459 867 888 5460 1090 1111 5461 859 880 5462 1091 1112 5463 1087 1108 5464 1088 1109 5465 1091 1112 5466 1088 1109 5467 1092 1113 5468 1083 1104 5469 1093 1114 5470 1088 1109 5471 1092 1113 5472 1088 1109 5473 1093 1114 5474 1094 1115 5475 1093 1114 5476 1083 1104 5477 1083 1104 5478 927 948 5479 1094 1115 5480 1090 1111 5481 1089 1110 5482 1095 1116 5483 859 880 5484 1090 1111 5485 1096 1117 5486 1097 1118 5487 1090 1111 5488 1095 1116 5489 1098 1119 5490 1090 1111 5491 1097 1118 5492 1096 1117 5493 1090 1111 5494 1098 1119 5495 866 887 5496 859 880 5497 1096 1117 5498 1096 1117 5499 1098 1119 5500 1099 1120 5501 1099 1120 5502 866 887 5503 1096 1117 5504 1099 1120 5505 1098 1119 5506 1100 1121 5507 1098 1119 5508 1097 1118 5509 1100 1121 5510 1094 1115 5511 927 948 5512 1101 1122 5513 924 945 5514 1101 1122 5515 927 948 5516 1102 1123 5517 866 887 5518 1099 1120 5519 1100 1121 5520 1102 1123 5521 1099 1120 5522 1095 1116 5523 1103 1124 5524 1097 1118 5525 1100 1121 5526 1097 1118 5527 1104 1125 5528 1103 1124 5529 1104 1125 5530 1097 1118 5531 1105 1126 5532 1103 1124 5533 1095 1116 5534 1104 1125 5535 1106 1127 5536 1100 1121 5537 1106 1127 5538 1102 1123 5539 1100 1121 5540 1102 1123 5541 865 886 5542 866 887 5543 1107 1128 5544 865 886 5545 1102 1123 5546 1106 1127 5547 1107 1128 5548 1102 1123 5549 1108 1129 5550 1104 1125 5551 1103 1124 5552 1108 1129 5553 1106 1127 5554 1104 1125 5555 1109 1130 5556 1101 1122 5557 924 945 5558 924 945 5559 925 946 5560 1109 1130 5561 1108 1129 5562 1103 1124 5563 1110 1131 5564 1103 1124 5565 1105 1126 5566 1111 1132 5567 1110 1131 5568 1103 1124 5569 1111 1132 5570 1110 1131 5571 1106 1127 5572 1108 1129 5573 1112 1133 5574 1107 1128 5575 1106 1127 5576 1112 1133 5577 1106 1127 5578 1110 1131 5579 1110 1131 5580 1111 1132 5581 1112 1133 5582 1112 1133 5583 1113 1134 5584 1107 1128 5585 1107 1128 5586 1113 1134 5587 865 886 5588 1112 1133 5589 1111 1132 5590 1113 1134 5591 1111 1132 5592 1105 1126 5593 877 898 5594 1113 1134 5595 864 885 5596 865 886 5597 877 898 5598 864 885 5599 1111 1132 5600 1111 1132 5601 864 885 5602 1113 1134 5603 1109 1130 5604 925 946 5605 1114 1135 5606 1115 1136 5607 1114 1135 5608 925 946 5609 1115 1136 5610 925 946 5611 919 940 5612 1116 1137 5613 1114 1135 5614 1115 1136 5615 1117 1138 5616 1118 1139 5617 1119 1140 5618 1120 1141 5619 1118 1139 5620 1117 1138 5621 1117 1138 5622 1121 1142 5623 1120 1141 5624 1118 1139 5625 1120 1141 5626 1122 1143 5627 1122 1143 5628 1120 1141 5629 1123 1144 5630 1122 1143 5631 1123 1144 5632 1124 1145 5633 1124 1145 5634 1123 1144 5635 1125 1146 5636 1120 1141 5637 1126 1147 5638 1123 1144 5639 1123 1144 5640 1126 1147 5641 1125 1146 5642 1127 1148 5643 1126 1147 5644 1120 1141 5645 1128 1149 5646 1127 1148 5647 1120 1141 5648 1120 1141 5649 1121 1142 5650 1128 1149 5651 1121 1142 5652 1129 1150 5653 1128 1149 5654 1130 1151 5655 1129 1150 5656 1121 1142 5657 1131 1152 5658 1127 1148 5659 1128 1149 5660 1129 1150 5661 1131 1152 5662 1128 1149 5663 1131 1152 5664 1132 1153 5665 1127 1148 5666 1127 1148 5667 1133 1154 5668 1126 1147 5669 1127 1148 5670 1132 1153 5671 1133 1154 5672 1125 1146 5673 1126 1147 5674 1134 1155 5675 1126 1147 5676 1135 1156 5677 1134 1155 5678 1126 1147 5679 1133 1154 5680 1135 1156 5681 1125 1146 5682 1136 1157 5683 1124 1145 5684 1134 1155 5685 1137 1158 5686 1125 1146 5687 1125 1146 5688 1137 1158 5689 1136 1157 5690 1138 1159 5691 1131 1152 5692 1129 1150 5693 1129 1150 5694 1139 1160 5695 1138 1159 5696 1130 1151 5697 1139 1160 5698 1129 1150 5699 1132 1153 5700 1131 1152 5701 1140 1161 5702 1140 1161 5703 1131 1152 5704 1138 1159 5705 1140 1161 5706 1141 1162 5707 1132 1153 5708 1132 1153 5709 1142 1163 5710 1133 1154 5711 1132 1153 5712 1141 1162 5713 1142 1163 5714 1133 1154 5715 1142 1163 5716 1143 1164 5717 1133 1154 5718 1143 1164 5719 1135 1156 5720 1139 1160 5721 1144 1165 5722 1138 1159 5723 1138 1159 5724 1144 1165 5725 1140 1161 5726 1145 1166 5727 1137 1158 5728 1134 1155 5729 1146 1167 5730 1145 1166 5731 1134 1155 5732 1134 1155 5733 1135 1156 5734 1146 1167 5735 1135 1156 5736 1147 1168 5737 1146 1167 5738 1148 1169 5739 1147 1168 5740 1135 1156 5741 1135 1156 5742 1143 1164 5743 1148 1169 5744 1140 1161 5745 1149 1170 5746 1141 1162 5747 1150 1171 5748 1149 1170 5749 1140 1161 5750 1144 1165 5751 1150 1171 5752 1140 1161 5753 1151 1172 5754 1141 1162 5755 1149 1170 5756 1152 1173 5757 1141 1162 5758 1151 1172 5759 1141 1162 5760 1152 1173 5761 1142 1163 5762 1142 1163 5763 1152 1173 5764 1153 1174 5765 1142 1163 5766 1153 1174 5767 1143 1164 5768 1143 1164 5769 1153 1174 5770 1154 1175 5771 1143 1164 5772 1154 1175 5773 1148 1169 5774 1155 1176 5775 1150 1171 5776 1144 1165 5777 1156 1177 5778 1146 1167 5779 1147 1168 5780 1157 1178 5781 1146 1167 5782 1156 1177 5783 1157 1178 5784 1145 1166 5785 1146 1167 5786 1147 1168 5787 1148 1169 5788 1158 1179 5789 1159 1180 5790 1147 1168 5791 1158 1179 5792 1156 1177 5793 1147 1168 5794 1159 1180 5795 1158 1179 5796 1148 1169 5797 1160 1181 5798 1148 1169 5799 1154 1175 5800 1160 1181 5801 1153 1174 5802 1161 1182 5803 1154 1175 5804 1154 1175 5805 1161 1182 5806 1160 1181 5807 1162 1183 5808 1161 1182 5809 1153 1174 5810 1152 1173 5811 1163 1184 5812 1153 1174 5813 1163 1184 5814 1162 1183 5815 1153 1174 5816 1164 1185 5817 1163 1184 5818 1152 1173 5819 1152 1173 5820 1151 1172 5821 1165 1186 5822 1152 1173 5823 1165 1186 5824 1164 1185 5825 1166 1187 5826 1156 1177 5827 1159 1180 5828 1167 1188 5829 1156 1177 5830 1166 1187 5831 1167 1188 5832 1157 1178 5833 1156 1177 5834 1168 1189 5835 1166 1187 5836 1159 1180 5837 1158 1179 5838 1169 1190 5839 1159 1180 5840 1159 1180 5841 1169 1190 5842 1168 1189 5843 1170 1191 5844 1169 1190 5845 1158 1179 5846 1158 1179 5847 1160 1181 5848 1171 1192 5849 1171 1192 5850 1170 1191 5851 1158 1179 5852 1171 1192 5853 1160 1181 5854 1172 1193 5855 1160 1181 5856 1161 1182 5857 1173 1194 5858 1173 1194 5859 1172 1193 5860 1160 1181 5861 1174 1195 5862 1162 1183 5863 1163 1184 5864 1164 1185 5865 1165 1186 5866 1175 1196 5867 1176 1197 5868 1167 1188 5869 1166 1187 5870 1177 1198 5871 1166 1187 5872 1168 1189 5873 1177 1198 5874 1176 1197 5875 1166 1187 5876 1168 1189 5877 1169 1190 5878 1178 1199 5879 1179 1200 5880 1169 1190 5881 1170 1191 5882 1180 1201 5883 1170 1191 5884 1171 1192 5885 1181 1202 5886 1172 1193 5887 1173 1194 5888 1182 1203 5889 1176 1197 5890 1177 1198 5891 1183 1204 5892 1167 1188 5893 1176 1197 5894 1167 1188 5895 1183 1204 5896 1184 1205 5897 1184 1205 5898 1183 1204 5899 1185 1206 5900 1184 1205 5901 1186 1207 5902 1167 1188 5903 1186 1207 5904 1157 1178 5905 1167 1188 5906 1187 1208 5907 1186 1207 5908 1184 1205 5909 1187 1208 5910 1188 1209 5911 1186 1207 5912 1186 1207 5913 1188 1209 5914 1189 1210 5915 1189 1210 5916 1157 1178 5917 1186 1207 5918 1145 1166 5919 1157 1178 5920 1189 1210 5921 1190 1211 5922 1188 1209 5923 1187 1208 5924 1189 1210 5925 1188 1209 5926 1191 1212 5927 1192 1213 5928 1145 1166 5929 1189 1210 5930 1193 1214 5931 1192 1213 5932 1189 1210 5933 1191 1212 5934 1193 1214 5935 1189 1210 5936 1137 1158 5937 1145 1166 5938 1192 1213 5939 1194 1215 5940 1193 1214 5941 1191 1212 5942 1192 1213 5943 1195 1216 5944 1137 1158 5945 1196 1217 5946 1195 1216 5947 1192 1213 5948 1196 1217 5949 1192 1213 5950 1193 1214 5951 1137 1158 5952 1195 1216 5953 1197 1218 5954 1136 1157 5955 1137 1158 5956 1197 1218 5957 1197 1218 5958 1195 1216 5959 1198 1219 5960 1124 1145 5961 1136 1157 5962 1199 1220 5963 1165 1186 5964 1151 1172 5965 1200 1221 5966 1201 1222 5967 1202 1223 5968 1203 1224 5969 1204 1225 5970 1202 1223 5971 1201 1222 5972 1201 1222 5973 1205 1226 5974 1204 1225 5975 1206 1227 5976 1202 1223 5977 1204 1225 5978 1204 1225 5979 1207 1228 5980 1206 1227 5981 1204 1225 5982 1205 1226 5983 1207 1228 5984 1208 1229 5985 1202 1223 5986 1206 1227 5987 1205 1226 5988 1209 1230 5989 1207 1228 5990 1206 1227 5991 1207 1228 5992 1210 1231 5993 1210 1231 5994 1211 1232 5995 1206 1227 5996 1206 1227 5997 1211 1232 5998 1208 1229 5999 1207 1228 6000 1212 1233 6001 1210 1231 6002 1207 1228 6003 1209 1230 6004 1212 1233 6005 1208 1229 6006 1211 1232 6007 1213 1234 6008 1209 1230 6009 1214 1235 6010 1212 1233 6011 1215 1236 6012 1211 1232 6013 1210 1231 6014 1210 1231 6015 1216 1237 6016 1215 1236 6017 1210 1231 6018 1212 1233 6019 1216 1237 6020 1212 1233 6021 1217 1238 6022 1216 1237 6023 1212 1233 6024 1214 1235 6025 1217 1238 6026 1213 1234 6027 1211 1232 6028 1218 1239 6029 1215 1236 6030 1219 1240 6031 1211 1232 6032 1218 1239 6033 1211 1232 6034 1219 1240 6035 1214 1235 6036 1220 1241 6037 1217 1238 6038 1221 1242 6039 1219 1240 6040 1215 1236 6041 1215 1236 6042 1222 1243 6043 1221 1242 6044 1215 1236 6045 1216 1237 6046 1222 1243 6047 1216 1237 6048 1217 1238 6049 1223 1244 6050 1223 1244 6051 1222 1243 6052 1216 1237 6053 1217 1238 6054 1224 1245 6055 1223 1244 6056 1217 1238 6057 1220 1241 6058 1224 1245 6059 1219 1240 6060 1225 1246 6061 1218 1239 6062 1219 1240 6063 1221 1242 6064 1226 1247 6065 1226 1247 6066 1225 1246 6067 1219 1240 6068 1227 1248 6069 1224 1245 6070 1220 1241 6071 1226 1247 6072 1221 1242 6073 1228 1249 6074 1221 1242 6075 1222 1243 6076 1229 1250 6077 1221 1242 6078 1229 1250 6079 1228 1249 6080 1222 1243 6081 1230 1251 6082 1229 1250 6083 1230 1251 6084 1222 1243 6085 1223 1244 6086 1231 1252 6087 1230 1251 6088 1223 1244 6089 1223 1244 6090 1224 1245 6091 1231 1252 6092 1232 1253 6093 1231 1252 6094 1224 1245 6095 1232 1253 6096 1224 1245 6097 1227 1248 6098 1226 1247 6099 1233 1254 6100 1225 1246 6101 1226 1247 6102 1228 1249 6103 1233 1254 6104 1225 1246 6105 1233 1254 6106 1234 1255 6107 1233 1254 6108 1228 1249 6109 1235 1256 6110 1228 1249 6111 1236 1257 6112 1235 1256 6113 1228 1249 6114 1229 1250 6115 1236 1257 6116 1229 1250 6117 1230 1251 6118 1237 1258 6119 1229 1250 6120 1237 1258 6121 1236 1257 6122 1238 1259 6123 1237 1258 6124 1230 1251 6125 1238 1259 6126 1230 1251 6127 1231 1252 6128 1231 1252 6129 1239 1260 6130 1238 1259 6131 1239 1260 6132 1231 1252 6133 1232 1253 6134 1232 1253 6135 1227 1248 6136 1240 1261 6137 1240 1261 6138 1239 1260 6139 1232 1253 6140 1241 1262 6141 1234 1255 6142 1233 1254 6143 1068 1089 6144 1069 1090 6145 1075 1096 6146 1064 1085 6147 1065 1086 6148 1242 1263 6149 1242 1263 6150 1243 1264 6151 1064 1085 6152 1243 1264 6153 1067 1088 6154 1064 1085 6155 1071 1092 6156 1244 1265 6157 1072 1093 6158 1071 1092 6159 1075 1096 6160 1244 1265 6161 1075 1096 6162 1069 1090 6163 1245 1266 6164 1246 1267 6165 1069 1090 6166 1070 1091 6167 1245 1266 6168 1069 1090 6169 1246 1267 6170 1246 1267 6171 1070 1091 6172 1247 1268 6173 1247 1268 6174 1070 1091 6175 1073 1094 6176 1075 1096 6177 1245 1266 6178 1248 1269 6179 1244 1265 6180 1075 1096 6181 1248 1269 6182 1073 1094 6183 1249 1270 6184 1247 1268 6185 1073 1094 6186 1250 1271 6187 1249 1270 6188 1074 1095 6189 1250 1271 6190 1073 1094 6191 1072 1093 6192 1244 1265 6193 1251 1272 6194 1252 1273 6195 1245 1266 6196 1246 1267 6197 1253 1274 6198 1245 1266 6199 1252 1273 6200 1248 1269 6201 1245 1266 6202 1253 1274 6203 1252 1273 6204 1246 1267 6205 1254 1275 6206 1254 1275 6207 1246 1267 6208 1247 1268 6209 1247 1268 6210 1249 1270 6211 1255 1276 6212 1247 1268 6213 1255 1276 6214 1254 1275 6215 1249 1270 6216 1256 1277 6217 1255 1276 6218 1257 1278 6219 1256 1277 6220 1249 1270 6221 1257 1278 6222 1249 1270 6223 1258 1279 6224 1258 1279 6225 1249 1270 6226 1250 1271 6227 1255 1276 6228 1256 1277 6229 1259 1280 6230 1254 1275 6231 1255 1276 6232 1259 1280 6233 1257 1278 6234 1258 1279 6235 1260 1281 6236 1257 1278 6237 1261 1282 6238 1256 1277 6239 1260 1281 6240 1261 1282 6241 1257 1278 6242 1261 1282 6243 1262 1283 6244 1256 1277 6245 1259 1280 6246 1256 1277 6247 1263 1284 6248 1256 1277 6249 1262 1283 6250 1263 1284 6251 1260 1281 6252 1264 1285 6253 1261 1282 6254 1261 1282 6255 1265 1286 6256 1262 1283 6257 1264 1285 6258 1265 1286 6259 1261 1282 6260 1260 1281 6261 1258 1279 6262 1266 1287 6263 1267 1288 6264 1264 1285 6265 1260 1281 6266 1266 1287 6267 1267 1288 6268 1260 1281 6269 1258 1279 6270 1268 1289 6271 1266 1287 6272 1258 1279 6273 1250 1271 6274 1268 1289 6275 1264 1285 6276 1267 1288 6277 1269 1290 6278 1270 1291 6279 1264 1285 6280 1269 1290 6281 1265 1286 6282 1264 1285 6283 1270 1291 6284 1271 1292 6285 1267 1288 6286 1266 1287 6287 1272 1293 6288 1271 1292 6289 1266 1287 6290 1266 1287 6291 1268 1289 6292 1272 1293 6293 1271 1292 6294 1273 1294 6295 1267 1288 6296 1269 1290 6297 1267 1288 6298 1273 1294 6299 1269 1290 6300 1274 1295 6301 1270 1291 6302 1275 1296 6303 1269 1290 6304 1273 1294 6305 1276 1297 6306 1269 1290 6307 1275 1296 6308 1276 1297 6309 1274 1295 6310 1269 1290 6311 1273 1294 6312 1277 1298 6313 1275 1296 6314 1277 1298 6315 1273 1294 6316 1271 1292 6317 1278 1299 6318 1271 1292 6319 1272 1293 6320 1278 1299 6321 1277 1298 6322 1271 1292 6323 1268 1289 6324 1279 1300 6325 1272 1293 6326 1272 1293 6327 1280 1301 6328 1278 1299 6329 1279 1300 6330 1280 1301 6331 1272 1293 6332 1274 1295 6333 1276 1297 6334 1281 1302 6335 1276 1297 6336 1275 1296 6337 1282 1303 6338 1281 1302 6339 1276 1297 6340 1282 1303 6341 1275 1296 6342 1277 1298 6343 1283 1304 6344 1282 1303 6345 1275 1296 6346 1284 1305 6347 1275 1296 6348 1283 1304 6349 1284 1305 6350 1277 1298 6351 1285 1306 6352 1283 1304 6353 1285 1306 6354 1277 1298 6355 1278 1299 6356 1280 1301 6357 1286 1307 6358 1278 1299 6359 1278 1299 6360 1286 1307 6361 1285 1306 6362 1280 1301 6363 1279 1300 6364 1287 1308 6365 1288 1309 6366 1280 1301 6367 1287 1308 6368 1286 1307 6369 1280 1301 6370 1288 1309 6371 1281 1302 6372 1282 1303 6373 1289 1310 6374 1282 1303 6375 1284 1305 6376 1290 1311 6377 1289 1310 6378 1282 1303 6379 1290 1311 6380 1284 1305 6381 1283 1304 6382 1243 1264 6383 1283 1304 6384 1291 1312 6385 1243 1264 6386 1283 1304 6387 1285 1306 6388 1291 1312 6389 1284 1305 6390 1243 1264 6391 1242 1263 6392 1290 1311 6393 1284 1305 6394 1242 1263 6395 1291 1312 6396 1285 1306 6397 1292 1313 6398 1292 1313 6399 1285 1306 6400 1286 1307 6401 1292 1313 6402 1286 1307 6403 1293 1314 6404 1293 1314 6405 1286 1307 6406 1288 1309 6407 1288 1309 6408 1294 1315 6409 1293 1314 6410 1295 1316 6411 1294 1315 6412 1288 1309 6413 1287 1308 6414 1295 1316 6415 1288 1309 6416 1290 1311 6417 1296 1317 6418 1289 1310 6419 1242 1263 6420 1065 1086 6421 1290 1311 6422 1297 1318 6423 1296 1317 6424 1290 1311 6425 1290 1311 6426 1065 1086 6427 1297 1318 6428 1243 1264 6429 1291 1312 6430 1067 1088 6431 1292 1313 6432 1298 1319 6433 1291 1312 6434 1291 1312 6435 1298 1319 6436 1067 1088 6437 1293 1314 6438 1299 1320 6439 1292 1313 6440 1292 1313 6441 1299 1320 6442 1298 1319 6443 1294 1315 6444 1300 1321 6445 1293 1314 6446 1293 1314 6447 1300 1321 6448 1299 1320 6449 1294 1315 6450 1295 1316 6451 1301 1322 6452 1302 1323 6453 1294 1315 6454 1301 1322 6455 1300 1321 6456 1294 1315 6457 1302 1323 6458 1296 1317 6459 1297 1318 6460 1251 1272 6461 1297 1318 6462 1065 1086 6463 1072 1093 6464 1251 1272 6465 1297 1318 6466 1072 1093 6467 1298 1319 6468 1055 1076 6469 1067 1088 6470 1299 1320 6471 1049 1070 6472 1298 1319 6473 1298 1319 6474 1049 1070 6475 1055 1076 6476 1300 1321 6477 1303 1324 6478 1299 1320 6479 1299 1320 6480 1303 1324 6481 1049 1070 6482 1303 1324 6483 1300 1321 6484 1304 1325 6485 1304 1325 6486 1300 1321 6487 1302 1323 6488 1305 1326 6489 1302 1323 6490 1301 1322 6491 1306 1327 6492 1302 1323 6493 1305 1326 6494 1302 1323 6495 1306 1327 6496 1304 1325 6497 1049 1070 6498 1303 1324 6499 1048 1069 6500 1048 1069 6501 1303 1324 6502 1307 1328 6503 1303 1324 6504 1304 1325 6505 1307 1328 6506 1307 1328 6507 1304 1325 6508 1308 1329 6509 1309 1330 6510 1308 1329 6511 1304 1325 6512 1304 1325 6513 1306 1327 6514 1309 1330 6515 1306 1327 6516 1305 1326 6517 1310 1331 6518 1310 1331 6519 1309 1330 6520 1306 1327 6521 1307 1328 6522 1311 1332 6523 1048 1069 6524 1312 1333 6525 1311 1332 6526 1307 1328 6527 1308 1329 6528 1312 1333 6529 1307 1328 6530 1311 1332 6531 1047 1068 6532 1048 1069 6533 1313 1334 6534 1308 1329 6535 1309 1330 6536 1313 1334 6537 1314 1335 6538 1308 1329 6539 1314 1335 6540 1312 1333 6541 1308 1329 6542 1309 1330 6543 1315 1336 6544 1313 1334 6545 1315 1336 6546 1309 1330 6547 1310 1331 6548 1312 1333 6549 664 685 6550 1311 1332 6551 1314 1335 6552 664 685 6553 1312 1333 6554 1311 1332 6555 664 685 6556 674 695 6557 1316 1337 6558 1311 1332 6559 674 695 6560 1047 1068 6561 1311 1332 6562 1316 1337 6563 1313 1334 6564 1315 1336 6565 1317 1338 6566 1313 1334 6567 1317 1338 6568 1318 1339 6569 1318 1339 6570 1314 1335 6571 1313 1334 6572 1318 1339 6573 655 676 6574 1314 1335 6575 655 676 6576 664 685 6577 1314 1335 6578 1317 1338 6579 1315 1336 6580 466 473 6581 1315 1336 6582 1310 1331 6583 1319 1340 6584 466 473 6585 1315 1336 6586 1319 1340 6587 1318 1339 6588 1317 1338 6589 476 483 6590 1317 1338 6591 466 473 6592 476 483 6593 644 665 6594 655 676 6595 1318 1339 6596 1318 1339 6597 476 483 6598 644 665 6599 1320 1341 6600 1047 1068 6601 1316 1337 6602 1316 1337 6603 674 695 6604 1321 1342 6605 1322 1343 6606 1316 1337 6607 1321 1342 6608 1320 1341 6609 1316 1337 6610 1322 1343 6611 1321 1342 6612 674 695 6613 1323 1344 6614 674 695 6615 673 694 6616 1323 1344 6617 1319 1340 6618 453 460 6619 466 473 6620 1321 1342 6621 1323 1344 6622 1324 1345 6623 1325 1346 6624 1321 1342 6625 1324 1345 6626 1322 1343 6627 1321 1342 6628 1325 1346 6629 673 694 6630 1326 1347 6631 1323 1344 6632 1324 1345 6633 1323 1344 6634 1327 1348 6635 1323 1344 6636 1326 1347 6637 1327 1348 6638 1327 1348 6639 1328 1349 6640 1324 1345 6641 1324 1345 6642 1328 1349 6643 1325 1346 6644 1327 1348 6645 1326 1347 6646 1329 1350 6647 1329 1350 6648 1328 1349 6649 1327 1348 6650 673 694 6651 676 697 6652 1326 1347 6653 676 697 6654 1007 1028 6655 1326 1347 6656 1329 1350 6657 1326 1347 6658 1007 1028 6659 1325 1346 6660 1328 1349 6661 1330 1351 6662 1328 1349 6663 1331 1352 6664 1330 1351 6665 1328 1349 6666 1329 1350 6667 1331 1352 6668 1329 1350 6669 1007 1028 6670 1014 1035 6671 1331 1352 6672 1329 1350 6673 1014 1035 6674 455 462 6675 453 460 6676 1319 1340 6677 1014 1035 6678 1021 1042 6679 1331 1352 6680 1331 1352 6681 1021 1042 6682 1332 1353 6683 1330 1351 6684 1331 1352 6685 1333 1354 6686 1332 1353 6687 1333 1354 6688 1331 1352 6689 1021 1042 6690 1032 1053 6691 1332 1353 6692 1334 1355 6693 1333 1354 6694 1332 1353 6695 1333 1354 6696 1334 1355 6697 1335 1356 6698 1333 1354 6699 1335 1356 6700 1330 1351 6701 1330 1351 6702 1335 1356 6703 1336 1357 6704 1336 1357 6705 1325 1346 6706 1330 1351 6707 1332 1353 6708 1032 1053 6709 1337 1358 6710 1338 1359 6711 1332 1353 6712 1337 1358 6713 1334 1355 6714 1332 1353 6715 1338 1359 6716 1334 1355 6717 1338 1359 6718 1339 1360 6719 1335 1356 6720 1334 1355 6721 1339 1360 6722 1340 1361 6723 455 462 6724 1319 1340 6725 1319 1340 6726 1310 1331 6727 1340 1361 6728 1341 1362 6729 1335 1356 6730 1339 1360 6731 1342 1363 6732 1335 1356 6733 1341 1362 6734 1342 1363 6735 1336 1357 6736 1335 1356 6737 1343 1364 6738 1336 1357 6739 1342 1363 6740 1343 1364 6741 1344 1365 6742 1336 1357 6743 1344 1365 6744 1325 1346 6745 1336 1357 6746 1325 1346 6747 1344 1365 6748 1322 1343 6749 1339 1360 6750 1338 1359 6751 1345 1366 6752 1341 1362 6753 1339 1360 6754 1346 1367 6755 1346 1367 6756 1339 1360 6757 1345 1366 6758 1342 1363 6759 1341 1362 6760 1347 1368 6761 1348 1369 6762 1342 1363 6763 1347 1368 6764 1343 1364 6765 1342 1363 6766 1348 1369 6767 1348 1369 6768 1349 1370 6769 1343 1364 6770 1349 1370 6771 1344 1365 6772 1343 1364 6773 1344 1365 6774 1349 1370 6775 1350 1371 6776 1322 1343 6777 1344 1365 6778 1350 1371 6779 1347 1368 6780 1341 1362 6781 1351 1372 6782 1352 1373 6783 1341 1362 6784 1346 1367 6785 1351 1372 6786 1341 1362 6787 1352 1373 6788 1347 1368 6789 1351 1372 6790 1353 1374 6791 1354 1375 6792 1347 1368 6793 1353 1374 6794 1348 1369 6795 1347 1368 6796 1354 1375 6797 1355 1376 6798 1349 1370 6799 1348 1369 6800 1348 1369 6801 976 997 6802 1355 1376 6803 1354 1375 6804 976 997 6805 1348 1369 6806 1350 1371 6807 1349 1370 6808 1356 1377 6809 1349 1370 6810 1355 1376 6811 1356 1377 6812 1028 1049 6813 1322 1343 6814 1350 1371 6815 1356 1377 6816 1005 1026 6817 1350 1371 6818 1005 1026 6819 1028 1049 6820 1350 1371 6821 976 997 6822 986 1007 6823 1355 1376 6824 1356 1377 6825 1355 1376 6826 986 1007 6827 1357 1378 6828 1351 1372 6829 1352 1373 6830 1358 1379 6831 1351 1372 6832 1357 1378 6833 1353 1374 6834 1351 1372 6835 1358 1379 6836 992 1013 6837 1005 1026 6838 1356 1377 6839 986 1007 6840 992 1013 6841 1356 1377 6842 1358 1379 6843 1359 1380 6844 1353 1374 6845 1360 1381 6846 1354 1375 6847 1353 1374 6848 1353 1374 6849 1359 1380 6850 1360 1381 6851 975 996 6852 1354 1375 6853 1360 1381 6854 975 996 6855 976 997 6856 1354 1375 6857 1359 1380 6858 1358 1379 6859 1361 1382 6860 1361 1382 6861 1358 1379 6862 1357 1378 6863 1360 1381 6864 1359 1380 6865 1362 1383 6866 980 1001 6867 1360 1381 6868 1362 1383 6869 975 996 6870 1360 1381 6871 980 1001 6872 1362 1383 6873 1359 1380 6874 1363 1384 6875 1364 1385 6876 1359 1380 6877 1361 1382 6878 1363 1384 6879 1359 1380 6880 1364 1385 6881 980 1001 6882 1362 1383 6883 988 1009 6884 1363 1384 6885 1365 1386 6886 1362 1383 6887 988 1009 6888 1362 1383 6889 1366 1387 6890 1362 1383 6891 1365 1386 6892 1366 1387 6893 1365 1386 6894 1363 1384 6895 1367 1388 6896 1367 1388 6897 1363 1384 6898 1364 1385 6899 988 1009 6900 1366 1387 6901 996 1017 6902 1365 1386 6903 1368 1389 6904 1366 1387 6905 1365 1386 6906 1369 1390 6907 1368 1389 6908 1367 1388 6909 1369 1390 6910 1365 1386 6911 1235 1256 6912 1241 1262 6913 1233 1254 6914 1370 1391 6915 1234 1255 6916 1241 1262 6917 1235 1256 6918 1236 1257 6919 1371 1392 6920 1371 1392 6921 1372 1393 6922 1235 1256 6923 1372 1393 6924 1241 1262 6925 1235 1256 6926 1236 1257 6927 1237 1258 6928 1373 1394 6929 1236 1257 6930 1373 1394 6931 1371 1392 6932 1374 1395 6933 1373 1394 6934 1237 1258 6935 1374 1395 6936 1237 1258 6937 1238 1259 6938 1238 1259 6939 1375 1396 6940 1374 1395 6941 1238 1259 6942 1239 1260 6943 1375 1396 6944 1239 1260 6945 1376 1397 6946 1375 1396 6947 1376 1397 6948 1239 1260 6949 1240 1261 6950 1371 1392 6951 1373 1394 6952 1377 1398 6953 1371 1392 6954 1377 1398 6955 1378 1399 6956 1378 1399 6957 1372 1393 6958 1371 1392 6959 1373 1394 6960 1379 1400 6961 1377 1398 6962 1379 1400 6963 1373 1394 6964 1374 1395 6965 1374 1395 6966 1375 1396 6967 1380 1401 6968 1374 1395 6969 1380 1401 6970 1379 1400 6971 1381 1402 6972 1380 1401 6973 1375 1396 6974 1375 1396 6975 1376 1397 6976 1381 1402 6977 1382 1403 6978 1370 1391 6979 1241 1262 6980 1383 1404 6981 1370 1391 6982 1382 1403 6983 1378 1399 6984 1377 1398 6985 1384 1405 6986 1377 1398 6987 1379 1400 6988 1385 1406 6989 1377 1398 6990 1385 1406 6991 1384 1405 6992 1379 1400 6993 1386 1407 6994 1385 1406 6995 1379 1400 6996 1380 1401 6997 1386 1407 6998 1387 1408 6999 1386 1407 7000 1380 1401 7001 1387 1408 7002 1380 1401 7003 1381 1402 7004 1387 1408 7005 1381 1402 7006 1388 1409 7007 1376 1397 7008 1389 1410 7009 1381 1402 7010 1388 1409 7011 1381 1402 7012 1389 1410 7013 1385 1406 7014 1386 1407 7015 1390 1411 7016 1385 1406 7017 1390 1411 7018 1391 1412 7019 1384 1405 7020 1385 1406 7021 1391 1412 7022 1392 1413 7023 1386 1407 7024 1387 1408 7025 1392 1413 7026 1390 1411 7027 1386 1407 7028 1392 1413 7029 1387 1408 7030 1393 1414 7031 1393 1414 7032 1387 1408 7033 1388 1409 7034 1392 1413 7035 1393 1414 7036 1394 1415 7037 1394 1415 7038 1390 1411 7039 1392 1413 7040 1391 1412 7041 1390 1411 7042 1395 1416 7043 1394 1415 7044 1395 1416 7045 1390 1411 7046 1388 1409 7047 1389 1410 7048 1396 1417 7049 1397 1418 7050 1388 1409 7051 1396 1417 7052 1393 1414 7053 1388 1409 7054 1397 1418 7055 1394 1415 7056 1393 1414 7057 1398 1419 7058 1399 1420 7059 1393 1414 7060 1397 1418 7061 1398 1419 7062 1393 1414 7063 1399 1420 7064 1398 1419 7065 1400 1421 7066 1394 1415 7067 1400 1421 7068 1395 1416 7069 1394 1415 7070 1399 1420 7071 1397 1418 7072 1401 1422 7073 1397 1418 7074 1396 1417 7075 1402 1423 7076 1401 1422 7077 1397 1418 7078 1402 1423 7079 1403 1424 7080 1398 1419 7081 1399 1420 7082 1404 1425 7083 1398 1419 7084 1403 1424 7085 1404 1425 7086 1400 1421 7087 1398 1419 7088 1403 1424 7089 1399 1420 7090 1405 1426 7091 1405 1426 7092 1399 1420 7093 1401 1422 7094 1401 1422 7095 1402 1423 7096 1406 1427 7097 1401 1422 7098 1407 1428 7099 1405 1426 7100 1406 1427 7101 1407 1428 7102 1401 1422 7103 1406 1427 7104 1402 1423 7105 1408 1429 7106 1402 1423 7107 1409 1430 7108 1408 1429 7109 1402 1423 7110 1396 1417 7111 1409 1430 7112 1407 1428 7113 1406 1427 7114 1410 1431 7115 1406 1427 7116 1408 1429 7117 1411 1432 7118 1410 1431 7119 1406 1427 7120 1411 1432 7121 1405 1426 7122 1412 1433 7123 1403 1424 7124 1403 1424 7125 1412 1433 7126 1413 1434 7127 1414 1435 7128 1403 1424 7129 1413 1434 7130 1403 1424 7131 1414 1435 7132 1404 1425 7133 1411 1432 7134 1408 1429 7135 1415 1436 7136 1408 1429 7137 1409 1430 7138 1416 1437 7139 1408 1429 7140 1416 1437 7141 1415 1436 7142 1415 1436 7143 1417 1438 7144 1411 1432 7145 1418 1439 7146 1411 1432 7147 1417 1438 7148 1410 1431 7149 1411 1432 7150 1418 1439 7151 1419 1440 7152 1412 1433 7153 1405 1426 7154 1410 1431 7155 1420 1441 7156 1407 1428 7157 1421 1442 7158 1420 1441 7159 1410 1431 7160 1418 1439 7161 1422 1443 7162 1410 1431 7163 1410 1431 7164 1422 1443 7165 1421 1442 7166 1415 1436 7167 1416 1437 7168 1423 1444 7169 1415 1436 7170 1423 1444 7171 1424 1445 7172 1424 1445 7173 1417 1438 7174 1415 1436 7175 1417 1438 7176 1424 1445 7177 1425 1446 7178 1417 1438 7179 1426 1447 7180 1418 1439 7181 1425 1446 7182 1426 1447 7183 1417 1438 7184 1422 1443 7185 1418 1439 7186 1427 1448 7187 1426 1447 7188 1428 1449 7189 1418 1439 7190 1427 1448 7191 1418 1439 7192 1428 1449 7193 1424 1445 7194 1423 1444 7195 1429 1450 7196 1429 1450 7197 1430 1451 7198 1424 1445 7199 1425 1446 7200 1424 1445 7201 1431 1452 7202 1424 1445 7203 1430 1451 7204 1431 1452 7205 1426 1447 7206 1425 1446 7207 1432 1453 7208 1431 1452 7209 1433 1454 7210 1425 1446 7211 1432 1453 7212 1425 1446 7213 1433 1454 7214 1434 1455 7215 1426 1447 7216 1432 1453 7217 1435 1456 7218 1426 1447 7219 1434 1455 7220 1435 1456 7221 1428 1449 7222 1426 1447 7223 1431 1452 7224 1430 1451 7225 1436 1457 7226 1436 1457 7227 1433 1454 7228 1431 1452 7229 1437 1458 7230 1429 1450 7231 1423 1444 7232 1438 1459 7233 1429 1450 7234 1437 1458 7235 1438 1459 7236 1439 1460 7237 1429 1450 7238 1429 1450 7239 1439 1460 7240 1430 1451 7241 1440 1461 7242 1430 1451 7243 1439 1460 7244 1441 1462 7245 1430 1451 7246 1440 1461 7247 1436 1457 7248 1430 1451 7249 1441 1462 7250 1437 1458 7251 1442 1463 7252 1438 1459 7253 1443 1464 7254 1439 1460 7255 1438 1459 7256 1438 1459 7257 1442 1463 7258 1443 1464 7259 1444 1465 7260 1439 1460 7261 1443 1464 7262 1439 1460 7263 1445 1466 7264 1440 1461 7265 1444 1465 7266 1445 1466 7267 1439 1460 7268 1443 1464 7269 1446 1467 7270 1444 1465 7271 1443 1464 7272 1447 1468 7273 1446 1467 7274 1442 1463 7275 1447 1468 7276 1443 1464 7277 1442 1463 7278 1437 1458 7279 1448 1469 7280 1442 1463 7281 1449 1470 7282 1447 1468 7283 1448 1469 7284 1449 1470 7285 1442 1463 7286 1447 1468 7287 1449 1470 7288 1450 1471 7289 1447 1468 7290 1450 1471 7291 1446 1467 7292 1444 1465 7293 1446 1467 7294 1451 1472 7295 1452 1473 7296 1444 1465 7297 1451 1472 7298 1445 1466 7299 1444 1465 7300 1452 1473 7301 1446 1467 7302 1453 1474 7303 1451 1472 7304 1446 1467 7305 1450 1471 7306 1453 1474 7307 1450 1471 7308 1449 1470 7309 1454 1475 7310 1449 1470 7311 1448 1469 7312 1455 1476 7313 1456 1477 7314 1449 1470 7315 1455 1476 7316 1454 1475 7317 1449 1470 7318 1456 1477 7319 1451 1472 7320 1453 1474 7321 1457 1478 7322 1458 1479 7323 1451 1472 7324 1457 1478 7325 1452 1473 7326 1451 1472 7327 1458 1479 7328 1456 1477 7329 1455 1476 7330 1459 1480 7331 1455 1476 7332 1448 1469 7333 1460 1481 7334 1459 1480 7335 1455 1476 7336 1461 1482 7337 1455 1476 7338 1460 1481 7339 1461 1482 7340 1457 1478 7341 1453 1474 7342 1462 1483 7343 1463 1484 7344 1462 1483 7345 1453 1474 7346 1464 1485 7347 1457 1478 7348 1462 1483 7349 1459 1480 7350 1461 1482 7351 1465 1486 7352 1461 1482 7353 1460 1481 7354 1466 1487 7355 1461 1482 7356 1466 1487 7357 1467 1488 7358 1465 1486 7359 1461 1482 7360 1467 1488 7361 1468 1489 7362 1462 1483 7363 1463 1484 7364 1462 1483 7365 1469 1490 7366 1464 1485 7367 1465 1486 7368 1467 1488 7369 1470 1491 7370 1467 1488 7371 1466 1487 7372 1471 1492 7373 1470 1491 7374 1467 1488 7375 1240 1261 7376 1467 1488 7377 1471 1492 7378 1240 1261 7379 1468 1489 7380 1472 1493 7381 1462 1483 7382 1462 1483 7383 1473 1494 7384 1469 1490 7385 1240 1261 7386 1227 1248 7387 1470 1491 7388 1240 1261 7389 1471 1492 7390 1376 1397 7391 1466 1487 7392 1474 1495 7393 1471 1492 7394 1471 1492 7395 1389 1410 7396 1376 1397 7397 1471 1492 7398 1474 1495 7399 1389 1410 7400 1396 1417 7401 1389 1410 7402 1474 1495 7403 1396 1417 7404 1474 1495 7405 1409 1430 7406 1409 1430 7407 1474 1495 7408 1475 1496 7409 1466 1487 7410 1475 1496 7411 1474 1495 7412 1475 1496 7413 1416 1437 7414 1409 1430 7415 1476 1497 7416 1416 1437 7417 1475 1496 7418 1460 1481 7419 1475 1496 7420 1466 1487 7421 1460 1481 7422 1476 1497 7423 1475 1496 7424 1476 1497 7425 1423 1444 7426 1416 1437 7427 1448 1469 7428 1476 1497 7429 1460 1481 7430 1448 1469 7431 1437 1458 7432 1476 1497 7433 1437 1458 7434 1423 1444 7435 1476 1497 7436 1420 1441 7437 1477 1498 7438 1407 1428 7439 1407 1428 7440 1477 1498 7441 1478 1499 7442 1407 1428 7443 1478 1499 7444 1405 1426 7445 1405 1426 7446 1478 1499 7447 1479 1500 7448 1479 1500 7449 1480 1501 7450 1405 1426 7451 1419 1440 7452 1405 1426 7453 1480 1501 7454 1404 1425 7455 1414 1435 7456 1481 1502 7457 1481 1502 7458 1482 1503 7459 1404 1425 7460 1404 1425 7461 1482 1503 7462 1400 1421 7463 1483 1504 7464 1400 1421 7465 1482 1503 7466 1484 1505 7467 1400 1421 7468 1483 1504 7469 1484 1505 7470 1485 1506 7471 1400 1421 7472 1400 1421 7473 1485 1506 7474 1395 1416 7475 1485 1506 7476 1486 1507 7477 1395 1416 7478 1395 1416 7479 1486 1507 7480 1487 1508 7481 1487 1508 7482 1488 1509 7483 1395 1416 7484 1488 1509 7485 1489 1510 7486 1395 1416 7487 1395 1416 7488 1489 1510 7489 1391 1412 7490 1490 1511 7491 1391 1412 7492 1489 1510 7493 1491 1512 7494 1391 1412 7495 1490 1511 7496 1491 1512 7497 1492 1513 7498 1391 1412 7499 1391 1412 7500 1492 1513 7501 1384 1405 7502 1492 1513 7503 1493 1514 7504 1384 1405 7505 1384 1405 7506 1493 1514 7507 1494 1515 7508 1494 1515 7509 1495 1516 7510 1384 1405 7511 1384 1405 7512 1495 1516 7513 1496 1517 7514 1384 1405 7515 1496 1517 7516 1378 1399 7517 1378 1399 7518 1496 1517 7519 1497 1518 7520 1378 1399 7521 1497 1518 7522 1372 1393 7523 1372 1393 7524 1497 1518 7525 1498 1519 7526 1498 1519 7527 1499 1520 7528 1372 1393 7529 1372 1393 7530 1499 1520 7531 1241 1262 7532 1500 1521 7533 1241 1262 7534 1499 1520 7535 1382 1403 7536 1241 1262 7537 1500 1521 7538 1501 1522 7539 1473 1494 7540 1462 1483 7541 1462 1483 7542 1502 1523 7543 1501 1522 7544 1502 1523 7545 1462 1483 7546 1503 1524 7547 1462 1483 7548 1504 1525 7549 1503 1524 7550 1504 1525 7551 1462 1483 7552 1505 1526 7553 1462 1483 7554 1506 1527 7555 1505 1526 7556 1506 1527 7557 1462 1483 7558 1507 1528 7559 1472 1493 7560 1507 1528 7561 1462 1483 7562 1508 1529 7563 1509 1530 7564 1510 1531 7565 1510 1531 7566 1509 1530 7567 1511 1532 7568 1509 1530 7569 1512 1533 7570 1511 1532 7571 1511 1532 7572 1513 1534 7573 1510 1531 7574 1514 1535 7575 1513 1534 7576 1511 1532 7577 1511 1532 7578 1515 1536 7579 1514 1535 7580 1511 1532 7581 1512 1533 7582 1515 1536 7583 1514 1535 7584 1516 1537 7585 1513 1534 7586 1517 1538 7587 1516 1537 7588 1514 1535 7589 1514 1535 7590 1515 1536 7591 1518 1539 7592 1514 1535 7593 1518 1539 7594 1517 1538 7595 1515 1536 7596 1519 1540 7597 1518 1539 7598 1520 1541 7599 1519 1540 7600 1515 1536 7601 1512 1533 7602 1520 1541 7603 1515 1536 7604 1521 1542 7605 1520 1541 7606 1512 1533 7607 1519 1540 7608 1522 1543 7609 1518 1539 7610 1517 1538 7611 1518 1539 7612 1522 1543 7613 1516 1537 7614 1517 1538 7615 1523 1544 7616 1522 1543 7617 1524 1545 7618 1517 1538 7619 1523 1544 7620 1517 1538 7621 1524 1545 7622 1525 1546 7623 1520 1541 7624 1521 1542 7625 1526 1547 7626 1520 1541 7627 1525 1546 7628 1520 1541 7629 1526 1547 7630 1519 1540 7631 1519 1540 7632 1526 1547 7633 1527 1548 7634 1528 1549 7635 1522 1543 7636 1519 1540 7637 1527 1548 7638 1528 1549 7639 1519 1540 7640 1529 1550 7641 1524 1545 7642 1522 1543 7643 1528 1549 7644 1529 1550 7645 1522 1543 7646 1523 1544 7647 1524 1545 7648 1530 1551 7649 1524 1545 7650 1529 1550 7651 1531 1552 7652 1530 1551 7653 1524 1545 7654 1531 1552 7655 1532 1553 7656 1526 1547 7657 1525 1546 7658 1526 1547 7659 1533 1554 7660 1527 1548 7661 1533 1554 7662 1526 1547 7663 1532 1553 7664 1534 1555 7665 1528 1549 7666 1527 1548 7667 1527 1548 7668 1533 1554 7669 1535 1556 7670 1535 1556 7671 1534 1555 7672 1527 1548 7673 1536 1557 7674 1529 1550 7675 1528 1549 7676 1534 1555 7677 1536 1557 7678 1528 1549 7679 1366 1387 7680 1368 1389 7681 1537 1558 7682 996 1017 7683 1366 1387 7684 1537 1558 7685 1003 1024 7686 996 1017 7687 1537 1558 7688 1368 1389 7689 1538 1559 7690 1537 1558 7691 1537 1558 7692 1538 1559 7693 1003 1024 7694 1369 1390 7695 1539 1560 7696 1368 1389 7697 1368 1389 7698 1539 1560 7699 1538 1559 7700 1538 1559 7701 1012 1033 7702 1003 1024 7703 1539 1560 7704 1012 1033 7705 1538 1559 7706 1023 1044 7707 1012 1033 7708 1539 1560 7709 1037 1058 7710 1047 1068 7711 1320 1341 7712 1320 1341 7713 1028 1049 7714 1037 1058 7715 1320 1341 7716 1322 1343 7717 1028 1049 7718 344 345 7719 350 351 7720 398 399 7721 1540 1561 7722 344 345 7723 398 399 7724 336 337 7725 344 345 7726 1540 1561 7727 1540 1561 7728 398 399 7729 1541 1562 7730 1541 1562 7731 398 399 7732 397 398 7733 1542 1563 7734 1540 1561 7735 1541 1562 7736 1543 1564 7737 1540 1561 7738 1542 1563 7739 1543 1564 7740 336 337 7741 1540 1561 7742 150 150 7743 336 337 7744 1543 1564 7745 1541 1562 7746 397 398 7747 1544 1565 7748 1545 1566 7749 1541 1562 7750 1544 1565 7751 1542 1563 7752 1541 1562 7753 1545 1566 7754 1546 1567 7755 1543 1564 7756 1542 1563 7757 1547 1568 7758 1542 1563 7759 1545 1566 7760 1546 1567 7761 1542 1563 7762 1547 1568 7763 1548 1569 7764 1543 1564 7765 1546 1567 7766 1548 1569 7767 150 150 7768 1543 1564 7769 144 144 7770 150 150 7771 1548 1569 7772 1549 1570 7773 1545 1566 7774 1544 1565 7775 1550 1571 7776 1545 1566 7777 1549 1570 7778 1550 1571 7779 1547 1568 7780 1545 1566 7781 1549 1570 7782 1544 1565 7783 1551 1572 7784 1544 1565 7785 397 398 7786 1552 1573 7787 1551 1572 7788 1544 1565 7789 1552 1573 7790 1546 1567 7791 1553 1574 7792 1548 1569 7793 1546 1567 7794 1554 1575 7795 1553 1574 7796 1547 1568 7797 1554 1575 7798 1546 1567 7799 1555 1576 7800 1554 1575 7801 1547 1568 7802 1555 1576 7803 1547 1568 7804 1550 1571 7805 1548 1569 7806 1553 1574 7807 1556 1577 7808 1556 1577 7809 144 144 7810 1548 1569 7811 1553 1574 7812 1557 1578 7813 1556 1577 7814 1554 1575 7815 1557 1578 7816 1553 1574 7817 137 137 7818 144 144 7819 1556 1577 7820 1551 1572 7821 1558 1579 7822 1549 1570 7823 1549 1570 7824 1559 1580 7825 1550 1571 7826 1549 1570 7827 1558 1579 7828 1559 1580 7829 1550 1571 7830 1559 1580 7831 1560 1581 7832 1550 1571 7833 1560 1581 7834 1555 1576 7835 1551 1572 7836 1561 1582 7837 1558 1579 7838 1562 1583 7839 1561 1582 7840 1551 1572 7841 1551 1572 7842 1552 1573 7843 1562 1583 7844 1556 1577 7845 1557 1578 7846 1563 1584 7847 1563 1584 7848 137 137 7849 1556 1577 7850 1564 1585 7851 1554 1575 7852 1555 1576 7853 1554 1575 7854 1564 1585 7855 1565 1586 7856 1565 1586 7857 1557 1578 7858 1554 1575 7859 1566 1587 7860 1564 1585 7861 1555 1576 7862 1555 1576 7863 1560 1581 7864 1566 1587 7865 1557 1578 7866 1567 1588 7867 1563 1584 7868 1557 1578 7869 1565 1586 7870 1567 1588 7871 1568 1589 7872 1559 1580 7873 1558 1579 7874 1569 1590 7875 1558 1579 7876 1561 1582 7877 1568 1589 7878 1558 1579 7879 1569 1590 7880 1570 1591 7881 1560 1581 7882 1559 1580 7883 1570 1591 7884 1559 1580 7885 1568 1589 7886 1571 1592 7887 1560 1581 7888 1570 1591 7889 1560 1581 7890 1571 1592 7891 1566 1587 7892 1562 1583 7893 1572 1593 7894 1561 1582 7895 1561 1582 7896 1573 1594 7897 1569 1590 7898 1572 1593 7899 1573 1594 7900 1561 1582 7901 1565 1586 7902 1564 1585 7903 1574 1595 7904 1564 1585 7905 1575 1596 7906 1574 1595 7907 1575 1596 7908 1564 1585 7909 1566 1587 7910 1574 1595 7911 1576 1597 7912 1565 1586 7913 1567 1588 7914 1565 1586 7915 1576 1597 7916 1577 1598 7917 1575 1596 7918 1566 1587 7919 1566 1587 7920 1571 1592 7921 1577 1598 7922 1570 1591 7923 1578 1599 7924 1571 1592 7925 1571 1592 7926 1579 1600 7927 1577 1598 7928 1578 1599 7929 1579 1600 7930 1571 1592 7931 1580 1601 7932 1578 1599 7933 1570 1591 7934 1580 1601 7935 1568 1602 7936 1581 1603 7937 1582 1604 7938 1581 1603 7939 1569 1605 7940 1583 1606 7941 1576 1597 7942 1574 1595 7943 1584 1607 7944 1583 1606 7945 1574 1595 7946 1574 1595 7947 1575 1596 7948 1584 1607 7949 1585 1608 7950 1575 1596 7951 1577 1598 7952 1575 1596 7953 1585 1608 7954 1584 1607 7955 1579 1600 7956 1586 1609 7957 1577 1598 7958 1577 1598 7959 1586 1609 7960 1585 1608 7961 1578 1599 7962 1580 1601 7963 1587 1610 7964 1588 1611 7965 1578 1599 7966 1587 1610 7967 1579 1600 7968 1578 1599 7969 1588 1611 7970 1586 1609 7971 1579 1600 7972 1589 1612 7973 1589 1612 7974 1579 1600 7975 1588 1611 7976 1587 1610 7977 1580 1601 7978 1590 1613 7979 1581 1603 7980 1590 1613 7981 1580 1601 7982 1591 1614 7983 1590 1613 7984 1581 1603 7985 1581 1603 7986 1582 1604 7987 1591 1614 7988 1592 1615 7989 1583 1606 7990 1584 1607 7991 1584 1607 7992 1585 1608 7993 1592 1615 7994 1592 1615 7995 1585 1608 7996 1593 1616 7997 1593 1616 7998 1585 1608 7999 1586 1609 8000 1593 1616 8001 1586 1609 8002 1594 1617 8003 1594 1617 8004 1586 1609 8005 1589 1612 8006 1594 1617 8007 1583 1606 8008 1593 1616 8009 1593 1616 8010 1583 1606 8011 1592 1615 8012 1583 1606 8013 1594 1617 8014 1576 1597 8015 1587 1610 8016 1590 1613 8017 1595 1618 8018 1596 1619 8019 1587 1610 8020 1595 1618 8021 1588 1611 8022 1587 1610 8023 1596 1619 8024 1589 1612 8025 1588 1611 8026 1597 1620 8027 1597 1620 8028 1588 1611 8029 1596 1619 8030 1597 1620 8031 1598 1621 8032 1589 1612 8033 1589 1612 8034 1598 1621 8035 1594 1617 8036 1576 1597 8037 1594 1617 8038 1598 1621 8039 1590 1613 8040 1591 1614 8041 1599 1622 8042 1595 1618 8043 1590 1613 8044 1599 1622 8045 1576 1597 8046 1598 1621 8047 1567 1588 8048 1567 1588 8049 1598 1621 8050 1600 1623 8051 1598 1621 8052 1597 1620 8053 1600 1623 8054 1597 1620 8055 1596 1619 8056 1601 1624 8057 1600 1623 8058 1597 1620 8059 1601 1624 8060 1596 1619 8061 1595 1618 8062 1602 1625 8063 1601 1624 8064 1596 1619 8065 1602 1625 8066 1595 1618 8067 1599 1622 8068 1603 1626 8069 1602 1625 8070 1595 1618 8071 1603 1626 8072 1567 1588 8073 1600 1623 8074 1604 1627 8075 1601 1624 8076 1605 1628 8077 1600 1623 8078 1604 1627 8079 1600 1623 8080 1605 1628 8081 1601 1624 8082 1602 1625 8083 1606 1629 8084 1606 1629 8085 1605 1628 8086 1601 1624 8087 1602 1625 8088 1603 1626 8089 1607 1630 8090 1606 1629 8091 1602 1625 8092 1607 1630 8093 1563 1584 8094 1567 1588 8095 1604 1627 8096 1603 1626 8097 1599 1622 8098 1608 1631 8099 1603 1626 8100 1608 1631 8101 1609 1632 8102 1607 1630 8103 1603 1626 8104 1609 1632 8105 1563 1584 8106 1604 1627 8107 1610 1633 8108 1604 1627 8109 1605 1628 8110 1611 1634 8111 1610 1633 8112 1604 1627 8113 1611 1634 8114 1611 1634 8115 1605 1628 8116 1612 1635 8117 1605 1628 8118 1606 1629 8119 1612 1635 8120 1607 1630 8121 1613 1636 8122 1606 1629 8123 1612 1635 8124 1606 1629 8125 1613 1636 8126 1609 1632 8127 1614 1637 8128 1607 1630 8129 1614 1637 8130 1613 1636 8131 1607 1630 8132 1610 1633 8133 137 137 8134 1563 1584 8135 1610 1633 8136 127 127 8137 137 137 8138 1610 1633 8139 1611 1634 8140 127 127 8141 1614 1637 8142 1615 1638 8143 1613 1636 8144 1613 1636 8145 1615 1638 8146 1612 1635 8147 1612 1635 8148 1616 1639 8149 1611 1634 8150 1612 1635 8151 1615 1638 8152 1616 1639 8153 127 127 8154 1611 1634 8155 133 133 8156 1611 1634 8157 1616 1639 8158 133 133 8159 1609 1632 8160 1608 1631 8161 1617 1640 8162 1618 1641 8163 1614 1637 8164 1609 1632 8165 1617 1640 8166 1618 1641 8167 1609 1632 8168 1618 1641 8169 1619 1642 8170 1614 1637 8171 1619 1642 8172 1615 1638 8173 1614 1637 8174 132 132 8175 133 133 8176 1616 1639 8177 1616 1639 8178 1615 1638 8179 132 132 8180 1619 1642 8181 1620 1643 8182 1615 1638 8183 132 132 8184 1615 1638 8185 1620 1643 8186 1621 1644 8187 1618 1641 8188 1617 1640 8189 1621 1644 8190 1622 1645 8191 1618 1641 8192 1622 1645 8193 1619 1642 8194 1618 1641 8195 1623 1646 8196 1619 1642 8197 1622 1645 8198 1624 1647 8199 1619 1642 8200 1623 1646 8201 1624 1647 8202 1620 1643 8203 1619 1642 8204 1620 1643 8205 1625 1648 8206 132 132 8207 1620 1643 8208 1624 1647 8209 1625 1648 8210 132 132 8211 1625 1648 8212 124 124 8213 1623 1646 8214 1622 1645 8215 1626 1649 8216 1627 1650 8217 1622 1645 8218 1621 1644 8219 1626 1649 8220 1622 1645 8221 1627 1650 8222 1621 1644 8223 1628 1651 8224 1627 1650 8225 1629 1652 8226 1621 1644 8227 1617 1640 8228 1628 1651 8229 1621 1644 8230 1629 1652 8231 1626 1649 8232 1630 1653 8233 1623 1646 8234 1623 1646 8235 1631 1654 8236 1624 1647 8237 1623 1646 8238 1630 1653 8239 1631 1654 8240 1624 1647 8241 1631 1654 8242 1632 1655 8243 1625 1648 8244 1624 1647 8245 1632 1655 8246 1633 1656 8247 1630 1653 8248 1626 1649 8249 1626 1649 8250 1627 1650 8251 1633 1656 8252 1627 1650 8253 1628 1651 8254 1634 1657 8255 1633 1656 8256 1627 1650 8257 1634 1657 8258 124 124 8259 1625 1648 8260 116 116 8261 1635 1658 8262 1625 1648 8263 1632 1655 8264 1636 1659 8265 1625 1648 8266 1635 1658 8267 116 116 8268 1625 1648 8269 1636 1659 8270 1628 1651 8271 1637 1660 8272 1634 1657 8273 1628 1651 8274 1638 1661 8275 1637 1660 8276 1629 1652 8277 1638 1661 8278 1628 1651 8279 1634 1657 8280 1637 1660 8281 1639 1662 8282 1639 1662 8283 1633 1656 8284 1634 1657 8285 1635 1658 8286 1632 1655 8287 1640 1663 8288 1632 1655 8289 1631 1654 8290 1641 1664 8291 1640 1663 8292 1632 1655 8293 1641 1664 8294 1630 1653 8295 1642 1665 8296 1631 1654 8297 1642 1665 8298 1643 1666 8299 1631 1654 8300 1641 1664 8301 1631 1654 8302 1643 1666 8303 1644 1667 8304 1636 1659 8305 1635 1658 8306 1635 1658 8307 1645 1668 8308 1644 1667 8309 1640 1663 8310 1645 1668 8311 1635 1658 8312 1646 1669 8313 1636 1659 8314 1644 1667 8315 1646 1669 8316 1647 1670 8317 1636 1659 8318 1636 1659 8319 1647 1670 8320 116 116 8321 1638 1661 8322 1648 1671 8323 1637 1660 8324 1637 1660 8325 1649 1672 8326 1639 1662 8327 1637 1660 8328 1648 1671 8329 1649 1672 8330 1650 1673 8331 1641 1664 8332 1643 1666 8333 1643 1666 8334 1651 1674 8335 1650 1673 8336 1651 1674 8337 1643 1666 8338 1642 1665 8339 1652 1675 8340 1641 1664 8341 1650 1673 8342 1653 1676 8343 1641 1664 8344 1652 1675 8345 1640 1663 8346 1641 1664 8347 1653 1676 8348 1654 1677 8349 1646 1669 8350 1644 1667 8351 1644 1667 8352 1645 1668 8353 1655 1678 8354 1655 1678 8355 1654 1677 8356 1644 1667 8357 1656 1679 8358 1646 1669 8359 1654 1677 8360 1657 1680 8361 1647 1670 8362 1646 1669 8363 1646 1669 8364 1656 1679 8365 1657 1680 8366 1658 1681 8367 1653 1676 8368 1652 1675 8369 1652 1675 8370 1650 1673 8371 1658 1681 8372 1658 1681 8373 1650 1673 8374 1659 1682 8375 1650 1673 8376 1651 1674 8377 1659 1682 8378 1660 1683 8379 1656 1679 8380 1654 1677 8381 1661 1684 8382 1660 1683 8383 1654 1677 8384 1661 1684 8385 1654 1677 8386 1655 1678 8387 1662 1685 8388 1658 1681 8389 1659 1682 8390 1659 1682 8391 1651 1674 8392 1662 1685 8393 1662 1685 8394 1651 1674 8395 1663 1686 8396 1642 1665 8397 1663 1686 8398 1651 1674 8399 1664 1687 8400 1653 1676 8401 1658 1681 8402 1664 1687 8403 1640 1663 8404 1653 1676 8405 1664 1687 8406 1658 1681 8407 1665 1688 8408 1666 1689 8409 1658 1681 8410 1662 1685 8411 1665 1688 8412 1658 1681 8413 1666 1689 8414 1663 1686 8415 1667 1690 8416 1662 1685 8417 1662 1685 8418 1667 1690 8419 1666 1689 8420 1666 1689 8421 1667 1690 8422 1665 1688 8423 1668 1691 8424 1640 1663 8425 1664 1687 8426 1665 1688 8427 1668 1691 8428 1664 1687 8429 1669 1692 8430 1668 1691 8431 1665 1688 8432 1665 1688 8433 1667 1690 8434 1669 1692 8435 1670 1693 8436 1663 1686 8437 1642 1665 8438 1671 1694 8439 1663 1686 8440 1670 1693 8441 1667 1690 8442 1663 1686 8443 1671 1694 8444 1671 1694 8445 1669 1692 8446 1667 1690 8447 1529 1550 8448 1536 1557 8449 1672 1695 8450 1531 1552 8451 1529 1550 8452 1672 1695 8453 1530 1551 8454 1531 1552 8455 1673 1696 8456 1531 1552 8457 1672 1695 8458 1674 1697 8459 1673 1696 8460 1531 1552 8461 1674 1697 8462 1675 1698 8463 1533 1554 8464 1532 1553 8465 1676 1699 8466 1533 1554 8467 1675 1698 8468 1676 1699 8469 1535 1556 8470 1533 1554 8471 1677 1700 8472 1534 1555 8473 1535 1556 8474 1534 1555 8475 1677 1700 8476 1678 1701 8477 1678 1701 8478 1536 1557 8479 1534 1555 8480 1672 1695 8481 1536 1557 8482 1679 1702 8483 1678 1701 8484 1679 1702 8485 1536 1557 8486 1679 1702 8487 1680 1703 8488 1672 1695 8489 1674 1697 8490 1672 1695 8491 1680 1703 8492 1535 1556 8493 1681 1704 8494 1677 1700 8495 1682 1705 8496 1681 1704 8497 1535 1556 8498 1682 1705 8499 1535 1556 8500 1676 1699 8501 1673 1696 8502 1674 1697 8503 1683 1706 8504 1683 1706 8505 1674 1697 8506 1684 1707 8507 1680 1703 8508 1684 1707 8509 1674 1697 8510 1681 1704 8511 1685 1708 8512 1677 1700 8513 1678 1701 8514 1677 1700 8515 1686 1709 8516 1677 1700 8517 1685 1708 8518 1686 1709 8519 1686 1709 8520 1687 1710 8521 1678 1701 8522 1687 1710 8523 1679 1702 8524 1678 1701 8525 1688 1711 8526 1680 1703 8527 1679 1702 8528 1679 1702 8529 1687 1710 8530 1688 1711 8531 1688 1711 8532 1689 1712 8533 1680 1703 8534 1689 1712 8535 1684 1707 8536 1680 1703 8537 1686 1709 8538 1685 1708 8539 1690 1713 8540 1690 1713 8541 1687 1710 8542 1686 1709 8543 1688 1711 8544 1687 1710 8545 1691 1714 8546 1690 1713 8547 1691 1714 8548 1687 1710 8549 1688 1711 8550 1691 1714 8551 1692 1715 8552 1692 1715 8553 1689 1712 8554 1688 1711 8555 1684 1707 8556 1689 1712 8557 1693 1716 8558 1694 1717 8559 1684 1707 8560 1693 1716 8561 1683 1706 8562 1684 1707 8563 1694 1717 8564 1689 1712 8565 1692 1715 8566 1695 1718 8567 1693 1716 8568 1689 1712 8569 1695 1718 8570 1690 1713 8571 1685 1708 8572 1696 1719 8573 1690 1713 8574 1696 1719 8575 1697 1720 8576 1697 1720 8577 1691 1714 8578 1690 1713 8579 1692 1715 8580 1691 1714 8581 1698 1721 8582 1697 1720 8583 1698 1721 8584 1691 1714 8585 1699 1722 8586 1692 1715 8587 1698 1721 8588 1700 1723 8589 1692 1715 8590 1699 1722 8591 1695 1718 8592 1692 1715 8593 1700 1723 8594 1693 1716 8595 1701 1724 8596 1694 1717 8597 1702 1725 8598 1701 1724 8599 1693 1716 8600 1693 1716 8601 1695 1718 8602 1702 1725 8603 1702 1725 8604 1695 1718 8605 1703 1726 8606 1695 1718 8607 1700 1723 8608 1703 1726 8609 1704 1727 8610 1699 1722 8611 1698 1721 8612 1704 1727 8613 1698 1721 8614 1697 1720 8615 1697 1720 8616 1696 1719 8617 1705 1728 8618 1697 1720 8619 1705 1728 8620 1704 1727 8621 1706 1729 8622 1700 1723 8623 1699 1722 8624 1707 1730 8625 1700 1723 8626 1706 1729 8627 1703 1726 8628 1700 1723 8629 1707 1730 8630 1708 1731 8631 1699 1722 8632 1704 1727 8633 1699 1722 8634 1709 1732 8635 1706 1729 8636 1708 1731 8637 1709 1732 8638 1699 1722 8639 1704 1727 8640 1705 1728 8641 1710 1733 8642 1704 1727 8643 1710 1733 8644 1708 1731 8645 1702 1725 8646 1703 1726 8647 1711 1734 8648 1712 1735 8649 1702 1725 8650 1711 1734 8651 1701 1724 8652 1702 1725 8653 1712 1735 8654 1713 1736 8655 1703 1726 8656 1707 1730 8657 1714 1737 8658 1703 1726 8659 1713 1736 8660 1711 1734 8661 1703 1726 8662 1714 1737 8663 1713 1736 8664 1707 1730 8665 1715 1738 8666 1715 1738 8667 1707 1730 8668 1706 1729 8669 1709 1732 8670 1716 1739 8671 1706 1729 8672 1706 1729 8673 1716 1739 8674 1715 1738 8675 1717 1740 8676 1709 1732 8677 1708 1731 8678 1708 1731 8679 1710 1733 8680 1717 1740 8681 1718 1741 8682 1709 1732 8683 1717 1740 8684 1718 1741 8685 1716 1739 8686 1709 1732 8687 1713 1736 8688 1719 1742 8689 1714 1737 8690 1720 1743 8691 1713 1736 8692 1715 1738 8693 1719 1742 8694 1713 1736 8695 1720 1743 8696 1714 1737 8697 1719 1742 8698 1721 1744 8699 1721 1744 8700 1711 1734 8701 1714 1737 8702 1716 1739 8703 1722 1745 8704 1715 1738 8705 1715 1738 8706 1722 1745 8707 1720 1743 8708 1723 1746 8709 1711 1734 8710 1721 1744 8711 1724 1747 8712 1711 1734 8713 1723 1746 8714 1712 1735 8715 1711 1734 8716 1724 1747 8717 1725 1748 8718 1722 1745 8719 1716 1739 8720 1725 1748 8721 1716 1739 8722 1718 1741 8723 1719 1742 8724 1726 1749 8725 1721 1744 8726 1719 1742 8727 1727 1750 8728 1726 1749 8729 1720 1743 8730 1727 1750 8731 1719 1742 8732 1720 1743 8733 1722 1745 8734 1728 1751 8735 1728 1751 8736 1727 1750 8737 1720 1743 8738 1721 1744 8739 1729 1752 8740 1723 1746 8741 1721 1744 8742 1726 1749 8743 1729 1752 8744 1723 1746 8745 1729 1752 8746 1730 1753 8747 1730 1753 8748 1724 1747 8749 1723 1746 8750 1731 1754 8751 1722 1745 8752 1725 1748 8753 1728 1751 8754 1722 1745 8755 1732 1755 8756 1733 1756 8757 1722 1745 8758 1731 1754 8759 1732 1755 8760 1722 1745 8761 1733 1756 8762 1734 1757 8763 1726 1749 8764 1727 1750 8765 1735 1758 8766 1726 1749 8767 1734 1757 8768 1735 1758 8769 1729 1752 8770 1726 1749 8771 1734 1757 8772 1727 1750 8773 1736 1759 8774 1737 1760 8775 1727 1750 8776 1728 1751 8777 1736 1759 8778 1727 1750 8779 1737 1760 8780 1738 1761 8781 1728 1751 8782 1732 1755 8783 1739 1762 8784 1728 1751 8785 1738 1761 8786 1739 1762 8787 1737 1760 8788 1728 1751 8789 1738 1761 8790 1732 1755 8791 1740 1763 8792 1740 1763 8793 1732 1755 8794 1733 1756 8795 1741 1764 8796 1729 1752 8797 1735 1758 8798 1742 1765 8799 1729 1752 8800 1741 1764 8801 1730 1753 8802 1729 1752 8803 1742 1765 8804 1731 1754 8805 1743 1766 8806 1733 1756 8807 1733 1756 8808 1744 1767 8809 1740 1763 8810 1733 1756 8811 1743 1766 8812 1744 1767 8813 1745 1768 8814 1739 1762 8815 1738 1761 8816 1740 1763 8817 1745 1768 8818 1738 1761 8819 1746 1769 8820 1737 1760 8821 1739 1762 8822 1746 1769 8823 1739 1762 8824 1745 1768 8825 1736 1759 8826 1737 1760 8827 1747 1770 8828 1747 1770 8829 1737 1760 8830 1746 1769 8831 1740 1763 8832 1744 1767 8833 1748 1771 8834 1748 1771 8835 1745 1768 8836 1740 1763 8837 1746 1769 8838 1745 1768 8839 1747 1770 8840 1748 1771 8841 1744 1767 8842 1749 1772 8843 1749 1772 8844 1745 1768 8845 1748 1771 8846 1749 1772 8847 1744 1767 8848 1750 1773 8849 1744 1767 8850 1743 1766 8851 1750 1773 8852 1747 1770 8853 1745 1768 8854 1751 1774 8855 1751 1774 8856 1745 1768 8857 1749 1772 8858 1750 1773 8859 1743 1766 8860 1752 1775 8861 1750 1773 8862 1753 1776 8863 1749 1772 8864 1749 1772 8865 1753 1776 8866 1751 1774 8867 1751 1774 8868 1753 1776 8869 1747 1770 8870 1752 1775 8871 1754 1777 8872 1750 1773 8873 1750 1773 8874 1754 1777 8875 1753 1776 8876 1747 1770 8877 1753 1776 8878 1736 1759 8879 1754 1777 8880 1755 1778 8881 1753 1776 8882 1753 1776 8883 1755 1778 8884 1736 1759 8885 1756 1779 8886 1754 1777 8887 1752 1775 8888 1757 1780 8889 1754 1777 8890 1756 1779 8891 1757 1780 8892 1755 1778 8893 1754 1777 8894 1736 1759 8895 1755 1778 8896 1734 1757 8897 1758 1781 8898 1734 1757 8899 1755 1778 8900 1758 1781 8901 1755 1778 8902 1757 1780 8903 1757 1780 8904 1756 1779 8905 1759 1782 8906 1759 1782 8907 1758 1781 8908 1757 1780 8909 1759 1782 8910 1756 1779 8911 1760 1783 8912 1761 1784 8913 1734 1757 8914 1758 1781 8915 1758 1781 8916 1762 1785 8917 1761 1784 8918 1762 1785 8919 1758 1781 8920 1759 1782 8921 1759 1782 8922 1760 1783 8923 1763 1786 8924 1759 1782 8925 1763 1786 8926 1762 1785 8927 1761 1784 8928 1735 1758 8929 1734 1757 8930 1763 1786 8931 1760 1783 8932 1764 1787 8933 1765 1788 8934 1735 1758 8935 1761 1784 8936 1766 1789 8937 1765 1788 8938 1761 1784 8939 1761 1784 8940 1762 1785 8941 1766 1789 8942 1762 1785 8943 1767 1790 8944 1766 1789 8945 1762 1785 8946 1763 1786 8947 1767 1790 8948 1763 1786 8949 1764 1787 8950 1768 1791 8951 1768 1791 8952 1767 1790 8953 1763 1786 8954 1768 1791 8955 1764 1787 8956 1769 1792 8957 1766 1789 8958 1767 1790 8959 1770 1793 8960 1770 1793 8961 1771 1794 8962 1766 1789 8963 1771 1794 8964 1765 1788 8965 1766 1789 8966 1767 1790 8967 1772 1795 8968 1770 1793 8969 1772 1795 8970 1767 1790 8971 1768 1791 8972 1773 1796 8973 1735 1758 8974 1765 1788 8975 1774 1797 8976 1765 1788 8977 1771 1794 8978 1773 1796 8979 1765 1788 8980 1774 1797 8981 1741 1764 8982 1735 1758 8983 1773 1796 8984 1769 1792 8985 1775 1798 8986 1768 1791 8987 1768 1791 8988 1776 1799 8989 1772 1795 8990 1777 1800 8991 1776 1799 8992 1768 1791 8993 1768 1791 8994 1775 1798 8995 1777 1800 8996 1770 1793 8997 1772 1795 8998 1778 1801 8999 1776 1799 9000 1778 1801 9001 1772 1795 9002 1770 1793 9003 1778 1801 9004 1779 1802 9005 1779 1802 9006 1771 1794 9007 1770 1793 9008 1771 1794 9009 1779 1802 9010 1780 1803 9011 1780 1803 9012 1774 1797 9013 1771 1794 9014 1741 1764 9015 1773 1796 9016 1742 1765 9017 1774 1797 9018 1781 1804 9019 1773 1796 9020 1742 1765 9021 1773 1796 9022 1781 1804 9023 1776 1799 9024 1777 1800 9025 1782 1805 9026 1783 1806 9027 1778 1801 9028 1776 1799 9029 1782 1805 9030 1783 1806 9031 1776 1799 9032 1783 1806 9033 1784 1807 9034 1778 1801 9035 1779 1802 9036 1778 1801 9037 1784 1807 9038 1780 1803 9039 1779 1802 9040 1785 1808 9041 1779 1802 9042 1784 1807 9043 1785 1808 9044 1775 1798 9045 1786 1809 9046 1777 1800 9047 33 33 9048 1786 1809 9049 1775 1798 9050 1782 1805 9051 1777 1800 9052 1787 1810 9053 1788 1811 9054 1777 1800 9055 1786 1809 9056 1787 1810 9057 1777 1800 9058 1788 1811 9059 1789 1812 9060 1783 1806 9061 1782 1805 9062 1782 1805 9063 1790 1813 9064 1789 1812 9065 1787 1810 9066 1790 1813 9067 1782 1805 9068 1788 1811 9069 1790 1813 9070 1787 1810 9071 1791 1814 9072 1784 1807 9073 1783 1806 9074 1789 1812 9075 1792 1815 9076 1783 1806 9077 1783 1806 9078 1792 1815 9079 1791 1814 9080 1785 1808 9081 1784 1807 9082 1793 1816 9083 1784 1807 9084 60 60 9085 1793 1816 9086 1791 1814 9087 60 60 9088 1784 1807 9089 1788 1811 9090 1786 1809 9091 1794 1817 9092 1794 1817 9093 1790 1813 9094 1788 1811 9095 1794 1817 9096 1786 1809 9097 34 34 9098 33 33 9099 34 34 9100 1786 1809 9101 1795 1818 9102 1792 1815 9103 1789 1812 9104 1789 1812 9105 1790 1813 9106 1795 1818 9107 1795 1818 9108 1790 1813 9109 1796 1819 9110 1797 1820 9111 1790 1813 9112 1794 1817 9113 1796 1819 9114 1790 1813 9115 1797 1820 9116 1794 1817 9117 34 34 9118 1797 1820 9119 1796 1819 9120 1792 1815 9121 1795 1818 9122 1791 1814 9123 1792 1815 9124 37 37 9125 38 38 9126 37 37 9127 1792 1815 9128 38 38 9129 1792 1815 9130 1796 1819 9131 37 37 9132 47 47 9133 1791 1814 9134 47 47 9135 60 60 9136 1791 1814 9137 1797 1820 9138 32 32 9139 1796 1819 9140 1796 1819 9141 32 32 9142 38 38 9143 1797 1820 9144 34 34 9145 32 32 9146 1793 1816 9147 60 60 9148 1798 1821 9149 1793 1816 9150 1798 1821 9151 1799 1822 9152 1799 1822 9153 1785 1808 9154 1793 1816 9155 1799 1822 9156 1798 1821 9157 1800 1823 9158 60 60 9159 1801 1824 9160 1798 1821 9161 1802 1825 9162 1798 1821 9163 1801 1824 9164 1800 1823 9165 1798 1821 9166 1802 1825 9167 1802 1825 9168 1803 1826 9169 1800 1823 9170 1800 1823 9171 1803 1826 9172 1799 1822 9173 1804 1827 9174 1785 1808 9175 1799 1822 9176 1799 1822 9177 1803 1826 9178 1804 1827 9179 1805 1828 9180 1785 1808 9181 1804 1827 9182 1804 1827 9183 1803 1826 9184 1805 1828 9185 1780 1803 9186 1785 1808 9187 1805 1828 9188 1806 1829 9189 1780 1803 9190 1805 1828 9191 1805 1828 9192 1803 1826 9193 1806 1829 9194 1801 1824 9195 1807 1830 9196 1802 1825 9197 1808 1831 9198 1803 1826 9199 1802 1825 9200 1802 1825 9201 1807 1830 9202 1808 1831 9203 1806 1829 9204 1803 1826 9205 1809 1832 9206 1809 1832 9207 1803 1826 9208 1808 1831 9209 1808 1831 9210 1807 1830 9211 1809 1832 9212 1809 1832 9213 1810 1833 9214 1806 1829 9215 1669 1692 9216 1645 1668 9217 1668 1691 9218 1668 1691 9219 1645 1668 9220 1640 1663 9221 1811 1834 9222 1669 1692 9223 1671 1694 9224 1811 1834 9225 1645 1668 9226 1669 1692 9227 1642 1665 9228 1812 1835 9229 1670 1693 9230 1812 1835 9231 1642 1665 9232 1630 1653 9233 1671 1694 9234 1813 1836 9235 1811 1834 9236 1814 1837 9237 1813 1836 9238 1671 1694 9239 1670 1693 9240 1814 1837 9241 1671 1694 9242 1815 1838 9243 1814 1837 9244 1670 1693 9245 1670 1693 9246 1816 1839 9247 1815 1838 9248 1670 1693 9249 1812 1835 9250 1816 1839 9251 1811 1834 9252 1655 1678 9253 1645 1668 9254 1817 1840 9255 1655 1678 9256 1811 1834 9257 1818 1841 9258 1811 1834 9259 1813 1836 9260 1817 1840 9261 1811 1834 9262 1818 1841 9263 1630 1653 9264 1819 1842 9265 1812 1835 9266 1812 1835 9267 1820 1843 9268 1816 1839 9269 1812 1835 9270 1819 1842 9271 1820 1843 9272 1819 1842 9273 1630 1653 9274 1633 1656 9275 1813 1836 9276 1821 1844 9277 1818 1841 9278 1822 1845 9279 1821 1844 9280 1813 1836 9281 1814 1837 9282 1822 1845 9283 1813 1836 9284 1823 1846 9285 1822 1845 9286 1814 1837 9287 1824 1847 9288 1814 1837 9289 1815 1838 9290 1823 1846 9291 1814 1837 9292 1824 1847 9293 1815 1838 9294 1816 1839 9295 1825 1848 9296 1815 1838 9297 1825 1848 9298 1826 1849 9299 1826 1849 9300 1824 1847 9301 1815 1838 9302 1816 1839 9303 1820 1843 9304 1827 1850 9305 1816 1839 9306 1827 1850 9307 1825 1848 9308 1655 1678 9309 1817 1840 9310 1661 1684 9311 1828 1851 9312 1817 1840 9313 1818 1841 9314 1818 1841 9315 1829 1852 9316 1828 1851 9317 1821 1844 9318 1829 1852 9319 1818 1841 9320 1823 1846 9321 1824 1847 9322 1830 1853 9323 1823 1846 9324 1830 1853 9325 1822 1845 9326 1831 1854 9327 1821 1844 9328 1822 1845 9329 1822 1845 9330 1830 1853 9331 1831 1854 9332 1832 1855 9333 1821 1844 9334 1831 1854 9335 1821 1844 9336 1833 1856 9337 1829 1852 9338 1832 1855 9339 1833 1856 9340 1821 1844 9341 1830 1853 9342 1824 1847 9343 1834 1857 9344 1835 1858 9345 1824 1847 9346 1826 1849 9347 1835 1858 9348 1834 1857 9349 1824 1847 9350 1826 1849 9351 1825 1848 9352 1836 1859 9353 1836 1859 9354 1835 1858 9355 1826 1849 9356 1825 1848 9357 1837 1860 9358 1836 1859 9359 1825 1848 9360 1827 1850 9361 1837 1860 9362 1838 1861 9363 1831 1854 9364 1830 1853 9365 1830 1853 9366 1839 1862 9367 1838 1861 9368 1834 1857 9369 1839 1862 9370 1830 1853 9371 1840 1863 9372 1831 1854 9373 1838 1861 9374 1831 1854 9375 1840 1863 9376 1832 1855 9377 1832 1855 9378 1841 1864 9379 1833 1856 9380 1842 1865 9381 1841 1864 9382 1832 1855 9383 1832 1855 9384 1840 1863 9385 1842 1865 9386 1843 1866 9387 1829 1852 9388 1833 1856 9389 1833 1856 9390 1841 1864 9391 1844 1867 9392 1833 1856 9393 1844 1867 9394 1843 1866 9395 1834 1857 9396 1845 1868 9397 1839 1862 9398 1846 1869 9399 1834 1857 9400 1835 1858 9401 1834 1857 9402 1846 1869 9403 1845 1868 9404 1847 1870 9405 1846 1869 9406 1835 1858 9407 1847 1870 9408 1835 1858 9409 1836 1859 9410 1836 1859 9411 1837 1860 9412 1848 1871 9413 1848 1871 9414 1847 1870 9415 1836 1859 9416 1838 1861 9417 1849 1872 9418 1840 1863 9419 1838 1861 9420 1850 1873 9421 1849 1872 9422 1839 1862 9423 1850 1873 9424 1838 1861 9425 1839 1862 9426 1845 1868 9427 1851 1874 9428 1839 1862 9429 1851 1874 9430 1850 1873 9431 1840 1863 9432 1849 1872 9433 1852 1875 9434 1852 1875 9435 1842 1865 9436 1840 1863 9437 1853 1876 9438 1846 1869 9439 1847 1870 9440 1845 1868 9441 1846 1869 9442 1853 1876 9443 1854 1877 9444 1851 1874 9445 1845 1868 9446 1853 1876 9447 1854 1877 9448 1845 1868 9449 1847 1870 9450 1855 1878 9451 1853 1876 9452 1855 1878 9453 1847 1870 9454 1848 1871 9455 1856 1879 9456 1854 1877 9457 1853 1876 9458 1853 1876 9459 1855 1878 9460 1856 1879 9461 1849 1872 9462 1857 1880 9463 1852 1875 9464 1849 1872 9465 1858 1881 9466 1857 1880 9467 1850 1873 9468 1858 1881 9469 1849 1872 9470 1850 1873 9471 1859 1882 9472 1858 1881 9473 1850 1873 9474 1851 1874 9475 1859 1882 9476 1860 1883 9477 1854 1877 9478 1856 1879 9479 1855 1878 9480 1860 1883 9481 1856 1879 9482 1861 1884 9483 1851 1874 9484 1854 1877 9485 1862 1885 9486 1854 1877 9487 1860 1883 9488 1862 1885 9489 1861 1884 9490 1854 1877 9491 1851 1874 9492 1861 1884 9493 1863 1886 9494 1858 1881 9495 1859 1882 9496 1864 1887 9497 1864 1887 9498 1865 1888 9499 1858 1881 9500 1866 1889 9501 1857 1880 9502 1858 1881 9503 1858 1881 9504 1865 1888 9505 1866 1889 9506 1863 1886 9507 1861 1884 9508 1867 1890 9509 1868 1891 9510 1867 1890 9511 1861 1884 9512 1868 1891 9513 1861 1884 9514 1862 1885 9515 1862 1885 9516 1860 1883 9517 1869 1892 9518 1869 1892 9519 1868 1891 9520 1862 1885 9521 1865 1888 9522 1870 1893 9523 1866 1889 9524 1871 1894 9525 1857 1880 9526 1866 1889 9527 1866 1889 9528 1872 1895 9529 1871 1894 9530 1866 1889 9531 1870 1893 9532 1872 1895 9533 1873 1896 9534 1867 1890 9535 1868 1891 9536 1874 1897 9537 1873 1896 9538 1868 1891 9539 1874 1897 9540 1868 1891 9541 1869 1892 9542 1867 1890 9543 1875 1898 9544 1863 1886 9545 1867 1890 9546 1876 1899 9547 1875 1898 9548 1873 1896 9549 1876 1899 9550 1867 1890 9551 1877 1900 9552 1872 1895 9553 1870 1893 9554 1871 1894 9555 1872 1895 9556 1878 1901 9557 1879 1902 9558 1878 1901 9559 1872 1895 9560 1879 1902 9561 1872 1895 9562 1877 1900 9563 1873 1896 9564 1880 1903 9565 1876 1899 9566 1881 1904 9567 1880 1903 9568 1873 1896 9569 1881 1904 9570 1873 1896 9571 1874 1897 9572 1876 1899 9573 1882 1905 9574 1875 1898 9575 1876 1899 9576 1883 1906 9577 1882 1905 9578 1880 1903 9579 1883 1906 9580 1876 1899 9581 1884 1907 9582 1879 1902 9583 1877 1900 9584 1885 1908 9585 1878 1901 9586 1879 1902 9587 1886 1909 9588 1885 1908 9589 1879 1902 9590 1886 1909 9591 1879 1902 9592 1884 1907 9593 1887 1910 9594 1880 1903 9595 1881 1904 9596 1888 1911 9597 1880 1903 9598 1887 1910 9599 1888 1911 9600 1889 1912 9601 1880 1903 9602 1880 1903 9603 1889 1912 9604 1883 1906 9605 1889 1912 9606 1890 1913 9607 1883 1906 9608 1891 1914 9609 1882 1905 9610 1883 1906 9611 1883 1906 9612 1890 1913 9613 1891 1914 9614 1892 1915 9615 1886 1909 9616 1884 1907 9617 1893 1916 9618 1885 1908 9619 1886 1909 9620 1894 1917 9621 1886 1909 9622 1892 1915 9623 1894 1917 9624 1893 1916 9625 1886 1909 9626 1888 1911 9627 1895 1918 9628 1889 1912 9629 1896 1919 9630 1888 1911 9631 1887 1910 9632 1895 1918 9633 1888 1911 9634 1896 1919 9635 1889 1912 9636 1897 1920 9637 1890 1913 9638 1898 1921 9639 1897 1920 9640 1889 1912 9641 1889 1912 9642 1895 1918 9643 1898 1921 9644 1890 1913 9645 1899 1922 9646 1891 1914 9647 1890 1913 9648 1900 1923 9649 1899 1922 9650 1897 1920 9651 1900 1923 9652 1890 1913 9653 1895 1918 9654 1896 1919 9655 1901 1924 9656 1895 1918 9657 1901 1924 9658 1898 1921 9659 1902 1925 9660 1893 1916 9661 1894 1917 9662 1897 1920 9663 1898 1921 9664 1903 1926 9665 1904 1927 9666 1897 1920 9667 1903 1926 9668 1900 1923 9669 1897 1920 9670 1904 1927 9671 1898 1921 9672 1901 1924 9673 1905 1928 9674 1903 1926 9675 1898 1921 9676 1905 1928 9677 1906 1929 9678 1899 1922 9679 1900 1923 9680 1907 1930 9681 1900 1923 9682 1904 1927 9683 1906 1929 9684 1900 1923 9685 1907 1930 9686 1905 1928 9687 1908 1931 9688 1903 1926 9689 1903 1926 9690 1909 1932 9691 1904 1927 9692 1908 1931 9693 1909 1932 9694 1903 1926 9695 1907 1930 9696 1904 1927 9697 1910 1933 9698 1910 1933 9699 1904 1927 9700 1909 1932 9701 1905 1928 9702 1901 1924 9703 1911 1934 9704 1911 1934 9705 1908 1931 9706 1905 1928 9707 1912 1935 9708 1907 1930 9709 1910 1933 9710 1913 1936 9711 1907 1930 9712 1912 1935 9713 1913 1936 9714 1906 1929 9715 1907 1930 9716 1908 1931 9717 1911 1934 9718 1914 1937 9719 1915 1938 9720 1908 1931 9721 1914 1937 9722 1909 1932 9723 1908 1931 9724 1915 1938 9725 1910 1933 9726 1909 1932 9727 1916 1939 9728 1916 1939 9729 1909 1932 9730 1915 1938 9731 1912 1935 9732 1910 1933 9733 1917 1940 9734 1917 1940 9735 1910 1933 9736 1916 1939 9737 1918 1941 9738 1913 1936 9739 1912 1935 9740 1919 1942 9741 1906 1929 9742 1913 1936 9743 1920 1943 9744 1913 1936 9745 1918 1941 9746 1913 1936 9747 1920 1943 9748 1919 1942 9749 1914 1937 9750 1921 1944 9751 1915 1938 9752 1915 1938 9753 1922 1945 9754 1916 1939 9755 1921 1944 9756 1922 1945 9757 1915 1938 9758 1922 1945 9759 1923 1946 9760 1916 1939 9761 1916 1939 9762 1923 1946 9763 1917 1940 9764 1924 1947 9765 1921 1944 9766 1914 1937 9767 1924 1947 9768 1922 1945 9769 1921 1944 9770 1925 1948 9771 1923 1946 9772 1922 1945 9773 1925 1948 9774 1922 1945 9775 1924 1947 9776 1914 1937 9777 1926 1949 9778 1924 1947 9779 1914 1937 9780 1911 1934 9781 1926 1949 9782 1924 1947 9783 1926 1949 9784 1927 1950 9785 1927 1950 9786 1925 1948 9787 1924 1947 9788 1919 1942 9789 1920 1943 9790 1928 1951 9791 1929 1952 9792 1923 1946 9793 1925 1948 9794 1930 1953 9795 1925 1948 9796 1927 1950 9797 1925 1948 9798 1930 1953 9799 1929 1952 9800 1926 1949 9801 1931 1954 9802 1927 1950 9803 1932 1955 9804 1926 1949 9805 1911 1934 9806 1931 1954 9807 1926 1949 9808 1932 1955 9809 1927 1950 9810 1931 1954 9811 1933 1956 9812 1927 1950 9813 1933 1956 9814 1930 1953 9815 1911 1934 9816 1901 1924 9817 1932 1955 9818 1929 1952 9819 1930 1953 9820 1934 1957 9821 1930 1953 9822 1933 1956 9823 1935 1958 9824 1935 1958 9825 1934 1957 9826 1930 1953 9827 1936 1959 9828 1931 1954 9829 1932 1955 9830 1937 1960 9831 1932 1955 9832 1901 1924 9833 1936 1959 9834 1932 1955 9835 1937 1960 9836 1933 1956 9837 1931 1954 9838 1938 1961 9839 1939 1962 9840 1931 1954 9841 1936 1959 9842 1938 1961 9843 1931 1954 9844 1939 1962 9845 1935 1958 9846 1933 1956 9847 1940 1963 9848 1940 1963 9849 1933 1956 9850 1938 1961 9851 1940 1963 9852 1941 1964 9853 1935 1958 9854 1941 1964 9855 1934 1957 9856 1935 1958 9857 1901 1924 9858 1896 1919 9859 1937 1960 9860 1942 1965 9861 1939 1962 9862 1936 1959 9863 1936 1959 9864 1943 1966 9865 1942 1965 9866 1937 1960 9867 1943 1966 9868 1936 1959 9869 1896 1919 9870 1944 1967 9871 1937 1960 9872 1937 1960 9873 1944 1967 9874 1943 1966 9875 1938 1961 9876 1945 1968 9877 1940 1963 9878 1938 1961 9879 1946 1969 9880 1945 1968 9881 1939 1962 9882 1946 1969 9883 1938 1961 9884 1939 1962 9885 1947 1970 9886 1946 1969 9887 1947 1970 9888 1939 1962 9889 1942 1965 9890 1940 1963 9891 1945 1968 9892 1948 1971 9893 1940 1963 9894 1948 1971 9895 1949 1972 9896 1949 1972 9897 1941 1964 9898 1940 1963 9899 1942 1965 9900 1950 1973 9901 1947 1970 9902 1942 1965 9903 1951 1974 9904 1950 1973 9905 1943 1966 9906 1951 1974 9907 1942 1965 9908 1944 1967 9909 1952 1975 9910 1943 1966 9911 1943 1966 9912 1952 1975 9913 1951 1974 9914 1944 1967 9915 1896 1919 9916 1953 1976 9917 1944 1967 9918 1954 1977 9919 1952 1975 9920 1953 1976 9921 1954 1977 9922 1944 1967 9923 1946 1969 9924 964 985 9925 1945 1968 9926 1945 1968 9927 1955 1978 9928 1948 1971 9929 1945 1968 9930 964 985 9931 1955 1978 9932 1946 1969 9933 1947 1970 9934 974 995 9935 974 995 9936 964 985 9937 1946 1969 9938 1947 1970 9939 985 1006 9940 974 995 9941 1947 1970 9942 1950 1973 9943 985 1006 9944 1949 1972 9945 1948 1971 9946 935 956 9947 1948 1971 9948 943 964 9949 935 956 9950 1948 1971 9951 1955 1978 9952 943 964 9953 985 1006 9954 1950 1973 9955 993 1014 9956 1950 1973 9957 1951 1974 9958 1000 1021 9959 993 1014 9960 1950 1973 9961 1000 1021 9962 1000 1021 9963 1951 1974 9964 1010 1031 9965 1951 1974 9966 1956 1979 9967 1010 1031 9968 1952 1975 9969 1956 1979 9970 1951 1974 9971 1956 1979 9972 1952 1975 9973 1957 1980 9974 1957 1980 9975 1952 1975 9976 1954 1977 9977 964 985 9978 953 974 9979 1955 1978 9980 1955 1978 9981 953 974 9982 943 964 9983 1810 1833 9984 1780 1803 9985 1806 1829 9986 1809 1832 9987 1807 1830 9988 1958 1981 9989 1958 1981 9990 1810 1833 9991 1809 1832 9992 1801 1824 9993 59 59 9994 1807 1830 9995 59 59 9996 1801 1824 9997 60 60 9998 1807 1830 9999 1959 1982 10000 1958 1981 10001 1807 1830 10002 59 59 10003 1959 1982 10004 1958 1981 10005 1774 1797 10006 1810 1833 10007 1810 1833 10008 1774 1797 10009 1780 1803 10010 1958 1981 10011 1959 1982 10012 1960 1983 10013 1960 1983 10014 1774 1797 10015 1958 1981 10016 71 71 10017 1959 1982 10018 59 59 10019 1959 1982 10020 80 80 10021 1960 1983 10022 80 80 10023 1959 1982 10024 71 71 10025 1960 1983 10026 1781 1804 10027 1774 1797 10028 92 92 10029 1781 1804 10030 1960 1983 10031 1960 1983 10032 80 80 10033 92 92 10034 1961 1984 10035 1781 1804 10036 92 92 10037 1961 1984 10038 1742 1765 10039 1781 1804 10040 92 92 10041 103 103 10042 1961 1984 10043 103 103 10044 1962 1985 10045 1961 1984 10046 1962 1985 10047 1742 1765 10048 1961 1984 10049 1963 1986 10050 1742 1765 10051 1962 1985 10052 1730 1753 10053 1742 1765 10054 1963 1986 10055 1964 1987 10056 1962 1985 10057 103 103 10058 1962 1985 10059 1660 1683 10060 1963 1986 10061 1964 1987 10062 1660 1683 10063 1962 1985 10064 1965 1988 10065 1963 1986 10066 1660 1683 10067 1724 1747 10068 1963 1986 10069 1965 1988 10070 1963 1986 10071 1724 1747 10072 1730 1753 10073 1964 1987 10074 1656 1679 10075 1660 1683 10076 1964 1987 10077 1966 1989 10078 1656 1679 10079 103 103 10080 1966 1989 10081 1964 1987 10082 1967 1990 10083 1966 1989 10084 103 103 10085 1967 1990 10086 103 103 10087 102 102 10088 1965 1988 10089 1660 1683 10090 1661 1684 10091 1965 1988 10092 1968 1991 10093 1724 1747 10094 1969 1992 10095 1965 1988 10096 1661 1684 10097 1968 1991 10098 1965 1988 10099 1969 1992 10100 1724 1747 10101 1968 1991 10102 1712 1735 10103 1967 1990 10104 102 102 10105 1970 1993 10106 1971 1994 10107 1967 1990 10108 1970 1993 10109 1966 1989 10110 1967 1990 10111 1971 1994 10112 1656 1679 10113 1966 1989 10114 1972 1995 10115 1973 1996 10116 1966 1989 10117 1971 1994 10118 1972 1995 10119 1966 1989 10120 1973 1996 10121 1657 1680 10122 1656 1679 10123 1972 1995 10124 1970 1993 10125 1974 1997 10126 1971 1994 10127 1971 1994 10128 1974 1997 10129 1973 1996 10130 1970 1993 10131 102 102 10132 1975 1998 10133 1975 1998 10134 1974 1997 10135 1970 1993 10136 102 102 10137 109 109 10138 1975 1998 10139 1661 1684 10140 1817 1840 10141 1969 1992 10142 1657 1680 10143 1972 1995 10144 1976 1999 10145 1976 1999 10146 1972 1995 10147 1973 1996 10148 1974 1997 10149 1976 1999 10150 1973 1996 10151 1977 2000 10152 1968 1991 10153 1969 1992 10154 1969 1992 10155 1828 1851 10156 1977 2000 10157 1969 1992 10158 1817 1840 10159 1828 1851 10160 1975 1998 10161 109 109 10162 1978 2001 10163 1978 2001 10164 1974 1997 10165 1975 1998 10166 1976 1999 10167 1647 1670 10168 1657 1680 10169 1979 2002 10170 1976 1999 10171 1974 1997 10172 1979 2002 10173 1647 1670 10174 1976 1999 10175 109 109 10176 110 110 10177 1978 2001 10178 1978 2001 10179 110 110 10180 1980 2003 10181 1978 2001 10182 1980 2003 10183 1974 1997 10184 1974 1997 10185 1980 2003 10186 1981 2004 10187 1974 1997 10188 1981 2004 10189 1982 2005 10190 1979 2002 10191 1974 1997 10192 1982 2005 10193 1980 2003 10194 110 110 10195 1981 2004 10196 1647 1670 10197 1979 2002 10198 1983 2006 10199 1983 2006 10200 1979 2002 10201 1982 2005 10202 1981 2004 10203 111 111 10204 1982 2005 10205 1981 2004 10206 110 110 10207 111 111 10208 1982 2005 10209 111 111 10210 1983 2006 10211 116 116 10212 1647 1670 10213 1983 2006 10214 111 111 10215 116 116 10216 1983 2006 10217 1977 2000 10218 1828 1851 10219 1984 2007 10220 1828 1851 10221 1829 1852 10222 1984 2007 10223 1984 2007 10224 1829 1852 10225 1985 2008 10226 1985 2008 10227 1829 1852 10228 1843 1866 10229 1843 1866 10230 1986 2009 10231 1985 2008 10232 1985 2008 10233 1986 2009 10234 1984 2007 10235 1984 2007 10236 1986 2009 10237 1977 2000 10238 1987 2010 10239 1986 2009 10240 1843 1866 10241 1843 1866 10242 1844 1867 10243 1987 2010 10244 1844 1867 10245 1988 2011 10246 1987 2010 10247 1989 2012 10248 1986 2009 10249 1987 2010 10250 1987 2010 10251 1988 2011 10252 1989 2012 10253 1977 2000 10254 1986 2009 10255 1990 2013 10256 1991 2014 10257 1986 2009 10258 1989 2012 10259 1990 2013 10260 1986 2009 10261 1991 2014 10262 1988 2011 10263 1992 2015 10264 1989 2012 10265 1989 2012 10266 1992 2015 10267 1991 2014 10268 1991 2014 10269 1992 2015 10270 1990 2013 10271 1990 2013 10272 1968 1991 10273 1977 2000 10274 1990 2013 10275 1992 2015 10276 1968 1991 10277 1844 1867 10278 1993 2016 10279 1988 2011 10280 1988 2011 10281 1694 1717 10282 1992 2015 10283 1993 2016 10284 1694 1717 10285 1988 2011 10286 1992 2015 10287 1694 1717 10288 1701 1724 10289 1992 2015 10290 1712 1735 10291 1968 1991 10292 1701 1724 10293 1712 1735 10294 1992 2015 10295 1994 2017 10296 1993 2016 10297 1844 1867 10298 1844 1867 10299 1841 1864 10300 1994 2017 10301 1683 1706 10302 1694 1717 10303 1993 2016 10304 1993 2016 10305 1995 2018 10306 1683 1706 10307 1996 2019 10308 1995 2018 10309 1993 2016 10310 1994 2017 10311 1996 2019 10312 1993 2016 10313 1997 2020 10314 1996 2019 10315 1994 2017 10316 1994 2017 10317 1841 1864 10318 1997 2020 10319 1996 2019 10320 1998 2021 10321 1995 2018 10322 1999 2022 10323 1998 2021 10324 1996 2019 10325 1997 2020 10326 1999 2022 10327 1996 2019 10328 2000 2023 10329 1999 2022 10330 1997 2020 10331 1997 2020 10332 1841 1864 10333 2001 2024 10334 1997 2020 10335 2001 2024 10336 2000 2023 10337 1841 1864 10338 1842 1865 10339 2001 2024 10340 1998 2021 10341 1999 2022 10342 2002 2025 10343 1999 2022 10344 2000 2023 10345 2003 2026 10346 2002 2025 10347 1999 2022 10348 2003 2026 10349 2003 2026 10350 2000 2023 10351 2004 2027 10352 2000 2023 10353 2001 2024 10354 2005 2028 10355 2005 2028 10356 2004 2027 10357 2000 2023 10358 2001 2024 10359 2006 2029 10360 2005 2028 10361 2001 2024 10362 1842 1865 10363 2006 2029 10364 2006 2029 10365 1842 1865 10366 1852 1875 10367 2006 2029 10368 1852 1875 10369 2007 2030 10370 2005 2028 10371 2006 2029 10372 2007 2030 10373 2007 2030 10374 2008 2031 10375 2005 2028 10376 2008 2031 10377 2004 2027 10378 2005 2028 10379 2002 2025 10380 2003 2026 10381 2009 2032 10382 2009 2032 10383 2003 2026 10384 2010 2033 10385 2004 2027 10386 2010 2033 10387 2003 2026 10388 2011 2034 10389 2010 2033 10390 2004 2027 10391 2008 2031 10392 2011 2034 10393 2004 2027 10394 2012 2035 10395 2008 2031 10396 2007 2030 10397 2012 2035 10398 2013 2036 10399 2008 2031 10400 2013 2036 10401 2011 2034 10402 2008 2031 10403 2007 2030 10404 1852 1875 10405 2014 2037 10406 2015 2038 10407 2007 2030 10408 2014 2037 10409 2012 2035 10410 2007 2030 10411 2015 2038 10412 1852 1875 10413 1857 1880 10414 2014 2037 10415 1857 1880 10416 1871 1894 10417 2014 2037 10418 2014 2037 10419 1871 1894 10420 2015 2038 10421 2010 2033 10422 2016 2039 10423 2009 2032 10424 2017 2040 10425 2016 2039 10426 2010 2033 10427 2010 2033 10428 2011 2034 10429 2017 2040 10430 2017 2040 10431 2011 2034 10432 2018 2041 10433 2013 2036 10434 2018 2041 10435 2011 2034 10436 2019 2042 10437 2013 2036 10438 2012 2035 10439 2020 2043 10440 2012 2035 10441 2015 2038 10442 2019 2042 10443 2012 2035 10444 2020 2043 10445 2019 2042 10446 2021 2044 10447 2013 2036 10448 2021 2044 10449 2018 2041 10450 2013 2036 10451 1871 1894 10452 1878 1901 10453 2015 2038 10454 2015 2038 10455 1878 1901 10456 2020 2043 10457 2016 2039 10458 2017 2040 10459 2022 2045 10460 2018 2041 10461 2023 2046 10462 2017 2040 10463 2022 2045 10464 2017 2040 10465 2023 2046 10466 2024 2047 10467 2023 2046 10468 2018 2041 10469 2021 2044 10470 2024 2047 10471 2018 2041 10472 2025 2048 10473 2021 2044 10474 2019 2042 10475 2026 2049 10476 2019 2042 10477 2020 2043 10478 2025 2048 10479 2019 2042 10480 2026 2049 10481 2026 2049 10482 2020 2043 10483 1885 1908 10484 1885 1908 10485 2020 2043 10486 1878 1901 10487 2025 2048 10488 2027 2050 10489 2021 2044 10490 2027 2050 10491 2024 2047 10492 2021 2044 10493 2022 2045 10494 2023 2046 10495 2028 2051 10496 2023 2046 10497 2024 2047 10498 2029 2052 10499 2028 2051 10500 2023 2046 10501 2029 2052 10502 2029 2052 10503 2024 2047 10504 2030 2053 10505 2024 2047 10506 2027 2050 10507 2030 2053 10508 2031 2054 10509 2027 2050 10510 2025 2048 10511 2025 2048 10512 2032 2055 10513 2031 2054 10514 2026 2049 10515 2032 2055 10516 2025 2048 10517 2032 2055 10518 2026 2049 10519 1893 1916 10520 1893 1916 10521 2026 2049 10522 1885 1908 10523 2027 2050 10524 2031 2054 10525 2033 2056 10526 2030 2053 10527 2027 2050 10528 2033 2056 10529 2032 2055 10530 2034 2057 10531 2031 2054 10532 2033 2056 10533 2031 2054 10534 2034 2057 10535 2035 2058 10536 2034 2057 10537 2032 2055 10538 2032 2055 10539 1902 1925 10540 2035 2058 10541 1893 1916 10542 1902 1925 10543 2032 2055 10544 2036 2059 10545 2037 2060 10546 2038 2061 10547 2038 2061 10548 2037 2060 10549 253 253 10550 259 259 10551 2038 2061 10552 253 253 10553 2039 2062 10554 2038 2061 10555 259 259 10556 2039 2062 10557 2036 2059 10558 2038 2061 10559 259 259 10560 251 251 10561 2039 2062 10562 2039 2062 10563 251 251 10564 2040 2063 10565 2040 2063 10566 2036 2059 10567 2039 2062 10568 2040 2063 10569 262 262 10570 2036 2059 10571 251 251 10572 262 262 10573 2040 2063 10574 2041 2064 10575 2042 2065 10576 2043 2066 10577 2041 2064 10578 2044 2067 10579 2042 2065 10580 2045 2068 10581 2044 2067 10582 2041 2064 10583 2043 2066 10584 2042 2065 10585 2046 2069 10586 2042 2065 10587 2047 2070 10588 2046 2069 10589 2044 2067 10590 2048 2071 10591 2042 2065 10592 2042 2065 10593 2048 2071 10594 2047 2070 10595 2043 2066 10596 2046 2069 10597 2049 2072 10598 2044 2067 10599 2050 2073 10600 2048 2071 10601 2051 2074 10602 2050 2073 10603 2044 2067 10604 2045 2068 10605 2051 2074 10606 2044 2067 10607 2052 2075 10608 2051 2074 10609 2045 2068 10610 2046 2069 10611 2047 2070 10612 2053 2076 10613 2046 2069 10614 2053 2076 10615 2054 2077 10616 2049 2072 10617 2046 2069 10618 2054 2077 10619 2047 2070 10620 2055 2078 10621 2053 2076 10622 2047 2070 10623 2056 2079 10624 2055 2078 10625 2048 2071 10626 2056 2079 10627 2047 2070 10628 2050 2073 10629 2057 2080 10630 2048 2071 10631 2048 2071 10632 2057 2080 10633 2056 2079 10634 2049 2072 10635 2054 2077 10636 2058 2081 10637 2050 2073 10638 2059 2082 10639 2057 2080 10640 2060 2083 10641 2059 2082 10642 2050 2073 10643 2051 2074 10644 2060 2083 10645 2050 2073 10646 2061 2084 10647 2060 2083 10648 2051 2074 10649 2052 2075 10650 2061 2084 10651 2051 2074 10652 2062 2085 10653 2061 2084 10654 2052 2075 10655 2053 2076 10656 2055 2078 10657 2063 2086 10658 2054 2077 10659 2053 2076 10660 2064 2087 10661 2053 2076 10662 2063 2086 10663 2064 2087 10664 2058 2081 10665 2054 2077 10666 2065 2088 10667 2054 2077 10668 2064 2087 10669 2065 2088 10670 2055 2078 10671 2066 2089 10672 2063 2086 10673 2055 2078 10674 2067 2090 10675 2066 2089 10676 2056 2079 10677 2067 2090 10678 2055 2078 10679 2057 2080 10680 2068 2091 10681 2056 2079 10682 2056 2079 10683 2068 2091 10684 2067 2090 10685 2059 2082 10686 2069 2092 10687 2057 2080 10688 2057 2080 10689 2069 2092 10690 2068 2091 10691 2058 2081 10692 2065 2088 10693 2070 2093 10694 2059 2082 10695 2071 2094 10696 2069 2092 10697 2072 2095 10698 2071 2094 10699 2059 2082 10700 2060 2083 10701 2072 2095 10702 2059 2082 10703 2073 2096 10704 2072 2095 10705 2060 2083 10706 2061 2084 10707 2073 2096 10708 2060 2083 10709 2074 2097 10710 2073 2096 10711 2061 2084 10712 2062 2085 10713 2074 2097 10714 2061 2084 10715 2075 2098 10716 2074 2097 10717 2062 2085 10718 2064 2087 10719 2063 2086 10720 2076 2099 10721 2065 2088 10722 2064 2087 10723 2077 2100 10724 2064 2087 10725 2076 2099 10726 2077 2100 10727 2070 2093 10728 2065 2088 10729 2078 2101 10730 2065 2088 10731 2077 2100 10732 2078 2101 10733 2067 2090 10734 2079 2102 10735 2066 2089 10736 2067 2090 10737 2080 2103 10738 2079 2102 10739 2068 2091 10740 2080 2103 10741 2067 2090 10742 2069 2092 10743 2081 2104 10744 2068 2091 10745 2068 2091 10746 2081 2104 10747 2080 2103 10748 2071 2094 10749 2082 2105 10750 2069 2092 10751 1956 1979 10752 1015 1036 10753 1010 1031 10754 1015 1036 10755 1956 1979 10756 2083 2106 10757 2083 2106 10758 1956 1979 10759 1957 1980 10760 2083 2106 10761 1025 1046 10762 1015 1036 10763 2083 2106 10764 2084 2107 10765 1025 1046 10766 2085 2108 10767 2084 2107 10768 2083 2106 10769 1957 1980 10770 2085 2108 10771 2083 2106 10772 2084 2107 10773 1034 1055 10774 1025 1046 10775 1034 1055 10776 2084 2107 10777 2086 2109 10778 2085 2108 10779 2087 2110 10780 2084 2107 10781 2086 2109 10782 2084 2107 10783 2087 2110 10784 2088 2111 10785 2085 2108 10786 1957 1980 10787 1957 1980 10788 1954 1977 10789 2088 2111 10790 2089 2112 10791 2087 2110 10792 2085 2108 10793 2085 2108 10794 2088 2111 10795 2089 2112 10796 1041 1062 10797 1034 1055 10798 2086 2109 10799 2086 2109 10800 2087 2110 10801 2090 2113 10802 2091 2114 10803 2086 2109 10804 2090 2113 10805 1041 1062 10806 2086 2109 10807 2091 2114 10808 2090 2113 10809 2087 2110 10810 2092 2115 10811 2089 2112 10812 2092 2115 10813 2087 2110 10814 2093 2116 10815 2092 2115 10816 2089 2112 10817 2089 2112 10818 2088 2111 10819 2093 2116 10820 2088 2111 10821 1954 1977 10822 2094 2117 10823 2088 2111 10824 2094 2117 10825 2093 2116 10826 1954 1977 10827 1953 1976 10828 2094 2117 10829 1052 1073 10830 1041 1062 10831 2091 2114 10832 2090 2113 10833 2092 2115 10834 2095 2118 10835 2090 2113 10836 2096 2119 10837 2091 2114 10838 2095 2118 10839 2096 2119 10840 2090 2113 10841 2096 2119 10842 2097 2120 10843 2091 2114 10844 2091 2114 10845 2097 2120 10846 1052 1073 10847 2093 2116 10848 2098 2121 10849 2092 2115 10850 2095 2118 10851 2092 2115 10852 2098 2121 10853 2099 2122 10854 2098 2121 10855 2093 2116 10856 2093 2116 10857 2094 2117 10858 2099 2122 10859 2094 2117 10860 1953 1976 10861 2100 2123 10862 2094 2117 10863 2100 2123 10864 2099 2122 10865 2099 2122 10866 2101 2124 10867 2098 2121 10868 2099 2122 10869 2100 2123 10870 2101 2124 10871 1062 1083 10872 1052 1073 10873 2097 2120 10874 2097 2120 10875 2102 2125 10876 1062 1083 10877 2097 2120 10878 2096 2119 10879 2102 2125 10880 2096 2119 10881 2095 2118 10882 2103 2126 10883 2102 2125 10884 2096 2119 10885 2103 2126 10886 2095 2118 10887 2098 2121 10888 2104 2127 10889 2103 2126 10890 2095 2118 10891 2104 2127 10892 2098 2121 10893 2101 2124 10894 2105 2128 10895 2104 2127 10896 2098 2121 10897 2105 2128 10898 2101 2124 10899 1874 1897 10900 2105 2128 10901 2101 2124 10902 2100 2123 10903 1874 1897 10904 1062 1083 10905 2102 2125 10906 2106 2129 10907 2102 2125 10908 2103 2126 10909 2107 2130 10910 2102 2125 10911 2107 2130 10912 2106 2129 10913 2107 2130 10914 2103 2126 10915 2108 2131 10916 2103 2126 10917 2104 2127 10918 2108 2131 10919 2108 2131 10920 2104 2127 10921 2109 2132 10922 2105 2128 10923 2109 2132 10924 2104 2127 10925 1869 1892 10926 2109 2132 10927 2105 2128 10928 2105 2128 10929 1874 1897 10930 1869 1892 10931 1074 1095 10932 1062 1083 10933 2106 2129 10934 1874 1897 10935 2100 2123 10936 1881 1904 10937 2107 2130 10938 2108 2131 10939 2110 2133 10940 2110 2133 10941 2111 2134 10942 2107 2130 10943 2106 2129 10944 2107 2130 10945 2111 2134 10946 2108 2131 10947 2109 2132 10948 2112 2135 10949 2110 2133 10950 2108 2131 10951 2112 2135 10952 1869 1892 10953 1860 1883 10954 2109 2132 10955 2112 2135 10956 2109 2132 10957 1860 1883 10958 2111 2134 10959 2113 2136 10960 2106 2129 10961 2106 2129 10962 2114 2137 10963 1074 1095 10964 2106 2129 10965 2113 2136 10966 2114 2137 10967 2112 2135 10968 1860 1883 10969 1855 1878 10970 2112 2135 10971 1855 1878 10972 2110 2133 10973 1074 1095 10974 2114 2137 10975 1250 1271 10976 2115 2138 10977 2111 2134 10978 2110 2133 10979 2110 2133 10980 1855 1878 10981 1848 1871 10982 2110 2133 10983 1848 1871 10984 2115 2138 10985 2115 2138 10986 2116 2139 10987 2111 2134 10988 2111 2134 10989 2116 2139 10990 2113 2136 10991 2113 2136 10992 1268 1289 10993 2114 2137 10994 1268 1289 10995 1250 1271 10996 2114 2137 10997 2117 2140 10998 1268 1289 10999 2113 2136 11000 2116 2139 11001 2117 2140 11002 2113 2136 11003 2115 2138 11004 1848 1871 11005 1837 1860 11006 1837 1860 11007 2116 2139 11008 2115 2138 11009 1827 1850 11010 2116 2139 11011 1837 1860 11012 2118 2141 11013 2117 2140 11014 2116 2139 11015 2116 2139 11016 1827 1850 11017 2118 2141 11018 2117 2140 11019 1279 1300 11020 1268 1289 11021 2118 2141 11022 1279 1300 11023 2117 2140 11024 2118 2141 11025 1827 1850 11026 1820 1843 11027 2118 2141 11028 1820 1843 11029 2119 2142 11030 2119 2142 11031 1279 1300 11032 2118 2141 11033 1287 1308 11034 1279 1300 11035 2119 2142 11036 2119 2142 11037 1820 1843 11038 1819 1842 11039 1819 1842 11040 2120 2143 11041 2119 2142 11042 2119 2142 11043 2120 2143 11044 1287 1308 11045 2120 2143 11046 1295 1316 11047 1287 1308 11048 1819 1842 11049 1633 1656 11050 2120 2143 11051 2120 2143 11052 1633 1656 11053 2121 2144 11054 2122 2145 11055 2120 2143 11056 2121 2144 11057 1295 1316 11058 2120 2143 11059 2122 2145 11060 2121 2144 11061 1633 1656 11062 1639 1662 11063 2121 2144 11064 1639 1662 11065 2122 2145 11066 1301 1322 11067 1295 1316 11068 2122 2145 11069 2123 2146 11070 1301 1322 11071 2122 2145 11072 2122 2145 11073 1639 1662 11074 2123 2146 11075 1639 1662 11076 1649 1672 11077 2123 2146 11078 1305 1326 11079 1301 1322 11080 2123 2146 11081 1649 1672 11082 2124 2147 11083 2123 2146 11084 2123 2146 11085 2124 2147 11086 1305 1326 11087 1310 1331 11088 1305 1326 11089 2124 2147 11090 2124 2147 11091 1649 1672 11092 2125 2148 11093 1340 1361 11094 2124 2147 11095 2125 2148 11096 1310 1331 11097 2124 2147 11098 1340 1361 11099 2125 2148 11100 1649 1672 11101 1648 1671 11102 2125 2148 11103 458 465 11104 1340 1361 11105 2126 2149 11106 458 465 11107 2125 2148 11108 2125 2148 11109 1648 1671 11110 2126 2149 11111 458 465 11112 455 462 11113 1340 1361 11114 2126 2149 11115 457 464 11116 458 465 11117 2126 2149 11118 1648 1671 11119 2127 2150 11120 2128 2151 11121 457 464 11122 2126 2149 11123 2126 2149 11124 2127 2150 11125 2128 2151 11126 1638 1661 11127 2127 2150 11128 1648 1671 11129 2128 2151 11130 2127 2150 11131 2129 2152 11132 2130 2153 11133 2127 2150 11134 1638 1661 11135 2127 2150 11136 2130 2153 11137 2129 2152 11138 2128 2151 11139 2131 2154 11140 457 464 11141 2132 2155 11142 2131 2154 11143 2128 2151 11144 2129 2152 11145 2132 2155 11146 2128 2151 11147 2131 2154 11148 447 454 11149 457 464 11150 1629 1652 11151 2130 2153 11152 1638 1661 11153 2133 2156 11154 2132 2155 11155 2129 2152 11156 2129 2152 11157 2130 2153 11158 2134 2157 11159 2134 2157 11160 2133 2156 11161 2129 2152 11162 2135 2158 11163 2130 2153 11164 1629 1652 11165 2130 2153 11166 2135 2158 11167 2134 2157 11168 2132 2155 11169 2136 2159 11170 2131 2154 11171 2131 2154 11172 2137 2160 11173 447 454 11174 2131 2154 11175 2136 2159 11176 2137 2160 11177 2136 2159 11178 2132 2155 11179 2138 2161 11180 2138 2161 11181 2132 2155 11182 2133 2156 11183 2139 2162 11184 2138 2161 11185 2133 2156 11186 2139 2162 11187 2133 2156 11188 2134 2157 11189 2140 2163 11190 2139 2162 11191 2134 2157 11192 2134 2157 11193 2135 2158 11194 2140 2163 11195 2136 2159 11196 2141 2164 11197 2137 2160 11198 2136 2159 11199 2138 2161 11200 2141 2164 11201 447 454 11202 2137 2160 11203 438 444 11204 1629 1652 11205 1617 1640 11206 2135 2158 11207 2135 2158 11208 1617 1640 11209 1608 1631 11210 2135 2158 11211 1608 1631 11212 2140 2163 11213 2137 2160 11214 2142 2165 11215 438 444 11216 1591 1614 11217 2139 2162 11218 2140 2163 11219 1582 1604 11220 2138 2161 11221 2139 2162 11222 1591 1614 11223 1582 1604 11224 2139 2162 11225 1599 1622 11226 1591 1614 11227 2140 2163 11228 2140 2163 11229 1608 1631 11230 1599 1622 11231 2138 2161 11232 1582 1604 11233 1573 2166 11234 1572 1593 11235 2141 2167 11236 1573 1594 11237 2143 2168 11238 2141 2167 11239 1572 1593 11240 2143 2168 11241 2142 2169 11242 2141 2167 11243 2144 2170 11244 2142 2169 11245 2143 2168 11246 2144 2170 11247 431 436 11248 2142 2169 11249 405 406 11250 2144 2170 11251 2143 2168 11252 406 407 11253 2143 2168 11254 1572 1593 11255 405 406 11256 2143 2168 11257 406 407 11258 406 407 11259 1572 1593 11260 1562 1583 11261 420 421 11262 431 436 11263 2144 2170 11264 2145 2171 11265 2144 2170 11266 405 406 11267 2146 2172 11268 2144 2170 11269 2145 2171 11270 420 421 11271 2144 2170 11272 2146 2172 11273 405 406 11274 394 395 11275 2145 2171 11276 1562 1583 11277 396 397 11278 406 407 11279 1562 1583 11280 1552 1573 11281 396 397 11282 410 411 11283 420 421 11284 2146 2172 11285 2145 2171 11286 2147 2173 11287 2146 2172 11288 2148 2174 11289 2147 2173 11290 2145 2171 11291 2145 2171 11292 394 395 11293 2148 2174 11294 2147 2173 11295 403 404 11296 2146 2172 11297 2146 2172 11298 403 404 11299 410 411 11300 382 383 11301 2147 2173 11302 2148 2174 11303 2148 2174 11304 394 395 11305 382 383 11306 2147 2173 11307 393 394 11308 403 404 11309 393 394 11310 2147 2173 11311 382 383 11312 396 397 11313 1552 1573 11314 385 386 11315 385 386 11316 1552 1573 11317 397 398 11318 1863 1886 11319 1875 1898 11320 2149 2175 11321 2150 2176 11322 2149 2175 11323 1875 1898 11324 1875 1898 11325 1882 1905 11326 2150 2176 11327 2151 2177 11328 2149 2175 11329 2150 2176 11330 2150 2176 11331 2152 2178 11332 2151 2177 11333 2150 2176 11334 1882 1905 11335 2152 2178 11336 2151 2177 11337 2152 2178 11338 2153 2179 11339 2152 2178 11340 2154 2180 11341 2153 2179 11342 2152 2178 11343 1882 1905 11344 2155 2181 11345 2152 2178 11346 2155 2181 11347 2154 2180 11348 2155 2181 11349 1882 1905 11350 1891 1914 11351 2153 2179 11352 2154 2180 11353 2156 2182 11354 2157 2183 11355 2155 2181 11356 1891 1914 11357 2158 2184 11358 2155 2181 11359 2157 2183 11360 2154 2180 11361 2155 2181 11362 2158 2184 11363 2156 2182 11364 2154 2180 11365 2159 2185 11366 2154 2180 11367 2158 2184 11368 2160 2186 11369 2159 2185 11370 2154 2180 11371 2160 2186 11372 1891 1914 11373 1899 1922 11374 2157 2183 11375 2157 2183 11376 2161 2187 11377 2158 2184 11378 2162 2188 11379 2157 2183 11380 1899 1922 11381 2161 2187 11382 2157 2183 11383 2162 2188 11384 2158 2184 11385 2161 2187 11386 2163 2189 11387 2160 2186 11388 2158 2184 11389 2163 2189 11390 2161 2187 11391 2164 2190 11392 2163 2189 11393 2162 2188 11394 2164 2190 11395 2161 2187 11396 2159 2185 11397 2160 2186 11398 2165 2191 11399 2165 2191 11400 2160 2186 11401 2166 2192 11402 2160 2186 11403 2163 2189 11404 2166 2192 11405 2163 2189 11406 2164 2190 11407 2167 2193 11408 2166 2192 11409 2163 2189 11410 2167 2193 11411 2162 2188 11412 1899 1922 11413 1906 1929 11414 2168 2194 11415 2164 2190 11416 2162 2188 11417 1906 1929 11418 2168 2194 11419 2162 2188 11420 2168 2194 11421 2169 2195 11422 2164 2190 11423 2164 2190 11424 2169 2195 11425 2167 2193 11426 2168 2194 11427 1919 1942 11428 2169 2195 11429 1919 1942 11430 2168 2194 11431 1906 1929 11432 2169 2195 11433 1919 1942 11434 1928 1951 11435 1881 1904 11436 2100 2123 11437 1887 1910 11438 1887 1910 11439 2100 2123 11440 1953 1976 11441 1953 1976 11442 1896 1919 11443 1887 1910 11444 2170 2196 11445 2171 2197 11446 2172 2198 11447 2170 2196 11448 2173 2199 11449 2171 2197 11450 2174 2200 11451 2175 2201 11452 2176 2202 11453 2177 2203 11454 2178 2204 11455 2174 2205 11456 2176 2206 11457 2179 2207 11458 2180 2208 11459 734 755 11460 2181 2209 11461 733 754 11462 2182 2210 11463 2181 2209 11464 734 755 11465 735 756 11466 2182 2210 11467 734 755 11468 2182 2210 11469 2183 2211 11470 2181 2209 11471 2184 2212 11472 2183 2211 11473 2182 2210 11474 2185 2213 11475 2182 2210 11476 735 756 11477 2182 2210 11478 2185 2213 11479 2184 2212 11480 2186 2214 11481 2185 2213 11482 735 756 11483 2186 2214 11484 735 756 11485 737 758 11486 2184 2212 11487 2185 2213 11488 2187 2215 11489 2188 2216 11490 2185 2213 11491 2186 2214 11492 2185 2213 11493 2188 2216 11494 2187 2215 11495 2189 2217 11496 2183 2211 11497 2184 2212 11498 2190 2218 11499 2184 2212 11500 2187 2215 11501 2189 2217 11502 2184 2212 11503 2190 2218 11504 2187 2215 11505 2191 2219 11506 2190 2218 11507 2187 2215 11508 2188 2216 11509 2191 2219 11510 2192 2220 11511 2183 2211 11512 2189 2217 11513 737 758 11514 2193 2221 11515 2186 2214 11516 2186 2214 11517 2194 2222 11518 2188 2216 11519 2069 2092 11520 2082 2105 11521 2081 2104 11522 2070 2093 11523 2078 2101 11524 2195 2223 11525 2073 2096 11526 2196 2224 11527 2072 2095 11528 2072 2095 11529 2197 2225 11530 2071 2094 11531 2196 2224 11532 2197 2225 11533 2072 2095 11534 2074 2097 11535 2198 2226 11536 2073 2096 11537 2198 2226 11538 2196 2224 11539 2073 2096 11540 2075 2098 11541 2199 2227 11542 2074 2097 11543 2199 2227 11544 2198 2226 11545 2074 2097 11546 2200 2228 11547 2199 2227 11548 2075 2098 11549 2077 2100 11550 2076 2099 11551 2201 2229 11552 2077 2100 11553 2201 2229 11554 2202 2230 11555 2078 2101 11556 2077 2100 11557 2202 2230 11558 2195 2223 11559 2078 2101 11560 2203 2231 11561 2078 2101 11562 2202 2230 11563 2203 2231 11564 2080 2103 11565 2204 2232 11566 2079 2102 11567 2080 2103 11568 2205 2233 11569 2204 2232 11570 2081 2104 11571 2205 2233 11572 2080 2103 11573 2082 2105 11574 2206 2234 11575 2081 2104 11576 2081 2104 11577 2206 2234 11578 2205 2233 11579 2195 2223 11580 2203 2231 11581 2207 2235 11582 2196 2224 11583 2208 2236 11584 2197 2225 11585 2209 2237 11586 2208 2236 11587 2196 2224 11588 2198 2226 11589 2209 2237 11590 2196 2224 11591 2210 2238 11592 2209 2237 11593 2198 2226 11594 2199 2227 11595 2210 2238 11596 2198 2226 11597 2211 2239 11598 2210 2238 11599 2199 2227 11600 2200 2228 11601 2211 2239 11602 2199 2227 11603 2212 2240 11604 2211 2239 11605 2200 2228 11606 2202 2230 11607 2201 2229 11608 2213 2241 11609 2202 2230 11610 2213 2241 11611 2214 2242 11612 2203 2231 11613 2202 2230 11614 2214 2242 11615 2203 2231 11616 2214 2242 11617 2215 2243 11618 2207 2235 11619 2203 2231 11620 2215 2243 11621 2206 2234 11622 2216 2244 11623 2205 2233 11624 2205 2233 11625 2217 2245 11626 2204 2232 11627 2205 2233 11628 2216 2244 11629 2217 2245 11630 2207 2235 11631 2215 2243 11632 2218 2246 11633 2209 2237 11634 2219 2247 11635 2208 2236 11636 2220 2248 11637 2219 2247 11638 2209 2237 11639 2210 2238 11640 2220 2248 11641 2209 2237 11642 2211 2239 11643 2221 2249 11644 2210 2238 11645 2221 2249 11646 2220 2248 11647 2210 2238 11648 2222 2250 11649 2221 2249 11650 2211 2239 11651 2212 2240 11652 2222 2250 11653 2211 2239 11654 2223 2251 11655 2222 2250 11656 2212 2240 11657 2215 2243 11658 2214 2242 11659 2224 2252 11660 2214 2242 11661 2225 2253 11662 2224 2252 11663 2214 2242 11664 2213 2241 11665 2225 2253 11666 2215 2243 11667 2224 2252 11668 2226 2254 11669 2218 2246 11670 2215 2243 11671 2226 2254 11672 2218 2246 11673 2226 2254 11674 2227 2255 11675 2221 2249 11676 2228 2256 11677 2220 2248 11678 2220 2248 11679 2229 2257 11680 2219 2247 11681 2228 2256 11682 2229 2257 11683 2220 2248 11684 2222 2250 11685 2230 2258 11686 2221 2249 11687 2230 2258 11688 2228 2256 11689 2221 2249 11690 2223 2251 11691 2231 2259 11692 2222 2250 11693 2231 2259 11694 2230 2258 11695 2222 2250 11696 2232 2260 11697 2231 2259 11698 2223 2251 11699 2224 2252 11700 2225 2253 11701 2233 2261 11702 2224 2252 11703 2233 2261 11704 2234 2262 11705 2226 2254 11706 2224 2252 11707 2234 2262 11708 2226 2254 11709 2234 2262 11710 2235 2263 11711 2227 2255 11712 2226 2254 11713 2235 2263 11714 2227 2255 11715 2235 2263 11716 2236 2264 11717 2230 2258 11718 2237 2265 11719 2228 2256 11720 2228 2256 11721 2238 2266 11722 2229 2257 11723 2237 2265 11724 2238 2266 11725 2228 2256 11726 2239 2267 11727 2237 2265 11728 2230 2258 11729 2231 2259 11730 2239 2267 11731 2230 2258 11732 2240 2268 11733 2239 2267 11734 2231 2259 11735 2232 2260 11736 2240 2268 11737 2231 2259 11738 2241 2269 11739 2240 2268 11740 2232 2260 11741 2234 2262 11742 2233 2261 11743 2242 2270 11744 2235 2263 11745 2234 2262 11746 2243 2271 11747 2234 2262 11748 2242 2270 11749 2243 2271 11750 2236 2264 11751 2235 2263 11752 2244 2272 11753 2235 2263 11754 2243 2271 11755 2244 2272 11756 2236 2264 11757 2244 2272 11758 2245 2273 11759 2245 2273 11760 2246 2274 11761 2241 2269 11762 2241 2269 11763 2246 2274 11764 2240 2268 11765 2245 2273 11766 2244 2272 11767 2246 2274 11768 2244 2272 11769 2247 2275 11770 2246 2274 11771 2244 2272 11772 2243 2271 11773 2247 2275 11774 2246 2274 11775 2248 2276 11776 2240 2268 11777 2240 2268 11778 2248 2276 11779 2239 2267 11780 2248 2276 11781 2249 2277 11782 2239 2267 11783 2239 2267 11784 2249 2277 11785 2237 2265 11786 2249 2277 11787 2250 2278 11788 2237 2265 11789 2237 2265 11790 2250 2278 11791 2238 2266 11792 2246 2274 11793 2247 2275 11794 2248 2276 11795 2243 2271 11796 2251 2279 11797 2247 2275 11798 2243 2271 11799 2242 2270 11800 2251 2279 11801 2247 2275 11802 2251 2279 11803 2252 2280 11804 2247 2275 11805 2252 2280 11806 2248 2276 11807 2248 2276 11808 2252 2280 11809 2249 2277 11810 2252 2280 11811 2253 2281 11812 2249 2277 11813 2249 2277 11814 2253 2281 11815 2250 2278 11816 2251 2279 11817 2254 2282 11818 2252 2280 11819 2252 2280 11820 2254 2282 11821 2253 2281 11822 2242 2270 11823 2255 2283 11824 2251 2279 11825 2251 2279 11826 2255 2283 11827 2254 2282 11828 2254 2282 11829 2256 2284 11830 2253 2281 11831 2253 2281 11832 2257 2285 11833 2250 2278 11834 2253 2281 11835 2256 2284 11836 2257 2285 11837 2255 2283 11838 2258 2286 11839 2254 2282 11840 2254 2282 11841 2258 2286 11842 2256 2284 11843 2250 2278 11844 2257 2285 11845 2259 2287 11846 2250 2278 11847 2259 2287 11848 2238 2266 11849 2256 2284 11850 2260 2288 11851 2257 2285 11852 2256 2284 11853 2261 2289 11854 2260 2288 11855 2258 2286 11856 2261 2289 11857 2256 2284 11858 2257 2285 11859 2262 2290 11860 2259 2287 11861 2257 2285 11862 2260 2288 11863 2262 2290 11864 2258 2286 11865 2263 2291 11866 2261 2289 11867 2264 2292 11868 2263 2291 11869 2258 2286 11870 2255 2283 11871 2264 2292 11872 2258 2286 11873 2259 2287 11874 2262 2290 11875 2265 2293 11876 2238 2266 11877 2259 2287 11878 2266 2294 11879 2259 2287 11880 2265 2293 11881 2266 2294 11882 2238 2266 11883 2266 2294 11884 2229 2257 11885 2261 2289 11886 2267 2295 11887 2260 2288 11888 2260 2288 11889 2268 2296 11890 2262 2290 11891 2260 2288 11892 2267 2295 11893 2268 2296 11894 2263 2291 11895 2269 2297 11896 2261 2289 11897 2261 2289 11898 2269 2297 11899 2267 2295 11900 2262 2290 11901 2268 2296 11902 2270 2298 11903 2262 2290 11904 2270 2298 11905 2265 2293 11906 2264 2292 11907 2271 2299 11908 2263 2291 11909 2263 2291 11910 2272 2300 11911 2269 2297 11912 2271 2299 11913 2272 2300 11914 2263 2291 11915 2265 2293 11916 2270 2298 11917 2273 2301 11918 2266 2294 11919 2265 2293 11920 2274 2302 11921 2265 2293 11922 2273 2301 11923 2274 2302 11924 2266 2294 11925 2274 2302 11926 2275 2303 11927 2229 2257 11928 2266 2294 11929 2275 2303 11930 2229 2257 11931 2275 2303 11932 2219 2247 11933 2267 2295 11934 2276 2304 11935 2268 2296 11936 2267 2295 11937 2277 2305 11938 2276 2304 11939 2269 2297 11940 2277 2305 11941 2267 2295 11942 2268 2296 11943 2278 2306 11944 2270 2298 11945 2268 2296 11946 2276 2304 11947 2278 2306 11948 2272 2300 11949 2279 2307 11950 2269 2297 11951 2269 2297 11952 2279 2307 11953 2277 2305 11954 2270 2298 11955 2280 2308 11956 2273 2301 11957 2270 2298 11958 2278 2306 11959 2280 2308 11960 2272 2300 11961 2281 2309 11962 2279 2307 11963 2282 2310 11964 2281 2309 11965 2272 2300 11966 2271 2299 11967 2282 2310 11968 2272 2300 11969 2277 2305 11970 2283 2311 11971 2276 2304 11972 2276 2304 11973 2283 2311 11974 2278 2306 11975 2281 2309 11976 2283 2311 11977 2279 2307 11978 2279 2307 11979 2283 2311 11980 2277 2305 11981 2278 2306 11982 2283 2311 11983 2280 2308 11984 2273 2301 11985 2280 2308 11986 2284 2312 11987 2273 2301 11988 2284 2312 11989 2285 2313 11990 2274 2302 11991 2273 2301 11992 2285 2313 11993 2274 2302 11994 2285 2313 11995 2286 2314 11996 2275 2303 11997 2274 2302 11998 2286 2314 11999 2275 2303 12000 2286 2314 12001 2287 2315 12002 2219 2247 12003 2275 2303 12004 2287 2315 12005 2280 2308 12006 2283 2311 12007 2284 2312 12008 2219 2247 12009 2287 2315 12010 2208 2236 12011 2288 2316 12012 2283 2311 12013 2281 2309 12014 2282 2310 12015 2288 2316 12016 2281 2309 12017 2284 2312 12018 2283 2311 12019 2289 2317 12020 2285 2313 12021 2284 2312 12022 2289 2317 12023 2285 2313 12024 2289 2317 12025 2290 2318 12026 2286 2314 12027 2285 2313 12028 2290 2318 12029 2286 2314 12030 2290 2318 12031 2291 2319 12032 2287 2315 12033 2286 2314 12034 2291 2319 12035 2208 2236 12036 2287 2315 12037 2292 2320 12038 2287 2315 12039 2291 2319 12040 2292 2320 12041 2289 2317 12042 2283 2311 12043 2293 2321 12044 2290 2318 12045 2289 2317 12046 2293 2321 12047 2290 2318 12048 2293 2321 12049 2294 2322 12050 2291 2319 12051 2290 2318 12052 2294 2322 12053 2292 2320 12054 2291 2319 12055 2295 2323 12056 2291 2319 12057 2294 2322 12058 2295 2323 12059 2208 2236 12060 2292 2320 12061 2197 2225 12062 2292 2320 12063 2295 2323 12064 2296 2324 12065 2197 2225 12066 2292 2320 12067 2296 2324 12068 2294 2322 12069 2293 2321 12070 2297 2325 12071 2294 2322 12072 2297 2325 12073 2298 2326 12074 2295 2323 12075 2294 2322 12076 2298 2326 12077 2296 2324 12078 2295 2323 12079 2299 2327 12080 2295 2323 12081 2298 2326 12082 2299 2327 12083 2293 2321 12084 2283 2311 12085 2297 2325 12086 2297 2325 12087 2283 2311 12088 2300 2328 12089 2298 2326 12090 2297 2325 12091 2300 2328 12092 2298 2326 12093 2300 2328 12094 2301 2329 12095 2299 2327 12096 2298 2326 12097 2301 2329 12098 2197 2225 12099 2296 2324 12100 2071 2094 12101 2071 2094 12102 2296 2324 12103 2082 2105 12104 2296 2324 12105 2299 2327 12106 2082 2105 12107 2299 2327 12108 2301 2329 12109 2206 2234 12110 2082 2105 12111 2299 2327 12112 2206 2234 12113 2300 2328 12114 2283 2311 12115 2302 2330 12116 2301 2329 12117 2300 2328 12118 2302 2330 12119 2301 2329 12120 2302 2330 12121 2216 2244 12122 2206 2234 12123 2301 2329 12124 2216 2244 12125 2302 2330 12126 2283 2311 12127 2303 2331 12128 2216 2244 12129 2302 2330 12130 2303 2331 12131 2216 2244 12132 2303 2331 12133 2217 2245 12134 2303 2331 12135 2283 2311 12136 2304 2332 12137 2217 2245 12138 2303 2331 12139 2304 2332 12140 2304 2332 12141 2283 2311 12142 2305 2333 12143 2306 2334 12144 2304 2332 12145 2305 2333 12146 2217 2245 12147 2304 2332 12148 2306 2334 12149 2204 2232 12150 2217 2245 12151 2306 2334 12152 2305 2333 12153 2283 2311 12154 2307 2335 12155 2308 2336 12156 2305 2333 12157 2307 2335 12158 2306 2334 12159 2305 2333 12160 2308 2336 12161 2204 2232 12162 2306 2334 12163 2309 2337 12164 2309 2337 12165 2306 2334 12166 2308 2336 12167 2079 2102 12168 2204 2232 12169 2309 2337 12170 2309 2337 12171 2308 2336 12172 2310 2338 12173 2308 2336 12174 2307 2335 12175 2311 2339 12176 2310 2338 12177 2308 2336 12178 2311 2339 12179 2079 2102 12180 2309 2337 12181 2312 2340 12182 2312 2340 12183 2309 2337 12184 2310 2338 12185 2066 2089 12186 2079 2102 12187 2312 2340 12188 2310 2338 12189 2311 2339 12190 2313 2341 12191 2314 2342 12192 2310 2338 12193 2313 2341 12194 2312 2340 12195 2310 2338 12196 2314 2342 12197 2066 2089 12198 2312 2340 12199 2315 2343 12200 2315 2343 12201 2312 2340 12202 2314 2342 12203 2313 2341 12204 2311 2339 12205 2316 2344 12206 2311 2339 12207 2317 2345 12208 2316 2344 12209 2311 2339 12210 2307 2335 12211 2317 2345 12212 2307 2335 12213 2283 2311 12214 2317 2345 12215 2317 2345 12216 2283 2311 12217 2318 2346 12218 2316 2344 12219 2317 2345 12220 2318 2346 12221 2063 2086 12222 2066 2089 12223 2315 2343 12224 2313 2341 12225 2316 2344 12226 2319 2347 12227 2320 2348 12228 2313 2341 12229 2319 2347 12230 2314 2342 12231 2313 2341 12232 2320 2348 12233 2315 2343 12234 2314 2342 12235 2321 2349 12236 2321 2349 12237 2314 2342 12238 2320 2348 12239 2063 2086 12240 2315 2343 12241 2076 2099 12242 2076 2099 12243 2315 2343 12244 2321 2349 12245 2319 2347 12246 2316 2344 12247 2322 2350 12248 2316 2344 12249 2318 2346 12250 2322 2350 12251 2322 2350 12252 2318 2346 12253 2323 2351 12254 2318 2346 12255 2283 2311 12256 2323 2351 12257 2323 2351 12258 2283 2311 12259 2288 2316 12260 2319 2347 12261 2322 2350 12262 2324 2352 12263 2325 2353 12264 2319 2347 12265 2324 2352 12266 2320 2348 12267 2319 2347 12268 2325 2353 12269 2321 2349 12270 2320 2348 12271 2326 2354 12272 2326 2354 12273 2320 2348 12274 2325 2353 12275 2076 2099 12276 2321 2349 12277 2201 2229 12278 2201 2229 12279 2321 2349 12280 2326 2354 12281 2322 2350 12282 2323 2351 12283 2327 2355 12284 2324 2352 12285 2322 2350 12286 2327 2355 12287 2186 2214 12288 2193 2221 12289 2194 2222 12290 2188 2216 12291 2194 2222 12292 2328 2356 12293 2188 2216 12294 2328 2356 12295 2191 2219 12296 2329 2357 12297 2192 2220 12298 2189 2217 12299 2189 2217 12300 2330 2358 12301 2329 2357 12302 2190 2218 12303 2330 2358 12304 2189 2217 12305 2190 2218 12306 2191 2219 12307 2331 2359 12308 2332 2360 12309 2190 2218 12310 2331 2359 12311 2330 2358 12312 2190 2218 12313 2332 2360 12314 2191 2219 12315 2333 2361 12316 2331 2359 12317 2191 2219 12318 2328 2356 12319 2333 2361 12320 2330 2358 12321 2332 2360 12322 2334 2362 12323 2334 2362 12324 2329 2357 12325 2330 2358 12326 2335 2363 12327 2192 2220 12328 2329 2357 12329 2336 2364 12330 2335 2363 12331 2329 2357 12332 2336 2364 12333 2329 2357 12334 2334 2362 12335 2331 2359 12336 2333 2361 12337 2337 2365 12338 2337 2365 12339 2332 2360 12340 2331 2359 12341 2193 2221 12342 2338 2366 12343 2194 2222 12344 2339 2367 12345 2328 2356 12346 2194 2222 12347 2194 2222 12348 2338 2366 12349 2339 2367 12350 2340 2368 12351 2333 2361 12352 2328 2356 12353 2340 2368 12354 2328 2356 12355 2339 2367 12356 2341 2369 12357 2333 2361 12358 2340 2368 12359 2333 2361 12360 2341 2369 12361 2337 2365 12362 2334 2362 12363 2332 2360 12364 2342 2370 12365 2343 2371 12366 2342 2370 12367 2332 2360 12368 2343 2371 12369 2332 2360 12370 2337 2365 12371 2337 2365 12372 2341 2369 12373 2344 2372 12374 2337 2365 12375 2344 2372 12376 2343 2371 12377 2345 2373 12378 2335 2363 12379 2336 2364 12380 2339 2367 12381 2346 2374 12382 2340 2368 12383 2339 2367 12384 2347 2375 12385 2346 2374 12386 2338 2366 12387 2347 2375 12388 2339 2367 12389 2348 2376 12390 2341 2369 12391 2340 2368 12392 2340 2368 12393 2346 2374 12394 2348 2376 12395 2349 2377 12396 2341 2369 12397 2348 2376 12398 2341 2369 12399 2349 2377 12400 2344 2372 12401 2350 2378 12402 2342 2370 12403 2343 2371 12404 2343 2371 12405 2351 2379 12406 2350 2378 12407 2343 2371 12408 2344 2372 12409 2351 2379 12410 2344 2372 12411 2352 2380 12412 2351 2379 12413 2344 2372 12414 2349 2377 12415 2352 2380 12416 2350 2378 12417 2351 2379 12418 2353 2381 12419 2351 2379 12420 2352 2380 12421 2354 2382 12422 2354 2382 12423 2353 2381 12424 2351 2379 12425 2355 2383 12426 2353 2381 12427 2354 2382 12428 2338 2366 12429 2356 2384 12430 2347 2375 12431 2357 2385 12432 2356 2384 12433 2338 2366 12434 2338 2366 12435 2193 2221 12436 2357 2385 12437 2357 2385 12438 2358 2386 12439 2356 2384 12440 2357 2385 12441 2193 2221 12442 2359 2387 12443 2357 2385 12444 2359 2387 12445 2358 2386 12446 2356 2384 12447 2358 2386 12448 2360 2388 12449 737 758 12450 2359 2387 12451 2193 2221 12452 2358 2386 12453 2359 2387 12454 2361 2389 12455 2358 2386 12456 2362 2390 12457 2360 2388 12458 2358 2386 12459 2361 2389 12460 2362 2390 12461 736 757 12462 2359 2387 12463 737 758 12464 736 757 12465 2361 2389 12466 2359 2387 12467 2360 2388 12468 2362 2390 12469 2363 2391 12470 2364 2392 12471 2361 2389 12472 736 757 12473 2364 2392 12474 2365 2393 12475 2361 2389 12476 2362 2390 12477 2361 2389 12478 2365 2393 12479 2362 2390 12480 2365 2393 12481 2366 2394 12482 2362 2390 12483 2366 2394 12484 2363 2391 12485 727 748 12486 2364 2392 12487 736 757 12488 2363 2391 12489 2366 2394 12490 2367 2395 12491 2368 2396 12492 2364 2392 12493 727 748 12494 2368 2396 12495 2369 2397 12496 2364 2392 12497 2369 2397 12498 2365 2393 12499 2364 2392 12500 2365 2393 12501 2369 2397 12502 2370 2398 12503 2366 2394 12504 2365 2393 12505 2370 2398 12506 2371 2399 12507 2367 2395 12508 2366 2394 12509 2366 2394 12510 2370 2398 12511 2371 2399 12512 2368 2396 12513 727 748 12514 717 738 12515 717 738 12516 2372 2400 12517 2368 2396 12518 2372 2400 12519 2369 2397 12520 2368 2396 12521 2372 2400 12522 2373 2401 12523 2369 2397 12524 2370 2398 12525 2369 2397 12526 2373 2401 12527 2373 2401 12528 2374 2402 12529 2370 2398 12530 2371 2399 12531 2370 2398 12532 2374 2402 12533 2375 2403 12534 2367 2395 12535 2371 2399 12536 2371 2399 12537 2376 2404 12538 2375 2403 12539 2377 2405 12540 2376 2404 12541 2371 2399 12542 2374 2402 12543 2377 2405 12544 2371 2399 12545 2378 2406 12546 2372 2400 12547 717 738 12548 2379 2407 12549 2373 2401 12550 2372 2400 12551 2378 2406 12552 2379 2407 12553 2372 2400 12554 2379 2407 12555 2380 2408 12556 2373 2401 12557 2380 2408 12558 2374 2402 12559 2373 2401 12560 2380 2408 12561 2381 2409 12562 2374 2402 12563 2381 2409 12564 2377 2405 12565 2374 2402 12566 717 738 12567 2382 2410 12568 2378 2406 12569 717 738 12570 569 578 12571 2382 2410 12572 2377 2405 12573 2383 2411 12574 2376 2404 12575 2381 2409 12576 2384 2412 12577 2377 2405 12578 2384 2412 12579 2383 2411 12580 2377 2405 12581 2385 2413 12582 2380 2408 12583 2379 2407 12584 561 570 12585 2379 2407 12586 2378 2406 12587 561 570 12588 2385 2413 12589 2379 2407 12590 2386 2414 12591 2381 2409 12592 2380 2408 12593 2385 2413 12594 2386 2414 12595 2380 2408 12596 2386 2414 12597 2387 2415 12598 2381 2409 12599 2387 2415 12600 2384 2412 12601 2381 2409 12602 561 570 12603 2378 2406 12604 2388 2416 12605 2378 2406 12606 2382 2410 12607 2389 2417 12608 2388 2416 12609 2378 2406 12610 2389 2417 12611 569 578 12612 570 579 12613 2382 2410 12614 2389 2417 12615 2382 2410 12616 570 579 12617 2384 2412 12618 2390 2418 12619 2383 2411 12620 2391 2419 12621 2390 2418 12622 2384 2412 12623 2387 2415 12624 2391 2419 12625 2384 2412 12626 560 569 12627 2385 2413 12628 561 570 12629 560 569 12630 713 734 12631 2385 2413 12632 713 734 12633 2386 2414 12634 2385 2413 12635 713 734 12636 2392 2420 12637 2386 2414 12638 2392 2420 12639 2387 2415 12640 2386 2414 12641 2392 2420 12642 2393 2421 12643 2387 2415 12644 2393 2421 12645 2391 2419 12646 2387 2415 12647 570 579 12648 567 576 12649 2389 2417 12650 2389 2417 12651 567 576 12652 2388 2416 12653 567 576 12654 562 571 12655 2388 2416 12656 562 571 12657 561 570 12658 2388 2416 12659 2394 2422 12660 2390 2418 12661 2391 2419 12662 2393 2421 12663 2394 2422 12664 2391 2419 12665 2395 2423 12666 2390 2418 12667 2394 2422 12668 712 733 12669 2392 2420 12670 713 734 12671 712 733 12672 2396 2424 12673 2392 2420 12674 2396 2424 12675 2393 2421 12676 2392 2420 12677 2397 2425 12678 2393 2421 12679 2396 2424 12680 2398 2426 12681 2393 2421 12682 2397 2425 12683 2398 2426 12684 2394 2422 12685 2393 2421 12686 2399 2427 12687 2396 2424 12688 712 733 12689 2396 2424 12690 2399 2427 12691 2397 2425 12692 712 733 12693 704 725 12694 2399 2427 12695 2395 2423 12696 2394 2422 12697 2400 2428 12698 2401 2429 12699 2394 2422 12700 2398 2426 12701 2402 2430 12702 2394 2422 12703 2401 2429 12704 2400 2428 12705 2394 2422 12706 2402 2430 12707 2397 2425 12708 2403 2431 12709 2398 2426 12710 2398 2426 12711 2403 2431 12712 2401 2429 12713 2400 2428 12714 231 231 12715 2395 2423 12716 2397 2425 12717 2399 2427 12718 2404 2432 12719 2405 2433 12720 2403 2431 12721 2397 2425 12722 2404 2432 12723 2405 2433 12724 2397 2425 12725 2399 2427 12726 704 725 12727 2406 2434 12728 2406 2434 12729 2404 2432 12730 2399 2427 12731 236 236 12732 2406 2434 12733 704 725 12734 2400 2428 12735 2402 2430 12736 2407 2435 12737 2407 2435 12738 230 230 12739 2400 2428 12740 230 230 12741 231 231 12742 2400 2428 12743 2402 2430 12744 2401 2429 12745 2408 2436 12746 2407 2435 12747 2402 2430 12748 2408 2436 12749 2408 2436 12750 2401 2429 12751 2409 2437 12752 2401 2429 12753 2403 2431 12754 2410 2438 12755 2401 2429 12756 2410 2438 12757 2409 2437 12758 2405 2433 12759 2411 2439 12760 2403 2431 12761 2403 2431 12762 2412 2440 12763 2410 2438 12764 2403 2431 12765 2411 2439 12766 2412 2440 12767 2405 2433 12768 2413 2441 12769 2411 2439 12770 2413 2441 12771 2405 2433 12772 2404 2432 12773 2414 2442 12774 2404 2432 12775 2406 2434 12776 2414 2442 12777 2413 2441 12778 2404 2432 12779 235 235 12780 2406 2434 12781 236 236 12782 2406 2434 12783 235 235 12784 2414 2442 12785 2408 2436 12786 2415 2443 12787 2407 2435 12788 2409 2437 12789 2415 2443 12790 2408 2436 12791 233 233 12792 230 230 12793 2407 2435 12794 2407 2435 12795 2415 2443 12796 233 233 12797 2409 2437 12798 2410 2438 12799 2416 2444 12800 2416 2444 12801 2415 2443 12802 2409 2437 12803 2416 2444 12804 2410 2438 12805 2417 2445 12806 2410 2438 12807 2412 2440 12808 2418 2446 12809 2417 2445 12810 2410 2438 12811 2418 2446 12812 2417 2445 12813 2415 2443 12814 2416 2444 12815 2412 2440 12816 2411 2439 12817 223 223 12818 2412 2440 12819 226 226 12820 2418 2446 12821 223 223 12822 226 226 12823 2412 2440 12824 2411 2439 12825 2413 2441 12826 2419 2447 12827 223 223 12828 2411 2439 12829 221 221 12830 2411 2439 12831 2419 2447 12832 221 221 12833 2420 2448 12834 2419 2447 12835 2413 2441 12836 2420 2448 12837 2413 2441 12838 2414 2442 12839 2414 2442 12840 235 235 12841 2421 2449 12842 2414 2442 12843 2421 2449 12844 2420 2448 12845 2418 2446 12846 2422 2450 12847 2417 2445 12848 2418 2446 12849 226 226 12850 2422 2450 12851 2417 2445 12852 2422 2450 12853 2423 2451 12854 2423 2451 12855 2415 2443 12856 2417 2445 12857 233 233 12858 2415 2443 12859 232 232 12860 232 232 12861 2415 2443 12862 2423 2451 12863 2423 2451 12864 2422 2450 12865 232 232 12866 2422 2450 12867 226 226 12868 229 229 12869 232 232 12870 2422 2450 12871 229 229 12872 2424 2452 12873 2419 2447 12874 2420 2448 12875 2424 2452 12876 2425 2453 12877 2419 2447 12878 221 221 12879 2419 2447 12880 2425 2453 12881 2424 2452 12882 2420 2448 12883 2426 2454 12884 2420 2448 12885 2421 2449 12886 2427 2455 12887 2426 2454 12888 2420 2448 12889 2427 2455 12890 2424 2452 12891 2426 2454 12892 2428 2456 12893 2428 2456 12894 2425 2453 12895 2424 2452 12896 2428 2456 12897 213 213 12898 2425 2453 12899 213 213 12900 221 221 12901 2425 2453 12902 2421 2449 12903 2429 2457 12904 2427 2455 12905 235 235 12906 2429 2457 12907 2421 2449 12908 2427 2455 12909 2429 2457 12910 2430 2458 12911 2427 2455 12912 2430 2458 12913 2426 2454 12914 2426 2454 12915 2430 2458 12916 2431 2459 12917 2431 2459 12918 2432 2460 12919 2426 2454 12920 2428 2456 12921 2426 2454 12922 2432 2460 12923 206 206 12924 213 213 12925 2428 2456 12926 2432 2460 12927 206 206 12928 2428 2456 12929 2433 2461 12930 2432 2460 12931 2431 2459 12932 2434 2462 12933 206 206 12934 2432 2460 12935 2432 2460 12936 2433 2461 12937 2434 2462 12938 237 237 12939 2429 2457 12940 235 235 12941 240 240 12942 2429 2457 12943 237 237 12944 2435 2463 12945 2429 2457 12946 240 240 12947 2429 2457 12948 2435 2463 12949 2430 2458 12950 2430 2458 12951 2435 2463 12952 2436 2464 12953 2437 2465 12954 2430 2458 12955 2436 2464 12956 2431 2459 12957 2430 2458 12958 2437 2465 12959 2437 2465 12960 2036 2059 12961 2431 2459 12962 2438 2466 12963 2433 2461 12964 2431 2459 12965 2431 2459 12966 2036 2059 12967 2438 2466 12968 2439 2467 12969 2433 2461 12970 2438 2466 12971 2434 2462 12972 2433 2461 12973 2440 2468 12974 2433 2461 12975 2439 2467 12976 2440 2468 12977 2440 2468 12978 2441 2469 12979 2434 2462 12980 198 198 12981 2434 2462 12982 2441 2469 12983 206 206 12984 2434 2462 12985 198 198 12986 2437 2465 12987 2037 2060 12988 2036 2059 12989 2437 2465 12990 2436 2464 12991 2037 2060 12992 2435 2463 12993 2442 2470 12994 2436 2464 12995 245 245 12996 2435 2463 12997 240 240 12998 2442 2470 12999 2435 2463 13000 245 245 13001 2436 2464 13002 2442 2470 13003 2443 2471 13004 2037 2060 13005 2436 2464 13006 2443 2471 13007 2444 2472 13008 2439 2467 13009 2438 2466 13010 2036 2059 13011 262 262 13012 2438 2466 13013 2438 2466 13014 262 262 13015 2444 2472 13016 2445 2473 13017 2439 2467 13018 2444 2472 13019 2440 2468 13020 2439 2467 13021 2446 2474 13022 2439 2467 13023 2445 2473 13024 2446 2474 13025 2446 2474 13026 2447 2475 13027 2440 2468 13028 2447 2475 13029 2441 2469 13030 2440 2468 13031 2442 2470 13032 245 245 13033 253 253 13034 2442 2470 13035 253 253 13036 2443 2471 13037 253 253 13038 2037 2060 13039 2443 2471 13040 2447 2475 13041 181 181 13042 2441 2469 13043 2441 2469 13044 188 188 13045 198 198 13046 181 181 13047 188 188 13048 2441 2469 13049 2444 2472 13050 2448 2476 13051 2445 2473 13052 2444 2472 13053 262 262 13054 263 263 13055 2327 2355 13056 2323 2351 13057 2288 2316 13058 2327 2355 13059 2288 2316 13060 2282 2310 13061 2324 2352 13062 2327 2355 13063 2449 2477 13064 2449 2477 13065 2327 2355 13066 2282 2310 13067 2325 2353 13068 2324 2352 13069 2450 2478 13070 2450 2478 13071 2324 2352 13072 2449 2477 13073 2326 2354 13074 2325 2353 13075 2451 2479 13076 2451 2479 13077 2325 2353 13078 2450 2478 13079 2201 2229 13080 2326 2354 13081 2213 2241 13082 2213 2241 13083 2326 2354 13084 2451 2479 13085 2449 2477 13086 2282 2310 13087 2271 2299 13088 2450 2478 13089 2449 2477 13090 2452 2480 13091 2452 2480 13092 2449 2477 13093 2271 2299 13094 2451 2479 13095 2450 2478 13096 2453 2481 13097 2453 2481 13098 2450 2478 13099 2452 2480 13100 2213 2241 13101 2451 2479 13102 2225 2253 13103 2225 2253 13104 2451 2479 13105 2453 2481 13106 2452 2480 13107 2271 2299 13108 2264 2292 13109 2453 2481 13110 2452 2480 13111 2454 2482 13112 2454 2482 13113 2452 2480 13114 2264 2292 13115 2225 2253 13116 2453 2481 13117 2233 2261 13118 2233 2261 13119 2453 2481 13120 2454 2482 13121 2454 2482 13122 2264 2292 13123 2255 2283 13124 2233 2261 13125 2454 2482 13126 2242 2270 13127 2242 2270 13128 2454 2482 13129 2255 2283 13130 2455 2483 13131 2456 2484 13132 2457 2485 13133 2455 2483 13134 2458 2486 13135 2456 2484 13136 2459 2487 13137 2458 2486 13138 2455 2483 13139 2457 2485 13140 2456 2484 13141 2460 2488 13142 2456 2484 13143 2461 2489 13144 2460 2488 13145 2458 2486 13146 2462 2490 13147 2456 2484 13148 2456 2484 13149 2462 2490 13150 2461 2489 13151 2457 2485 13152 2460 2488 13153 2463 2491 13154 2458 2486 13155 2464 2492 13156 2462 2490 13157 2465 2493 13158 2464 2492 13159 2458 2486 13160 2459 2487 13161 2465 2493 13162 2458 2486 13163 2466 2494 13164 2465 2493 13165 2459 2487 13166 2460 2488 13167 2461 2489 13168 2467 2495 13169 2463 2491 13170 2460 2488 13171 2468 2496 13172 2460 2488 13173 2467 2495 13174 2468 2496 13175 2461 2489 13176 2469 2497 13177 2467 2495 13178 2461 2489 13179 2470 2498 13180 2469 2497 13181 2462 2490 13182 2470 2498 13183 2461 2489 13184 2464 2492 13185 2471 2499 13186 2462 2490 13187 2462 2490 13188 2471 2499 13189 2470 2498 13190 2463 2491 13191 2468 2496 13192 2472 2500 13193 2464 2492 13194 2473 2501 13195 2471 2499 13196 2474 2502 13197 2473 2501 13198 2464 2492 13199 2465 2493 13200 2474 2502 13201 2464 2492 13202 2466 2494 13203 2475 2503 13204 2465 2493 13205 2475 2503 13206 2474 2502 13207 2465 2493 13208 2476 2504 13209 2475 2503 13210 2466 2494 13211 2467 2495 13212 2469 2497 13213 2477 2505 13214 2467 2495 13215 2477 2505 13216 2478 2506 13217 2468 2496 13218 2467 2495 13219 2478 2506 13220 2468 2496 13221 2478 2506 13222 2479 2507 13223 2472 2500 13224 2468 2496 13225 2479 2507 13226 2469 2497 13227 2480 2508 13228 2477 2505 13229 2469 2497 13230 2481 2509 13231 2480 2508 13232 2470 2498 13233 2481 2509 13234 2469 2497 13235 2471 2499 13236 2482 2510 13237 2470 2498 13238 2470 2498 13239 2482 2510 13240 2481 2509 13241 2473 2501 13242 2483 2511 13243 2471 2499 13244 2471 2499 13245 2483 2511 13246 2482 2510 13247 2472 2500 13248 2479 2507 13249 2484 2512 13250 2473 2501 13251 2485 2513 13252 2483 2511 13253 2486 2514 13254 2485 2513 13255 2473 2501 13256 2474 2502 13257 2486 2514 13258 2473 2501 13259 2487 2515 13260 2486 2514 13261 2474 2502 13262 2475 2503 13263 2487 2515 13264 2474 2502 13265 2476 2504 13266 2488 2516 13267 2475 2503 13268 2488 2516 13269 2487 2515 13270 2475 2503 13271 2489 2517 13272 2488 2516 13273 2476 2504 13274 2478 2506 13275 2477 2505 13276 2490 2518 13277 2478 2506 13278 2490 2518 13279 2491 2519 13280 2479 2507 13281 2478 2506 13282 2491 2519 13283 2479 2507 13284 2491 2519 13285 2492 2520 13286 2484 2512 13287 2479 2507 13288 2492 2520 13289 2481 2509 13290 2493 2521 13291 2480 2508 13292 2481 2509 13293 2494 2522 13294 2493 2521 13295 2482 2510 13296 2494 2522 13297 2481 2509 13298 2483 2511 13299 2495 2523 13300 2482 2510 13301 2482 2510 13302 2495 2523 13303 2494 2522 13304 2485 2513 13305 2496 2524 13306 2483 2511 13307 2483 2511 13308 2496 2524 13309 2495 2523 13310 2484 2512 13311 2492 2520 13312 2497 2525 13313 2487 2515 13314 2498 2526 13315 2486 2514 13316 2486 2514 13317 2499 2527 13318 2485 2513 13319 2498 2526 13320 2499 2527 13321 2486 2514 13322 2488 2516 13323 2500 2528 13324 2487 2515 13325 2500 2528 13326 2498 2526 13327 2487 2515 13328 2489 2517 13329 2501 2529 13330 2488 2516 13331 2501 2529 13332 2500 2528 13333 2488 2516 13334 2502 2530 13335 2501 2529 13336 2489 2517 13337 2492 2520 13338 2491 2519 13339 2503 2531 13340 2491 2519 13341 2490 2518 13342 2504 2532 13343 2491 2519 13344 2504 2532 13345 2503 2531 13346 2492 2520 13347 2503 2531 13348 2505 2533 13349 2497 2525 13350 2492 2520 13351 2505 2533 13352 2494 2522 13353 2506 2534 13354 2493 2521 13355 2494 2522 13356 2507 2535 13357 2506 2534 13358 2495 2523 13359 2507 2535 13360 2494 2522 13361 2496 2524 13362 2508 2536 13363 2495 2523 13364 2495 2523 13365 2508 2536 13366 2507 2535 13367 2497 2525 13368 2505 2533 13369 2509 2537 13370 2498 2526 13371 2510 2538 13372 2499 2527 13373 2511 2539 13374 2510 2538 13375 2498 2526 13376 2500 2528 13377 2511 2539 13378 2498 2526 13379 2512 2540 13380 2511 2539 13381 2500 2528 13382 2501 2529 13383 2512 2540 13384 2500 2528 13385 2502 2530 13386 2513 2541 13387 2501 2529 13388 2513 2541 13389 2512 2540 13390 2501 2529 13391 2514 2542 13392 2513 2541 13393 2502 2530 13394 2505 2533 13395 2503 2531 13396 2515 2543 13397 2503 2531 13398 2516 2544 13399 2515 2543 13400 2503 2531 13401 2504 2532 13402 2516 2544 13403 2505 2533 13404 2515 2543 13405 2517 2545 13406 2509 2537 13407 2505 2533 13408 2517 2545 13409 2507 2535 13410 2518 2546 13411 2506 2534 13412 2507 2535 13413 2519 2547 13414 2518 2546 13415 2508 2536 13416 2519 2547 13417 2507 2535 13418 2509 2537 13419 2517 2545 13420 2520 2548 13421 2512 2540 13422 2521 2549 13423 2511 2539 13424 2511 2539 13425 2522 2550 13426 2510 2538 13427 2521 2549 13428 2522 2550 13429 2511 2539 13430 2523 2551 13431 2521 2549 13432 2512 2540 13433 2513 2541 13434 2523 2551 13435 2512 2540 13436 2514 2542 13437 2524 2552 13438 2513 2541 13439 2524 2552 13440 2523 2551 13441 2513 2541 13442 2525 2553 13443 2524 2552 13444 2514 2542 13445 2517 2545 13446 2515 2543 13447 2526 2554 13448 2515 2543 13449 2527 2555 13450 2526 2554 13451 2515 2543 13452 2516 2544 13453 2527 2555 13454 2517 2545 13455 2526 2554 13456 2528 2556 13457 2520 2548 13458 2517 2545 13459 2528 2556 13460 2520 2548 13461 2528 2556 13462 2529 2557 13463 2523 2551 13464 2530 2558 13465 2521 2549 13466 2521 2549 13467 2531 2559 13468 2522 2550 13469 2530 2558 13470 2531 2559 13471 2521 2549 13472 2524 2552 13473 2532 2560 13474 2523 2551 13475 2532 2560 13476 2530 2558 13477 2523 2551 13478 2525 2553 13479 2533 2561 13480 2524 2552 13481 2533 2561 13482 2532 2560 13483 2524 2552 13484 2534 2562 13485 2533 2561 13486 2525 2553 13487 2526 2554 13488 2527 2555 13489 2535 2563 13490 2528 2556 13491 2526 2554 13492 2536 2564 13493 2526 2554 13494 2535 2563 13495 2536 2564 13496 2528 2556 13497 2536 2564 13498 2537 2565 13499 2529 2557 13500 2528 2556 13501 2537 2565 13502 2529 2557 13503 2537 2565 13504 2538 2566 13505 2530 2558 13506 2539 2567 13507 2531 2559 13508 2540 2568 13509 2539 2567 13510 2530 2558 13511 2532 2560 13512 2540 2568 13513 2530 2558 13514 2541 2569 13515 2540 2568 13516 2532 2560 13517 2533 2561 13518 2541 2569 13519 2532 2560 13520 2534 2562 13521 2542 2570 13522 2533 2561 13523 2542 2570 13524 2541 2569 13525 2533 2561 13526 2543 2571 13527 2542 2570 13528 2534 2562 13529 2536 2564 13530 2535 2563 13531 2544 2572 13532 2537 2565 13533 2536 2564 13534 2545 2573 13535 2536 2564 13536 2544 2572 13537 2545 2573 13538 2538 2566 13539 2537 2565 13540 2546 2574 13541 2537 2565 13542 2545 2573 13543 2546 2574 13544 2538 2566 13545 2546 2574 13546 2547 2575 13547 2547 2575 13548 2548 2576 13549 2543 2571 13550 2543 2571 13551 2548 2576 13552 2542 2570 13553 2547 2575 13554 2546 2574 13555 2548 2576 13556 2546 2574 13557 2545 2573 13558 2549 2577 13559 2546 2574 13560 2549 2577 13561 2548 2576 13562 2548 2576 13563 2550 2578 13564 2542 2570 13565 2542 2570 13566 2550 2578 13567 2541 2569 13568 2550 2578 13569 2551 2579 13570 2541 2569 13571 2541 2569 13572 2551 2579 13573 2540 2568 13574 2551 2579 13575 2552 2580 13576 2540 2568 13577 2540 2568 13578 2552 2580 13579 2539 2567 13580 2548 2576 13581 2549 2577 13582 2550 2578 13583 2545 2573 13584 2553 2581 13585 2549 2577 13586 2545 2573 13587 2544 2572 13588 2553 2581 13589 2549 2577 13590 2553 2581 13591 2554 2582 13592 2549 2577 13593 2554 2582 13594 2550 2578 13595 2550 2578 13596 2554 2582 13597 2551 2579 13598 2554 2582 13599 2555 2583 13600 2551 2579 13601 2551 2579 13602 2555 2583 13603 2552 2580 13604 2553 2581 13605 2556 2584 13606 2554 2582 13607 2554 2582 13608 2556 2584 13609 2555 2583 13610 2544 2572 13611 2557 2585 13612 2553 2581 13613 2553 2581 13614 2557 2585 13615 2556 2584 13616 2556 2584 13617 2558 2586 13618 2555 2583 13619 2555 2583 13620 2559 2587 13621 2552 2580 13622 2555 2583 13623 2558 2586 13624 2559 2587 13625 2557 2585 13626 2560 2588 13627 2556 2584 13628 2556 2584 13629 2560 2588 13630 2558 2586 13631 2552 2580 13632 2559 2587 13633 2561 2589 13634 2552 2580 13635 2561 2589 13636 2539 2567 13637 2558 2586 13638 2562 2590 13639 2559 2587 13640 2558 2586 13641 2563 2591 13642 2562 2590 13643 2560 2588 13644 2563 2591 13645 2558 2586 13646 2559 2587 13647 2562 2590 13648 2564 2592 13649 2559 2587 13650 2564 2592 13651 2561 2589 13652 2560 2588 13653 2565 2593 13654 2563 2591 13655 2566 2594 13656 2565 2593 13657 2560 2588 13658 2557 2585 13659 2566 2594 13660 2560 2588 13661 2561 2589 13662 2564 2592 13663 2567 2595 13664 2539 2567 13665 2561 2589 13666 2568 2596 13667 2561 2589 13668 2567 2595 13669 2568 2596 13670 2539 2567 13671 2568 2596 13672 2531 2559 13673 2562 2590 13674 2569 2597 13675 2564 2592 13676 2562 2590 13677 2570 2598 13678 2569 2597 13679 2563 2591 13680 2570 2598 13681 2562 2590 13682 2565 2593 13683 2571 2599 13684 2563 2591 13685 2563 2591 13686 2571 2599 13687 2570 2598 13688 2564 2592 13689 2572 2600 13690 2567 2595 13691 2564 2592 13692 2569 2597 13693 2572 2600 13694 2565 2593 13695 2573 2601 13696 2571 2599 13697 2574 2602 13698 2573 2601 13699 2565 2593 13700 2566 2594 13701 2574 2602 13702 2565 2593 13703 2568 2596 13704 2567 2595 13705 2575 2603 13706 2568 2596 13707 2575 2603 13708 2576 2604 13709 2531 2559 13710 2568 2596 13711 2576 2604 13712 2567 2595 13713 2572 2600 13714 2577 2605 13715 2567 2595 13716 2578 2606 13717 2575 2603 13718 2577 2605 13719 2578 2606 13720 2567 2595 13721 2531 2559 13722 2576 2604 13723 2522 2550 13724 2570 2598 13725 2579 2607 13726 2569 2597 13727 2569 2597 13728 2580 2608 13729 2572 2600 13730 2569 2597 13731 2579 2607 13732 2580 2608 13733 2571 2599 13734 2581 2609 13735 2570 2598 13736 2570 2598 13737 2581 2609 13738 2579 2607 13739 2573 2601 13740 2582 2610 13741 2571 2599 13742 2571 2599 13743 2582 2610 13744 2581 2609 13745 2572 2600 13746 2580 2608 13747 2583 2611 13748 2572 2600 13749 2583 2611 13750 2577 2605 13751 2574 2602 13752 2584 2612 13753 2573 2601 13754 2573 2601 13755 2585 2613 13756 2582 2610 13757 2584 2612 13758 2585 2613 13759 2573 2601 13760 2578 2606 13761 2586 2614 13762 2575 2603 13763 2576 2604 13764 2575 2603 13765 2587 2615 13766 2575 2603 13767 2586 2614 13768 2587 2615 13769 2576 2604 13770 2587 2615 13771 2588 2616 13772 2522 2550 13773 2576 2604 13774 2588 2616 13775 2577 2605 13776 2589 2617 13777 2578 2606 13778 2578 2606 13779 2590 2618 13780 2586 2614 13781 2589 2617 13782 2590 2618 13783 2578 2606 13784 2522 2550 13785 2588 2616 13786 2510 2538 13787 2582 2610 13788 2591 2619 13789 2581 2609 13790 2581 2609 13791 2592 2620 13792 2579 2607 13793 2581 2609 13794 2591 2619 13795 2592 2620 13796 2585 2613 13797 2593 2621 13798 2582 2610 13799 2582 2610 13800 2593 2621 13801 2591 2619 13802 2587 2615 13803 2586 2614 13804 2594 2622 13805 2588 2616 13806 2587 2615 13807 2594 2622 13808 2586 2614 13809 2590 2618 13810 2595 2623 13811 2594 2622 13812 2586 2614 13813 2595 2623 13814 2510 2538 13815 2588 2616 13816 2596 2624 13817 2588 2616 13818 2594 2622 13819 2596 2624 13820 2593 2621 13821 2597 2625 13822 2591 2619 13823 2444 2472 13824 263 263 13825 2448 2476 13826 2445 2473 13827 2448 2476 13828 2598 2626 13829 2446 2474 13830 2445 2473 13831 2599 2627 13832 2598 2626 13833 2599 2627 13834 2445 2473 13835 2446 2474 13836 2599 2627 13837 2600 2628 13838 2600 2628 13839 2447 2475 13840 2446 2474 13841 2601 2629 13842 2447 2475 13843 2600 2628 13844 177 177 13845 2447 2475 13846 2601 2629 13847 177 177 13848 181 181 13849 2447 2475 13850 2600 2628 13851 2599 2627 13852 2602 2630 13853 2600 2628 13854 2602 2630 13855 2601 2629 13856 2603 2631 13857 2602 2630 13858 2599 2627 13859 2603 2631 13860 2599 2627 13861 2598 2626 13862 2598 2626 13863 2448 2476 13864 2604 2632 13865 2604 2632 13866 2605 2633 13867 2598 2626 13868 2605 2633 13869 2603 2631 13870 2598 2626 13871 2448 2476 13872 263 263 13873 264 264 13874 273 273 13875 2448 2476 13876 264 264 13877 2606 2634 13878 2448 2476 13879 273 273 13880 2604 2632 13881 2448 2476 13882 2606 2634 13883 2601 2629 13884 174 174 13885 177 177 13886 2601 2629 13887 2602 2630 13888 2607 2635 13889 2601 2629 13890 2607 2635 13891 174 174 13892 2608 2636 13893 2602 2630 13894 2603 2631 13895 2602 2630 13896 2609 2637 13897 2607 2635 13898 2608 2636 13899 2609 2637 13900 2602 2630 13901 2610 2638 13902 2608 2636 13903 2603 2631 13904 2610 2638 13905 2603 2631 13906 2605 2633 13907 2606 2634 13908 273 273 13909 545 554 13910 545 554 13911 2604 2632 13912 2606 2634 13913 2611 2639 13914 2605 2633 13915 2604 2632 13916 2612 2640 13917 2611 2639 13918 2604 2632 13919 2612 2640 13920 2604 2632 13921 545 554 13922 536 545 13923 2605 2633 13924 2611 2639 13925 534 543 13926 2605 2633 13927 536 545 13928 2605 2633 13929 534 543 13930 2610 2638 13931 2613 2641 13932 2608 2636 13933 2610 2638 13934 2608 2636 13935 2613 2641 13936 2609 2637 13937 2614 2642 13938 2613 2641 13939 2610 2638 13940 2610 2638 13941 534 543 13942 2614 2642 13943 174 174 13944 2607 2635 13945 172 172 13946 2607 2635 13947 2615 2643 13948 172 172 13949 2609 2637 13950 2615 2643 13951 2607 2635 13952 2616 2644 13953 2615 2643 13954 2609 2637 13955 2609 2637 13956 2613 2641 13957 2616 2644 13958 2617 2645 13959 536 545 13960 2611 2639 13961 2617 2645 13962 2611 2639 13963 2612 2640 13964 2617 2645 13965 2612 2640 13966 542 551 13967 542 551 13968 2612 2640 13969 545 554 13970 2618 2646 13971 2613 2641 13972 2614 2642 13973 2618 2646 13974 2616 2644 13975 2613 2641 13976 2619 2647 13977 536 545 13978 2617 2645 13979 2617 2645 13980 542 551 13981 2619 2647 13982 2614 2642 13983 2620 2648 13984 2618 2646 13985 2614 2642 13986 533 542 13987 2620 2648 13988 534 543 13989 533 542 13990 2614 2642 13991 539 548 13992 536 545 13993 2619 2647 13994 2619 2647 13995 542 551 13996 539 548 13997 2621 2649 13998 2615 2643 13999 2616 2644 14000 2616 2644 14001 2622 2650 14002 2621 2649 14003 2622 2650 14004 2616 2644 14005 2618 2646 14006 2618 2646 14007 2620 2648 14008 2623 2651 14009 2618 2646 14010 2623 2651 14011 2622 2650 14012 172 172 14013 2615 2643 14014 173 173 14015 2621 2649 14016 2624 2652 14017 2615 2643 14018 173 173 14019 2615 2643 14020 2624 2652 14021 2625 2653 14022 2623 2651 14023 2620 2648 14024 2620 2648 14025 528 537 14026 2625 2653 14027 533 542 14028 528 537 14029 2620 2648 14030 2626 2654 14031 2624 2652 14032 2621 2649 14033 2621 2649 14034 2627 2655 14035 2626 2654 14036 2621 2649 14037 2622 2650 14038 2627 2655 14039 2622 2650 14040 2628 2656 14041 2627 2655 14042 2622 2650 14043 2623 2651 14044 2628 2656 14045 2629 2657 14046 2623 2651 14047 2625 2653 14048 2623 2651 14049 2629 2657 14050 2628 2656 14051 2624 2652 14052 2626 2654 14053 185 185 14054 185 185 14055 173 173 14056 2624 2652 14057 529 538 14058 2629 2657 14059 2625 2653 14060 528 537 14061 529 538 14062 2625 2653 14063 2626 2654 14064 2627 2655 14065 2630 2658 14066 185 185 14067 2626 2654 14068 2631 2659 14069 2626 2654 14070 2630 2658 14071 2631 2659 14072 2627 2655 14073 2632 2660 14074 2630 2658 14075 2627 2655 14076 2628 2656 14077 2632 2660 14078 2628 2656 14079 2633 2661 14080 2632 2660 14081 2628 2656 14082 2629 2657 14083 2633 2661 14084 2634 2662 14085 2629 2657 14086 529 538 14087 2629 2657 14088 2634 2662 14089 2633 2661 14090 2631 2659 14091 2630 2658 14092 2635 2663 14093 2630 2658 14094 2632 2660 14095 2636 2664 14096 2637 2665 14097 2630 2658 14098 2636 2664 14099 2635 2663 14100 2630 2658 14101 2637 2665 14102 2632 2660 14103 2638 2666 14104 2636 2664 14105 2632 2660 14106 2633 2661 14107 2638 2666 14108 2639 2667 14109 2638 2666 14110 2633 2661 14111 2633 2661 14112 2634 2662 14113 2639 2667 14114 2634 2662 14115 529 538 14116 530 539 14117 2634 2662 14118 530 539 14119 2639 2667 14120 2636 2664 14121 2638 2666 14122 2640 2668 14123 2636 2664 14124 2640 2668 14125 2637 2665 14126 2641 2669 14127 2640 2668 14128 2638 2666 14129 2641 2669 14130 2638 2666 14131 2639 2667 14132 2639 2667 14133 2642 2670 14134 2641 2669 14135 2639 2667 14136 530 539 14137 2642 2670 14138 2637 2665 14139 2640 2668 14140 2643 2671 14141 2644 2672 14142 2640 2668 14143 2641 2669 14144 2644 2672 14145 2643 2671 14146 2640 2668 14147 2641 2669 14148 2645 2673 14149 2644 2672 14150 2641 2669 14151 2642 2670 14152 2645 2673 14153 2642 2670 14154 531 540 14155 2645 2673 14156 530 539 14157 531 540 14158 2642 2670 14159 2646 2674 14160 2643 2671 14161 2644 2672 14162 2644 2672 14163 2645 2673 14164 2647 2675 14165 2644 2672 14166 2648 2676 14167 2646 2674 14168 2647 2675 14169 2648 2676 14170 2644 2672 14171 2645 2673 14172 2649 2677 14173 2647 2675 14174 2650 2678 14175 2649 2677 14176 2645 2673 14177 2645 2673 14178 531 540 14179 2650 2678 14180 2648 2676 14181 2647 2675 14182 2651 2679 14183 2651 2679 14184 2647 2675 14185 2649 2677 14186 2650 2678 14187 2652 2680 14188 2649 2677 14189 2649 2677 14190 2652 2680 14191 2651 2679 14192 2653 2681 14193 2652 2680 14194 2650 2678 14195 531 540 14196 2653 2681 14197 2650 2678 14198 2651 2679 14199 2652 2680 14200 2654 2682 14201 2653 2681 14202 2655 2683 14203 2652 2680 14204 2652 2680 14205 2656 2684 14206 2654 2682 14207 2655 2683 14208 2656 2684 14209 2652 2680 14210 2657 2685 14211 2655 2683 14212 2653 2681 14213 524 533 14214 2657 2685 14215 2653 2681 14216 524 533 14217 2653 2681 14218 531 540 14219 2655 2683 14220 2657 2685 14221 2658 2686 14222 2655 2683 14223 2659 2687 14224 2656 2684 14225 2658 2686 14226 2659 2687 14227 2655 2683 14228 2658 2686 14229 2657 2685 14230 2660 2688 14231 2657 2685 14232 2661 2689 14233 2660 2688 14234 2661 2689 14235 2657 2685 14236 524 533 14237 2660 2688 14238 2662 2690 14239 2658 2686 14240 2658 2686 14241 2663 2691 14242 2659 2687 14243 2658 2686 14244 2662 2690 14245 2663 2691 14246 2659 2687 14247 2663 2691 14248 2664 2692 14249 2660 2688 14250 2661 2689 14251 2665 2693 14252 2660 2688 14253 2666 2694 14254 2662 2690 14255 2665 2693 14256 2666 2694 14257 2660 2688 14258 2661 2689 14259 2667 2695 14260 2665 2693 14261 2661 2689 14262 515 524 14263 2667 2695 14264 524 533 14265 515 524 14266 2661 2689 14267 2668 2696 14268 2666 2694 14269 2665 2693 14270 2665 2693 14271 2667 2695 14272 2668 2696 14273 2662 2690 14274 2669 2697 14275 2663 2691 14276 2670 2698 14277 2669 2697 14278 2662 2690 14279 2666 2694 14280 2670 2698 14281 2662 2690 14282 2664 2692 14283 2663 2691 14284 2671 2699 14285 2671 2699 14286 2663 2691 14287 2669 2697 14288 2672 2700 14289 2670 2698 14290 2666 2694 14291 2673 2701 14292 2666 2694 14293 2668 2696 14294 2673 2701 14295 2672 2700 14296 2666 2694 14297 2674 2702 14298 2669 2697 14299 2670 2698 14300 2672 2700 14301 2674 2702 14302 2670 2698 14303 2675 2703 14304 2669 2697 14305 2674 2702 14306 2669 2697 14307 2675 2703 14308 2671 2699 14309 515 524 14310 504 513 14311 2667 2695 14312 2667 2695 14313 2676 2704 14314 2668 2696 14315 2667 2695 14316 504 513 14317 2676 2704 14318 2668 2696 14319 2676 2704 14320 2677 2705 14321 2678 2706 14322 2668 2696 14323 2677 2705 14324 2673 2701 14325 2668 2696 14326 2678 2706 14327 2673 2701 14328 2678 2706 14329 2679 2707 14330 2679 2707 14331 2672 2700 14332 2673 2701 14333 2671 2699 14334 2675 2703 14335 2680 2708 14336 2681 2709 14337 2674 2702 14338 2672 2700 14339 2672 2700 14340 2682 2710 14341 2681 2709 14342 2679 2707 14343 2682 2710 14344 2672 2700 14345 2674 2702 14346 2683 2711 14347 2675 2703 14348 2684 2712 14349 2683 2711 14350 2674 2702 14351 2681 2709 14352 2684 2712 14353 2674 2702 14354 2683 2711 14355 2685 2713 14356 2675 2703 14357 2675 2703 14358 2685 2713 14359 2680 2708 14360 2676 2704 14361 492 501 14362 2677 2705 14363 2676 2704 14364 494 503 14365 492 501 14366 504 513 14367 494 503 14368 2676 2704 14369 2686 2714 14370 2684 2712 14371 2681 2709 14372 2682 2710 14373 2686 2714 14374 2681 2709 14375 2677 2705 14376 349 350 14377 2678 2706 14378 356 357 14379 349 350 14380 2677 2705 14381 2677 2705 14382 492 501 14383 356 357 14384 2679 2707 14385 2678 2706 14386 2687 2715 14387 2678 2706 14388 349 350 14389 2687 2715 14390 2682 2710 14391 2679 2707 14392 2688 2716 14393 2688 2716 14394 2679 2707 14395 2687 2715 14396 2684 2712 14397 2689 2717 14398 2683 2711 14399 2683 2711 14400 2689 2717 14401 2685 2713 14402 2690 2718 14403 2682 2710 14404 2688 2716 14405 2691 2719 14406 2682 2710 14407 2690 2718 14408 2691 2719 14409 2686 2714 14410 2682 2710 14411 2692 2720 14412 2689 2717 14413 2684 2712 14414 2693 2721 14415 2684 2712 14416 2686 2714 14417 2692 2720 14418 2684 2712 14419 2693 2721 14420 2691 2719 14421 2694 2722 14422 2686 2714 14423 2686 2714 14424 2694 2722 14425 2693 2721 14426 2687 2715 14427 349 350 14428 341 342 14429 341 342 14430 156 156 14431 2687 2715 14432 2687 2715 14433 156 156 14434 2688 2716 14435 2690 2718 14436 2688 2716 14437 148 148 14438 148 148 14439 2688 2716 14440 156 156 14441 2690 2718 14442 2695 2723 14443 2691 2719 14444 2691 2719 14445 2695 2723 14446 2694 2722 14447 148 148 14448 141 141 14449 2690 2718 14450 2690 2718 14451 141 141 14452 2695 2723 14453 2696 2724 14454 2689 2717 14455 2692 2720 14456 2693 2721 14457 2696 2724 14458 2692 2720 14459 2697 2725 14460 2696 2724 14461 2693 2721 14462 2693 2721 14463 2694 2722 14464 2697 2725 14465 2694 2722 14466 2695 2723 14467 2698 2726 14468 2697 2725 14469 2694 2722 14470 2698 2726 14471 2698 2726 14472 2695 2723 14473 2699 2727 14474 135 135 14475 2695 2723 14476 141 141 14477 2699 2727 14478 2695 2723 14479 135 135 14480 2697 2725 14481 2700 2728 14482 2696 2724 14483 2701 2729 14484 2700 2728 14485 2697 2725 14486 2697 2725 14487 2698 2726 14488 2701 2729 14489 2698 2726 14490 2699 2727 14491 2702 2730 14492 2701 2729 14493 2698 2726 14494 2702 2730 14495 2702 2730 14496 2699 2727 14497 2703 2731 14498 126 126 14499 2699 2727 14500 135 135 14501 2703 2731 14502 2699 2727 14503 126 126 14504 2700 2728 14505 169 169 14506 2696 2724 14507 169 169 14508 2689 2717 14509 2696 2724 14510 2704 2732 14511 2700 2728 14512 2701 2729 14513 2705 2733 14514 2701 2729 14515 2702 2730 14516 2704 2732 14517 2701 2729 14518 2705 2733 14519 2705 2733 14520 2702 2730 14521 2706 2734 14522 2706 2734 14523 2702 2730 14524 2703 2731 14525 2706 2734 14526 2703 2731 14527 118 118 14528 118 118 14529 2703 2731 14530 126 126 14531 168 168 14532 169 169 14533 2700 2728 14534 2707 2735 14535 2700 2728 14536 2704 2732 14537 2707 2735 14538 168 168 14539 2700 2728 14540 2706 2734 14541 101 101 14542 2705 2733 14543 2705 2733 14544 94 94 14545 2704 2732 14546 2705 2733 14547 101 101 14548 94 94 14549 101 101 14550 2706 2734 14551 107 107 14552 107 107 14553 2706 2734 14554 118 118 14555 2704 2732 14556 157 157 14557 2707 2735 14558 2708 2736 14559 157 157 14560 2704 2732 14561 2704 2732 14562 94 94 14563 2708 2736 14564 2689 2717 14565 169 169 14566 171 171 14567 2685 2713 14568 2689 2717 14569 171 171 14570 162 162 14571 168 168 14572 2707 2735 14573 2707 2735 14574 159 159 14575 162 162 14576 157 157 14577 159 159 14578 2707 2735 14579 2708 2736 14580 94 94 14581 91 91 14582 91 91 14583 163 163 14584 2708 2736 14585 2708 2736 14586 163 163 14587 157 157 14588 163 163 14589 158 158 14590 157 157 14591 2591 2619 14592 2597 2625 14593 2592 2620 14594 2596 2624 14595 2594 2622 14596 2709 2737 14597 2594 2622 14598 2595 2623 14599 2709 2737 14600 2510 2538 14601 2596 2624 14602 2499 2527 14603 2596 2624 14604 2709 2737 14605 2710 2738 14606 2499 2527 14607 2596 2624 14608 2710 2738 14609 2595 2623 14610 2590 2618 14611 2711 2739 14612 2595 2623 14613 2711 2739 14614 2712 2740 14615 2709 2737 14616 2595 2623 14617 2712 2740 14618 2709 2737 14619 2712 2740 14620 2713 2741 14621 2710 2738 14622 2709 2737 14623 2713 2741 14624 2592 2620 14625 2597 2625 14626 2714 2742 14627 2579 2607 14628 2592 2620 14629 2714 2742 14630 2499 2527 14631 2710 2738 14632 2485 2513 14633 2485 2513 14634 2710 2738 14635 2496 2524 14636 2710 2738 14637 2713 2741 14638 2496 2524 14639 2713 2741 14640 2712 2740 14641 2715 2743 14642 2712 2740 14643 2711 2739 14644 2716 2744 14645 2712 2740 14646 2716 2744 14647 2715 2743 14648 2496 2524 14649 2713 2741 14650 2508 2536 14651 2713 2741 14652 2715 2743 14653 2508 2536 14654 2714 2742 14655 2597 2625 14656 2717 2745 14657 2580 2608 14658 2714 2742 14659 2717 2745 14660 2579 2607 14661 2714 2742 14662 2580 2608 14663 2508 2536 14664 2715 2743 14665 2519 2547 14666 2715 2743 14667 2718 2746 14668 2519 2547 14669 2715 2743 14670 2716 2744 14671 2718 2746 14672 2711 2739 14673 2719 2747 14674 2716 2744 14675 2716 2744 14676 2720 2748 14677 2718 2746 14678 2716 2744 14679 2719 2747 14680 2720 2748 14681 2580 2608 14682 2717 2745 14683 2583 2611 14684 2718 2746 14685 2720 2748 14686 2721 2749 14687 2519 2547 14688 2718 2746 14689 2722 2750 14690 2718 2746 14691 2721 2749 14692 2722 2750 14693 2720 2748 14694 2597 2625 14695 2721 2749 14696 2719 2747 14697 2597 2625 14698 2720 2748 14699 2717 2745 14700 2597 2625 14701 2723 2751 14702 2583 2611 14703 2717 2745 14704 2723 2751 14705 2721 2749 14706 2597 2625 14707 2724 2752 14708 2722 2750 14709 2721 2749 14710 2724 2752 14711 2519 2547 14712 2722 2750 14713 2518 2546 14714 2722 2750 14715 2724 2752 14716 2725 2753 14717 2518 2546 14718 2722 2750 14719 2725 2753 14720 2724 2752 14721 2597 2625 14722 2726 2754 14723 2725 2753 14724 2724 2752 14725 2726 2754 14726 2727 2755 14727 2597 2625 14728 2719 2747 14729 2711 2739 14730 2727 2755 14731 2719 2747 14732 2723 2751 14733 2597 2625 14734 2728 2756 14735 2729 2757 14736 2723 2751 14737 2728 2756 14738 2583 2611 14739 2723 2751 14740 2729 2757 14741 2577 2605 14742 2583 2611 14743 2729 2757 14744 2725 2753 14745 2726 2754 14746 2730 2758 14747 2731 2759 14748 2725 2753 14749 2730 2758 14750 2518 2546 14751 2725 2753 14752 2731 2759 14753 2726 2754 14754 2597 2625 14755 2732 2760 14756 2730 2758 14757 2726 2754 14758 2732 2760 14759 2506 2534 14760 2518 2546 14761 2731 2759 14762 2729 2757 14763 2728 2756 14764 2589 2617 14765 2729 2757 14766 2589 2617 14767 2577 2605 14768 2590 2618 14769 2727 2755 14770 2711 2739 14771 2589 2617 14772 2733 2761 14773 2590 2618 14774 2589 2617 14775 2728 2756 14776 2733 2761 14777 2590 2618 14778 2733 2761 14779 2727 2755 14780 2733 2761 14781 2597 2625 14782 2727 2755 14783 2728 2756 14784 2597 2625 14785 2733 2761 14786 2730 2758 14787 2732 2760 14788 2734 2762 14789 2735 2763 14790 2730 2758 14791 2734 2762 14792 2731 2759 14793 2730 2758 14794 2735 2763 14795 2506 2534 14796 2731 2759 14797 2736 2764 14798 2736 2764 14799 2731 2759 14800 2735 2763 14801 2732 2760 14802 2597 2625 14803 2737 2765 14804 2734 2762 14805 2732 2760 14806 2737 2765 14807 2493 2521 14808 2506 2534 14809 2736 2764 14810 2735 2763 14811 2734 2762 14812 2738 2766 14813 2734 2762 14814 2737 2765 14815 2739 2767 14816 2738 2766 14817 2734 2762 14818 2739 2767 14819 2736 2764 14820 2735 2763 14821 2740 2768 14822 2740 2768 14823 2735 2763 14824 2738 2766 14825 2493 2521 14826 2736 2764 14827 2741 2769 14828 2741 2769 14829 2736 2764 14830 2740 2768 14831 2739 2767 14832 2737 2765 14833 2742 2770 14834 2737 2765 14835 2597 2625 14836 2742 2770 14837 2480 2508 14838 2493 2521 14839 2741 2769 14840 2738 2766 14841 2739 2767 14842 2743 2771 14843 2744 2772 14844 2738 2766 14845 2743 2771 14846 2740 2768 14847 2738 2766 14848 2744 2772 14849 2739 2767 14850 2742 2770 14851 2745 2773 14852 2743 2771 14853 2739 2767 14854 2745 2773 14855 2741 2769 14856 2740 2768 14857 2746 2774 14858 2746 2774 14859 2740 2768 14860 2744 2772 14861 2480 2508 14862 2741 2769 14863 2747 2775 14864 2747 2775 14865 2741 2769 14866 2746 2774 14867 2477 2505 14868 2480 2508 14869 2747 2775 14870 2743 2771 14871 2745 2773 14872 2748 2776 14873 2749 2777 14874 2743 2771 14875 2748 2776 14876 2744 2772 14877 2743 2771 14878 2749 2777 14879 2746 2774 14880 2744 2772 14881 2750 2778 14882 2750 2778 14883 2744 2772 14884 2749 2777 14885 2747 2775 14886 2746 2774 14887 2751 2779 14888 2751 2779 14889 2746 2774 14890 2750 2778 14891 2477 2505 14892 2747 2775 14893 2490 2518 14894 2490 2518 14895 2747 2775 14896 2751 2779 14897 2745 2773 14898 2742 2770 14899 2752 2780 14900 2745 2773 14901 2752 2780 14902 2753 2781 14903 2748 2776 14904 2745 2773 14905 2753 2781 14906 2748 2776 14907 2753 2781 14908 2754 2782 14909 2755 2783 14910 2748 2776 14911 2754 2782 14912 2749 2777 14913 2748 2776 14914 2755 2783 14915 2750 2778 14916 2749 2777 14917 2756 2784 14918 2756 2784 14919 2749 2777 14920 2755 2783 14921 2751 2779 14922 2750 2778 14923 2757 2785 14924 2757 2785 14925 2750 2778 14926 2756 2784 14927 2490 2518 14928 2751 2779 14929 2504 2532 14930 2504 2532 14931 2751 2779 14932 2757 2785 14933 2753 2781 14934 2752 2780 14935 2758 2786 14936 2754 2782 14937 2753 2781 14938 2759 2787 14939 2753 2781 14940 2758 2786 14941 2759 2787 14942 2754 2782 14943 2759 2787 14944 2584 2612 14945 2760 2788 14946 2754 2782 14947 2584 2612 14948 2755 2783 14949 2754 2782 14950 2760 2788 14951 2756 2784 14952 2755 2783 14953 2761 2789 14954 2761 2789 14955 2755 2783 14956 2760 2788 14957 2757 2785 14958 2756 2784 14959 2762 2790 14960 2762 2790 14961 2756 2784 14962 2761 2789 14963 2504 2532 14964 2757 2785 14965 2516 2544 14966 2516 2544 14967 2757 2785 14968 2762 2790 14969 2752 2780 14970 2597 2625 14971 2758 2786 14972 2759 2787 14973 2758 2786 14974 2763 2791 14975 2758 2786 14976 2597 2625 14977 2763 2791 14978 2759 2787 14979 2763 2791 14980 2585 2613 14981 2584 2612 14982 2759 2787 14983 2585 2613 14984 2760 2788 14985 2584 2612 14986 2574 2602 14987 2761 2789 14988 2760 2788 14989 2764 2792 14990 2764 2792 14991 2760 2788 14992 2574 2602 14993 2762 2790 14994 2761 2789 14995 2765 2793 14996 2765 2793 14997 2761 2789 14998 2764 2792 14999 2516 2544 15000 2762 2790 15001 2527 2555 15002 2527 2555 15003 2762 2790 15004 2765 2793 15005 2763 2791 15006 2597 2625 15007 2593 2621 15008 2585 2613 15009 2763 2791 15010 2593 2621 15011 2764 2792 15012 2574 2602 15013 2566 2594 15014 2765 2793 15015 2764 2792 15016 2766 2794 15017 2766 2794 15018 2764 2792 15019 2566 2594 15020 2527 2555 15021 2765 2793 15022 2535 2563 15023 2535 2563 15024 2765 2793 15025 2766 2794 15026 2766 2794 15027 2566 2594 15028 2557 2585 15029 2535 2563 15030 2766 2794 15031 2544 2572 15032 2544 2572 15033 2766 2794 15034 2557 2585 15035 2742 2770 15036 2597 2625 15037 2752 2780 15038</p>
        </triangles>
      </mesh>
    </geometry>
  </library_geometries>
  <library_controllers>
    <controller id="Reference_Body_Default_M-skin" name="Reference">
      <skin source="#Body_Default_M_002-mesh">
        <bind_shape_matrix>1 0 0 0 0 -1.62921e-7 -1 0 0 1 -1.62921e-7 0 0 0 0 1</bind_shape_matrix>
        <source id="Reference_Body_Default_M-skin-joints">
          <Name_array id="Reference_Body_Default_M-skin-joints-array" count="22">Spine Spine1 Spine2 Spine3 Spine4 HeadHandle Right_EyeBrow2 Right_EyeBrow1 Mid_EyeBrow Left_EyeBrow1 Left_EyeBrow2 Right_Eye Left_Eye Jaw Mid_LowerMouth Right_LowerMouth Left_LowerMouth Right_UpperMouth Left_UpperMouth Left_MouthCorner Mid_UpperMouth Right_MouthCorner</Name_array>
          <technique_common>
            <accessor source="#Reference_Body_Default_M-skin-joints-array" count="22" stride="1">
              <param name="JOINT" type="name"/>
            </accessor>
          </technique_common>
        </source>
        <source id="Reference_Body_Default_M-skin-bind_poses">
          <float_array id="Reference_Body_Default_M-skin-bind_poses-array" count="352">0 -1.62921e-7 1 -0.1009467 0 -1 -1.62921e-7 0 1 0 0 0 0 0 0 1 0 -1.62921e-7 1 -0.9706272 0 -1 -1.62921e-7 0 1 0 0 0 0 0 0 1 0 -1.62921e-7 1 -1.840308 0 -1 -1.62921e-7 0 1 0 0 0 0 0 0 1 0 -1.62921e-7 1 -2.709988 0 -1 -1.62921e-7 0 1 0 0 0 0 0 0 1 0 -1.62921e-7 1 -3.579668 0 -1 -1.62921e-7 0 1 0 0 -1.56472e-7 0 0 0 1 0.6397141 -0.565387 0.5206762 -1.834527 0.3660259 -0.3715844 -0.8532 3.118266 0.6758632 0.7363851 -0.03076148 0.3122242 0 0 0 1 0 -3.30637e-7 1 -2.77358 0 -1 -1.78814e-7 -1.14826 1 0 0 0.6946546 0 0 0 1 0 -1.53751e-7 1 -2.579509 0 -1 -1.78814e-7 -1.315659 1 0 0 0.4110754 0 0 0 1 0 0 1 -2.373442 0 -1 -1.78814e-7 -1.36339 1 0 0 0.0313816 0 0 0 1 0 0 1 -2.541525 0 -1 -1.78814e-7 -1.283623 1 0 0 -0.3261569 0 0 0 1 0 -3.26051e-7 1 -2.735116 0 -1 -1.78814e-7 -1.099332 1 0 0 -0.5850313 0 0 0 1 0 -0.9592185 0.2826662 -1.565383 0 -0.2826663 -0.9592183 1.896659 1 0 0 0.3724287 0 0 0 1 0.09458893 -0.9436959 0.3170038 -1.574787 0.0239849 -0.3161787 -0.9483965 1.836678 0.9952275 0.09731113 -0.007272541 -0.2025824 0 0 0 1 0 -0.9606638 -0.2777143 0.6451205 0 -0.2777143 0.9606639 -1.981536 -1 0 0 0 0 0 0 1 0 -2.32696e-7 1 -1.951992 0 -0.9999999 0 -1.686477 1 0 0 0.1063581 0 0 0 1 0 0 1 -1.753618 0 -1 -2.38419e-7 -1.383481 1 0 0 0.8946875 0 0 0 1 0 0 1 -1.760157 0 -1 -1.78814e-7 -1.468525 1 0 0 -0.608011 0 0 0 1 0 -2.09954e-7 1 -1.761222 0 -1 -2.38419e-7 -1.269902 1 0 0 0.8557105 0 0 0 1 0 0 1 -1.740769 0 -1 -2.38419e-7 -1.302343 1 0 0 -0.5896428 0 0 0 1 0 0 1 -1.546827 0 -1 -1.19209e-7 -1.144555 1 0 0 -1.027941 0 0 0 1 0 0 1 -1.913872 0 -1 -1.78814e-7 -1.47501 1 0 0 0.1017996 0 0 0 1 0 -1.62921e-7 1 -1.514652 0 -1 -1.78814e-7 -0.9983435 1 0 0 1.338877 0 0 0 1</float_array>
          <technique_common>
            <accessor source="#Reference_Body_Default_M-skin-bind_poses-array" count="22" stride="16">
              <param name="TRANSFORM" type="float4x4"/>
            </accessor>
          </technique_common>
        </source>
        <source id="Reference_Body_Default_M-skin-weights">
          <float_array id="Reference_Body_Default_M-skin-weights-array" count="7033">1 1 0.9764706 0.02352941 0.9686275 0.03137254 1 0.9058824 0.09411764 0.9098039 0.09019607 0.9686275 0.03137254 0.9137255 0.0862745 0.8392157 0.1607843 0.8235294 0.1764706 0.9098039 0.09019607 0.9647059 0.03529411 1 0.8470588 0.1529412 0.8392157 0.1607843 0.7529412 0.2470588 0.7647059 0.2352941 0.7529412 0.2470588 0.827451 0.172549 0.9058824 0.09411764 0.7254902 0.2745098 0.9647059 0.03529411 1 0.6666667 0.3333333 0.6431373 0.3568627 0.7294118 0.2705882 0.6470589 0.3529412 0.8196079 0.1803922 0.7176471 0.2823529 0.9019608 0.0980392 0.972549 0.02745097 0.5960785 0.4039216 0.5647059 0.4352941 0.5725491 0.427451 1 0.5686275 0.4313725 0.5764706 0.4235294 0.5803922 0.4196078 0.8156863 0.1843137 0.7058824 0.2941176 0.5568628 0.4431372 0.9019608 0.0980392 0.972549 0.02745097 1 0.8117647 0.1882353 0.6705883 0.2980392 0.03137254 0.4039216 0.5647059 0.03137254 0.3843137 0.5803921 0.03529411 0.5019608 0.4117647 0.0117647 0.07450979 0.9019608 0.0980392 0.9843137 0.01568627 1 0.9019608 0.0980392 0.7843137 0.1843137 0.03137254 0.6313726 0.2901961 0.07843136 0.972549 0.02745097 1 0.3372549 0.5490196 0.03921568 0.07450979 0.254902 0.6705882 0.07450979 0.3019608 0.6392157 0.05882352 0.4823529 0.4078431 0.1098039 0.3294118 0.5254902 0.03529411 0.1098039 0.9647059 0.03529411 0.8784314 0.1019608 0.01960784 0.7529412 0.1803922 0.06666666 1 0.4666666 0.4 0.1333333 0.6078432 0.2823529 0.1098039 0.3215686 0.5019608 0.03529411 0.1411764 0.2196078 0.6117647 0.07058823 0.0980392 0.2235294 0.6392157 0.07450979 0.06274509 0.9607843 0.03921568 0.7294118 0.172549 0.0980392 0.854902 0.0980392 0.04705882 0.5921568 0.2705882 0.1372548 0.4549019 0.3843137 0.1607843 1 0.2117647 0.5960785 0.06666666 0.1254902 0.3254902 0.4784314 0.03137254 0.1647059 0.1490196 0.6196079 0.1764706 0.05490195 0.1372549 0.6 0.1764706 0.0862745 0.4431372 0.3647059 0.1921569 0.5764706 0.2588235 0.1647059 0.7098039 0.1647059 0.1254902 0.8313726 0.09411764 0.07450979 0.1411765 0.5960785 0.1686275 0.09411764 0.2117647 0.5725491 0.06274509 0.1529412 0.3137255 0.4549019 0.02745097 0.2039216 0.4313725 0.3411765 0.227451 0.5647059 0.2431373 0.1921569 0.6941177 0.1568627 0.1490196 0.07450979 0.6078432 0.3019608 0.01568627 0.07058823 0.5843137 0.3098039 0.03529411 0.5490196 0.227451 0.2235294 0.1803922 0.5607843 0.05882352 0.2 0.1411765 0.5803922 0.1647059 0.1137255 0.07450979 0.6039215 0.2784314 0.04313725 0.07058823 0.5960785 0.2784314 0.05490195 0.1882353 0.5137255 0.2980392 0.3058823 0.4431372 0.2509804 0.4196078 0.317647 0.2627451 0.04705882 0.5647059 0.3882353 0.02745097 0.5058823 0.4078431 0.05882352 0.01960784 0.5568628 0.1686275 0.254902 0.03921568 0.5333334 0.427451 0.5803922 0.317647 0.1019608 0.2941176 0.4078431 0.2980392 0.172549 0.4784314 0.3490196 0.05490195 0.5803922 0.3647059 0.04313725 0.5803922 0.3764706 0.5529412 0.3960784 0.05098038 0.5058824 0.1568627 0.2 0.1372549 0.05490195 0.4823529 0.4627451 0.5215686 0.3960784 0.01568627 0.06666666 0.4549019 0.2470588 0.08235293 0.2156863 0.5058824 0.4235294 0.07058823 0.1647059 0.4078431 0.427451 0.2784314 0.3764706 0.345098 0.4313725 0.1176471 0.1411765 0.3098039 0.4901961 0.2588235 0.06666666 0.1843137 0.4980392 0.4431372 0.05882352 0.05490195 0.4196078 0.5254902 0.3803921 0.1960784 0.04705882 0.3764706 0.3960784 0.3490196 0.02352941 0.2313725 0.1529412 0.3647059 0.4823529 0.2588235 0.345098 0.3960784 0.3529412 0.07843136 0.0862745 0.4823529 0.4588235 0.172549 0.0980392 0.2705882 0.4941176 0.3215686 0.1607843 0.02352941 0.4392157 0.4352941 0.1254902 0.06274509 0.3647059 0.5725491 0.3529412 0.2745098 0.372549 0.3294118 0.1568627 0.03529411 0.4784314 0.145098 0.3215686 0.5333334 0.2470588 0.3137255 0.4392157 0.4941176 0.227451 0.2196078 0.05882352 0.4509804 0.1490196 0.1254902 0.2745098 0.4039215 0.2901961 0.3019608 0.003921568 0.372549 0.4627451 0.1647059 0.05882352 0.3372549 0.6039216 0.2352941 0.2941176 0.4705882 0.1372549 0.317647 0.5450981 0.3960784 0.2196078 0.3686274 0.01568627 0.4705882 0.1647058 0.2745098 0.09019607 0.3372549 0.317647 0.345098 0.3137255 0.517647 0.1686274 0.05490195 0.3058823 0.5803921 0.05882352 0.227451 0.2901961 0.4823529 0.1372549 0.3058823 0.5568628 0.3843137 0.1372549 0.4549019 0.02352941 0.3254902 0.2078431 0.4666666 0.2941176 0.2745098 0.04705882 0.3843137 0.2901961 0.4392157 0.1333333 0.1372549 0.05490195 0.2823529 0.5529412 0.1098039 0.1333333 0.3098039 0.5568628 0.2235294 0.2901961 0.4862745 0.8117647 0.08235293 0.1058824 0.9372549 0.02745097 0.03529411 0.9333333 0.02745097 0.03921568 1 1 0.9568628 0.02352941 0.01960784 0.8196079 0.0862745 0.09411764 0.9490196 0.03137254 0.01960784 1 1 1 0.9764706 0.02352941 0.9372549 0.02352941 0.03921568 1 1 0.8745098 0.0980392 0.02745097 0.9607843 0.03921568 0.8980392 0.1019608 0.9568628 0.04313725 0.8941177 0.1058824 0.8039216 0.1960784 0.9568628 0.04313725 1 0.8901961 0.1098039 0.8078432 0.1921569 0.9568628 0.04313725 1 1 1 0.9568628 0.04313725 0.8941177 0.1058824 0.8078432 0.1921569 1 1 0.9529412 0.04705882 1 0.8941177 0.1058824 0.9529412 0.04705882 1 0.8901961 0.1098039 0.8117647 0.1882353 0.6745098 0.3254902 1 0.8901961 0.1098039 0.9490196 0.05098038 0.8117647 0.1882353 0.6784314 0.3215686 0.682353 0.317647 0.8117647 0.1882353 0.5294118 0.4705882 1 0.8901961 0.1098039 0.8156863 0.1843137 0.9490196 0.05098038 0.6862745 0.3137255 0.5411765 0.4588235 0.5333334 0.4666666 0.8862745 0.1137255 0.8117647 0.1882353 0.9490196 0.05098038 1 0.6862745 0.3137255 0.6862745 0.3137255 0.5411765 0.4588235 0.3843137 0.5764706 0.03921568 0.5411765 0.4588235 0.3803921 0.5803922 0.03921568 0.5411765 0.4588235 0.3803921 0.5803922 0.03921568 0.2941176 0.6431373 0.06274509 0.3647059 0.5921568 0.04313725 0.2313725 0.6705883 0.0980392 0.2078431 0.6666667 0.1254902 0.1647059 0.654902 0.1803922 0.1529412 0.6509804 0.1960784 0.1803922 0.6588236 0.1607843 0.1647059 0.654902 0.1803922 0.4509804 0.4666666 0.08235293 0.04313725 0.5372549 0.3764705 0.04313725 0.427451 0.4784314 0.09411764 0.05490195 0.5607843 0.3529412 0.03137254 0.4745098 0.4666666 0.05882352 0.05098038 0.5647059 0.3529412 0.03137254 0.0862745 0.6235294 0.2901961 0.02745097 0.6078432 0.3647059 0.5019608 0.4705882 0.02745097 0.08235293 0.6156863 0.2784314 0.02352941 0.0862745 0.6235294 0.2901961 0.1019608 0.6196079 0.254902 0.02352941 0.4588235 0.3411765 0.2 0.07058823 0.6117647 0.2901961 0.02745097 0.4352941 0.4352941 0.1294118 0.0980392 0.6156863 0.254902 0.03137254 0.1019607 0.6196078 0.2509804 0.02745097 0.1254902 0.5960785 0.2039216 0.07450979 0.1215686 0.5882353 0.2078431 0.08235293 0.1254902 0.6117647 0.2117647 0.05098038 0.372549 0.2980392 0.3294118 0.5568627 0.2509804 0.03921568 0.1529411 0.4117647 0.1960784 0.03921568 0.3529412 0.5725491 0.1803922 0.1411765 0.1058824 0.1098039 0.5843138 0.2078431 0.0980392 0.1254902 0.6039216 0.2078431 0.06274509 0.1058824 0.6156863 0.2392157 0.03921568 0.427451 0.1137255 0.1019608 0.3568627 0.1647059 0.5882353 0.1333333 0.1137255 0.1607843 0.5647059 0.1254902 0.1490196 0.1294118 0.5568628 0.1215686 0.1921569 0.3215686 0.145098 0.5333334 0.3333333 0.03529411 0.09019607 0.5411765 0.0862745 0.6 0.02352941 0.2901961 0.572549 0.05490195 0.2823529 0.09019607 0.5019608 0.1843137 0.1019608 0.2117647 0.427451 0.1490196 0.1098039 0.3137255 0.5254902 0.3254902 0.1490196 0.5058824 0.2431373 0.2156863 0.03529411 0.1764706 0.5333334 0.07450979 0.2156863 0.3960784 0.1294118 0.1215686 0.3529412 0.4431372 0.172549 0.254902 0.1294117 0.3215686 0.1176471 0.5607843 0.3254902 0.01568627 0.09411764 0.5647059 0.2823529 0.1607843 0.05882352 0.4980392 0.427451 0.2627451 0.3098039 0.1098039 0.5333333 0.2823529 0.07450979 0.4509804 0.3294118 0.2196078 0.2980392 0.0980392 0.01568627 0.5882353 0.3137255 0.01568627 0.09019607 0.5803922 0.4117646 0.1333333 0.2784314 0.1764705 0.3843137 0.1215686 0.1333333 0.3607843 0.3843137 0.1764705 0.435294 0.003921568 0.2588235 0.1294118 0.1058824 0.5058824 0.2862745 0.09411764 0.02745097 0.5921569 0.3058823 0.0117647 0.09411764 0.5882353 0.3607843 0.3372549 0.3019608 0.3607843 0.2862745 0.3529412 0.09411764 0.4705882 0.3254902 0.1098039 0.4117647 0.3764706 0.2117647 0.3568627 0.1058824 0.4784314 0.05882352 0.3921568 0.1137254 0.3019608 0.1921568 0.3803921 0.1294118 0.1411765 0.3490196 0.2941176 0.02352941 0.0980392 0.5843138 0.3921568 0.1529412 0.1411765 0.3137255 0.3529412 0.3607843 0.2862745 0.3333333 0.3333333 0.3333333 0.3803921 0.1176471 0.317647 0.1843137 0.3411765 0.07450979 0.5098039 0.07450979 0.3764706 0.1294118 0.345098 0.1490196 0.2980392 0.05098038 0.5764706 0.07450979 0.3686274 0.1960784 0.3764705 0.05882352 0.4352941 0.2196078 0.1176471 0.227451 0.2666667 0.07843136 0.1019608 0.5529412 0.2980392 0.1254901 0.5529412 0.02352941 0.2862745 0.05882352 0.6 0.05490195 0.2980392 0.02352941 0.6784314 0.2745098 0.7254902 0.3411765 0.254902 0.1137255 0.2901961 0.2745098 0.4470588 0.1568627 0.1215686 0.3686274 0.07843136 0.09411764 0.4588235 0.254902 0.7450981 0.2588235 0.7411765 0.2509804 0.06274509 0.6862745 0.2352941 0.06274509 0.7019608 0.3058823 0.1294118 0.2039216 0.3607843 0.2627451 0.2274509 0.3098039 0.1999999 0.2392156 0.3098039 0.3686274 0.08235293 0.2431373 0.5647059 0.1529412 0.03921568 0.2196078 0.03921568 0.7411765 0.2235294 0.06274509 0.7137255 0.2156863 0.1843137 0.6 0.2039216 0.1843137 0.6117647 0.2392157 0.3960784 0.3647059 0.1921569 0.145098 0.4549019 0.2078431 0.2156863 0.1333333 0.2627451 0.3882353 0.1843137 0.1568627 0.5882353 0.07058823 0.1921569 0.3490196 0.4588235 0.1764705 0.1764705 0.6431372 0.003921568 0.1843137 0.1529412 0.5921569 0.07058823 0.1921569 0.1411765 0.4431372 0.2235294 0.1803922 0.1333333 0.4549019 0.2313725 0.3137255 0.1333333 0.5529412 0.2784314 0.1647059 0.07450979 0.4823529 0.2705882 0.2470588 0.2 0.2823529 0.2823529 0.3647059 0.2470588 0.1058824 0.05490195 0.2823529 0.5058824 0.1568627 0.2196078 0.2941176 0.4862745 0.1294118 0.3137255 0.5568628 0.254902 0.1176471 0.2627451 0.3647059 0.2666667 0.06274509 0.1098039 0.5607843 0.2627451 0.1764706 0.4039216 0.1568627 0.2862745 0.3137255 0.3490196 0.05098038 0.05490195 0.2823529 0.4784314 0.1843137 0.1254902 0.3137255 0.5607843 0.2156863 0.2980392 0.4862745 0.2470588 0.3098039 0.4431372 0.2470588 0.07058823 0.4666666 0.2156863 0.2627451 0.07843136 0.5686274 0.09019607 0.2823529 0.3058823 0.4117647 0.05098038 0.2823529 0.4666666 0.2 0.1215686 0.317647 0.5607843 0.2039216 0.3058823 0.4901961 0.2392157 0.4784314 0.2823529 0.2509804 0.6196078 0.1294117 0.2627451 0.05490195 0.6588236 0.02352941 0.2470588 0.7019608 0.05098038 0.2823529 0.2745098 0.4431372 0.05490195 0.2784314 0.4745098 0.1921569 0.1215686 0.3137255 0.5647059 0.2392157 0.6039216 0.1568627 0.2588235 0.03529411 0.7058824 0.2392157 0.7607843 0.2313725 0.6980392 0.07058823 0.2784314 0.2784314 0.4431372 0.05098038 0.2823529 0.4823529 0.1843137 0.2470588 0.03529411 0.7176471 0.227451 0.772549 0.2235294 0.7764706 0.2588235 0.2627451 0.4196078 0.05882352 0.2156863 0.7058824 0.07843136 0.2235294 0.6039216 0.172549 0.227451 0.4705882 0.3019608 0.2117647 0.6901961 0.0980392 0.2274509 0.03529411 0.6470588 0.09019607 0.2117647 0.7882353 0.2 0.6862745 0.1137255 0.2078431 0.7921569 0.2039216 0.7176471 0.07843136 0.2117647 0.6156863 0.172549 0.2156863 0.4784314 0.3058823 0.2235294 0.2941176 0.4823529 0.2352941 0.2901961 0.4745098 0.2039216 0.03529411 0.5490196 0.2117647 0.1960784 0.5490196 0.254902 0.1882353 0.6941177 0.1176471 0.1960784 0.8039216 0.1882353 0.5450981 0.2666667 0.1882353 0.8117647 0.2 0.8 0.2 0.6392157 0.1607843 0.2039216 0.5019608 0.2941176 0.2156863 0.3098039 0.4745098 0.2392157 0.09411764 0.6666667 0.2588235 0.0862745 0.654902 0.1843137 0.682353 0.1333333 0.1803922 0.5254902 0.2941176 0.1843137 0.3529412 0.4627451 0.1803922 0.6705883 0.1490196 0.1843137 0.8156863 0.1764706 0.5176471 0.3058823 0.1960784 0.6745098 0.1294118 0.2 0.5333334 0.2666667 0.1803922 0.3333333 0.4862745 0.1960784 0.1843137 0.6196079 0.1882353 0.6392157 0.172549 0.1921569 0.7960785 0.0117647 0.1803922 0.4784314 0.3411765 0.1803922 0.3137255 0.5058824 0.1921569 0.1686275 0.6392157 0.2117647 0.7882353 0.2117647 0.627451 0.1607843 0.2039216 0.4470588 0.3490196 0.1921569 0.3019608 0.5058824 0.2588235 0.4078431 0.3333333 0.254902 0.3098039 0.2 0.2352941 0.2156863 0.7843137 0.2313725 0.4431372 0.3254902 0.2 0.145098 0.654902 0.2235294 0.01960784 0.7568628 0.2509804 0.2078431 0.3294118 0.2117647 0.2313725 0.09019607 0.3764706 0.3019608 0.172549 0.227451 0.1647059 0.4352941 0.1803922 0.2470588 0.0117647 0.5607843 0.1529412 0.1843137 0.3647059 0.2980392 0.1647059 0.1764706 0.5333334 0.1254902 0.172549 0.2470588 0.5803922 0.2313725 0.4588235 0.3098039 0.1568627 0.2117647 0.1607843 0.4705882 0.1490196 0.172549 0.3607843 0.317647 0.172549 0.2313725 0.5960785 0.1607843 0.1686275 0.5215687 0.1490196 0.172549 0.1764706 0.6509804 0.1607843 0.227451 0.6117647 0.1803922 0.2627451 0.5568628 0.1333333 0.1647059 0.3490196 0.3529412 0.1372549 0.1882353 0.1529412 0.5215687 0.145098 0.1686275 0.4784314 0.2078431 0.1607843 0.1686274 0.627451 0.04313725 0.1490196 0.2 0.6509804 0.1372549 0.2 0.6627451 0.172549 0.1529411 0.5843137 0.09019607 0.145098 0.2078431 0.6470589 0.1647059 0.2431373 0.5921569 0.1333333 0.1921569 0.3254902 0.3490196 0.1490196 0.1882353 0.4549019 0.2078431 0.1333333 0.2039216 0.145098 0.5176471 0.1647058 0.1843137 0.6 0.05098038 0.172549 0.1686274 0.5686274 0.09019607 0.1411765 0.2039216 0.654902 0.145098 0.2117647 0.6431373 0.145098 0.2117647 0.0117647 0.6313726 0.1843137 0.1411765 0.4470588 0.227451 0.1333333 0.2078431 0.1411765 0.5176471 0.1372549 0.2117647 0.1372549 0.5137255 0.1411765 0.2431373 0.3098039 0.3058823 0.1607843 0.2392157 0.4313725 0.1686275 0.1803922 0.2313725 0.5490196 0.03921568 0.1333333 0.2039216 0.145098 0.5176471 0.1921568 0.2078431 0.5254902 0.07450979 0.2078431 0.172549 0.4196078 0.2 0.1686275 0.254902 0.5764706 0.1607843 0.2509804 0.5882353 0.2196078 0.1490196 0.227451 0.4039216 0.2039216 0.1215686 0.2470588 0.427451 0.1882352 0.317647 0.2705882 0.2235293 0.1999999 0.3098039 0.3764705 0.1137254 0.2235294 0.2980392 0.4627451 0.01568627 0.2392156 0.2705882 0.4313725 0.05882352 0.1960784 0.3215686 0.1333333 0.3490196 0.2509804 0.2352941 0.3254902 0.1882353 0.254902 0.1960784 0.172549 0.3764706 0.2039216 0.3333333 0.4627451 0.2588235 0.4117647 0.2509804 0.07843136 0.2431373 0.4235294 0.1647059 0.1686275 0.2745098 0.4078431 0.317647 0.2980392 0.4078431 0.2901961 0.003921568 0.1960784 0.1176471 0.254902 0.4313725 0.2078431 0.1254902 0.2392157 0.427451 0.254902 0.1372549 0.1019608 0.5058824 0.2392157 0.1137255 0.1294118 0.5176471 0.2431373 0.1137255 0.1294118 0.5137255 0.2470588 0.1294118 0.1058824 0.5176471 0.2823529 0.1058824 0.03137254 0.5803922 0.2980392 0.1294118 0.5725491 0.2745098 0.1333333 0.04705882 0.5450981 0.3607843 0.0980392 0.5411765 0.3607843 0.03921568 0.6 0.2039216 0.3019608 0.4941176 0.1254902 0.3137255 0.5607843 0.2156863 0.3019608 0.4823529 0.1294118 0.3215686 0.5490196 0.04705882 0.2980392 0.5098039 0.145098 0.03921568 0.317647 0.5333334 0.1098039 0.2627451 0.345098 0.1960784 0.1960784 0.254902 0.2980392 0.3254902 0.1215686 0.04313725 0.3058823 0.5254902 0.1254902 0.2823529 0.4117647 0.03529411 0.2705882 0.2313725 0.3098039 0.4588235 0.1411765 0.3372549 0.5215687 0.3372549 0.2666667 0.3960784 0.254902 0.1921569 0.1686275 0.3843137 0.2352941 0.1568627 0.3294118 0.2784314 0.2196078 0.1098039 0.517647 0.1529411 0.05882352 0.3490196 0.4784314 0.1137255 0.3294118 0.4392157 0.2313725 0.2941176 0.3607843 0.345098 0.2784314 0.254902 0.4666666 0.254902 0.317647 0.427451 0.3529412 0.2705882 0.3764706 0.1647059 0.3686274 0.4666666 0.4823529 0.2039216 0.3137255 0.2392157 0.05490195 0.1960784 0.509804 0.2705882 0.09019607 0.05098038 0.5882353 0.2156863 0.05882352 0.345098 0.3803921 0.07843136 0.4196078 0.3882353 0.1137255 0.2745098 0.3333333 0.3921568 0.372549 0.2745098 0.3529412 0.4980392 0.2078431 0.2941176 0.1843137 0.4 0.4156863 0.6352941 0.1333333 0.2313725 0.2627451 0.01568627 0.07058823 0.6509804 0.227451 0.1843137 0.5882353 0.2 0.01568627 0.3490196 0.4352941 0.2941176 0.3568627 0.3490196 0.3921568 0.2862745 0.3215686 0.5176471 0.2078431 0.2745098 0.6470589 0.1333333 0.2196078 0.2 0.4352941 0.3647059 0.3098039 0.3843137 0.3058823 0.317647 0.4156863 0.2666667 0.2117647 0.4784314 0.3098039 0.2705882 0.4666666 0.2627451 0.1686274 0.545098 0.2666667 0.01960784 0.2196078 0.5058824 0.2745098 0.227451 0.5137255 0.2588235 0.2 0.5450981 0.254902 0.1568627 0.5803922 0.0117647 0.2509804 0.2313725 0.5176471 0.2509804 0.1960784 0.5450981 0.2588235 0.2039216 0.5333334 0.01960784 0.2431373 0.2313725 0.509804 0.02352941 0.2352941 0.3137255 0.3921568 0.2941176 0.2980392 0.3490196 0.3529412 0.3058823 0.372549 0.3215686 0.317647 0.3254902 0.3568627 0.2980392 0.2980392 0.4039216 0.317647 0.3568627 0.3254902 0.3019608 0.2941176 0.4039216 0.2784314 0.2039216 0.5176471 0.3294118 0.3098039 0.3607843 0.3215686 0.2862745 0.3921568 0.3411765 0.2392157 0.4196078 0.3019608 0.1294118 0.5686275 0.3058823 0.07058823 0.6235294 0.1803922 0.5411765 0.2784314 0.227451 0.5607843 0.2117647 0.1686275 0.5294118 0.3019608 0.1568627 0.5137255 0.3294118 0.1411765 0.5137255 0.345098 0.145098 0.509804 0.345098 0.1254902 0.4627451 0.4117647 0.1411765 0.4980392 0.3607843 0.1411765 0.4941176 0.3647059 0.1254902 0.4666666 0.4078431 0.1098039 0.4235294 0.4666666 0.1254902 0.4627451 0.4117647 0.1529412 0.1843137 0.3647059 0.2980392 0.254902 0.3098039 0.2 0.2352941 0.2509804 0.2078431 0.3294118 0.2117647 0.172549 0.227451 0.1647059 0.4352941 0.2588235 0.4078431 0.3333333 0.1647059 0.1764706 0.5333334 0.1254902 0.2313725 0.09019607 0.3764706 0.3019608 0.1803922 0.2470588 0.0117647 0.5607843 0.2313725 0.4431372 0.3254902 0.1764705 0.1764705 0.6431372 0.003921568 0.2392157 0.3960784 0.3647059 0.172549 0.2470588 0.5803922 0.2313725 0.4588235 0.3098039 0.1843137 0.1568627 0.5882353 0.07058823 0.2392156 0.3098039 0.3686274 0.08235293 0.1803922 0.2627451 0.5568628 0.2431373 0.4901961 0.2666667 0.1686275 0.2588235 0.1333333 0.4392157 0.2352941 0.4313725 0.1764706 0.1568627 0.1843137 0.2509804 0.4313725 0.1333333 0.2470588 0.3333333 0.1254902 0.2941176 0.2078431 0.2352941 0.5254902 0.03137254 0.2509804 0.1686275 0.2431373 0.3372549 0.227451 0.227451 0.5450981 0.2784314 0.3686274 0.3529412 0.3019608 0.4078431 0.2901961 0.2470588 0.2 0.4784314 0.07450979 1 0.9764706 0.02352941 1 0.9647059 0.03529411 0.9058824 0.09411764 0.9568628 0.04313725 1 0.8980392 0.1019608 0.8941177 0.1058824 0.8235294 0.1764706 0.9529412 0.04705882 0.8901961 0.1098039 1 0.8196079 0.1803922 0.8117647 0.1882353 0.8078432 0.1921569 0.7254902 0.2745098 0.8862745 0.1137255 0.8039216 0.1960784 0.9529412 0.04705882 1 0.8862745 0.1137255 0.7019608 0.2980392 0.7098039 0.2901961 0.6980392 0.3019608 0.6980392 0.3019608 0.8039216 0.1960784 0.5647059 0.4352941 0.9490196 0.05098038 1 0.8862745 0.1137255 0.8078432 0.1921569 0.6941177 0.3058823 0.5490196 0.4509804 0.5490196 0.4509804 0.5490196 0.4509804 0.5529412 0.4470588 0.9490196 0.05098038 0.3921568 0.572549 0.03529411 1 0.8862745 0.1137255 0.8117647 0.1882353 0.6941177 0.3058823 0.5490196 0.4509804 0.3803921 0.5803922 0.03921568 0.3137255 0.3647059 0.2156863 0.1058824 0.2352941 0.4313725 0.07843136 0.254902 0.3254902 0.2941176 0.09411764 0.2862745 0.227451 0.6235294 0.04313725 0.1058824 0.2392157 0.6117647 0.1137255 0.03529411 0.3333333 0.2196078 0.02352941 0.4235294 0.254902 0.6196079 0.1254902 0.2823529 0.5921569 0.1254902 0.3529412 0.5529412 0.09411764 0.3921568 0.4509804 0.003921568 0.1529412 0.2117647 0.7294118 0.05882352 0.1921569 0.7607843 0.04705882 0.2196078 0.6156863 0.1647059 0.1843137 0.7490196 0.06666666 0.2980392 0.6235294 0.07843136 0.2156863 0.6784314 0.1058824 0.3607843 0.5647059 0.07450979 0.09411764 0.6666667 0.2392157 0.1019608 0.6784314 0.2196078 0.3843137 0.5411764 0.07450979 0.0862745 0.6941177 0.2196078 0.1921569 0.6862745 0.1215686 0.07843136 0.6705883 0.2509804 0.2470588 0.5607843 0.1921569 0.2078431 0.5568628 0.2352941 0.2588235 0.572549 0.1686274 0.1490196 0.5568628 0.2941176 0.0862745 0.6431373 0.2705882 0.07843136 0.6588236 0.2627451 0.3803921 0.5372549 0.08235293 0.07450979 0.6705883 0.254902 0.07843136 0.6745098 0.2470588 0.06666666 0.6627451 0.2705882 0.07058823 0.6705883 0.2588235 0.1686275 0.5411765 0.2901961 0.1803922 0.5372549 0.2823529 0.1372549 0.5254902 0.3215686 0.01568627 0.2509804 0.5568627 0.1921568 0.07058823 0.6392157 0.2901961 0.06274509 0.6117647 0.3254902 0.3764705 0.5333333 0.09019607 0.08235293 0.4745098 0.4196078 0.02352941 0.1843137 0.5333334 0.2823529 0.1137255 0.4901961 0.3960784 0.254902 0.5568628 0.1882353 0.3490196 0.509804 0.1411765 0.1803922 0.5411765 0.2784314 0.2509804 0.5529412 0.1960784 0.1372549 0.4784314 0.3843137 0.1333333 0.4745098 0.3921568 0.4705882 0.5098039 0.01960784 0.06274509 0.4470588 0.4901961 0.3333333 0.5176471 0.1490196 0.1843137 0.5411765 0.2745098 0.145098 0.4862745 0.3686274 0.2470588 0.5529412 0.2 0.1019608 0.4313725 0.4666666 0.1098039 0.4392157 0.4509804 0.09411764 0.4313725 0.4745098 0.03921568 0.3843137 0.4941176 0.08235293 0.05882352 0.372549 0.4823529 0.0862745 0.4039216 0.4901961 0.1058824 0.3137255 0.5254902 0.1607843 0.1176471 0.4588235 0.4235294 0.07058823 0.372549 0.4784314 0.07843136 0.07450979 0.3803921 0.4823529 0.06274509 0.0862745 0.3921568 0.4823529 0.03921568 0.03921568 0.3019608 0.4705882 0.1882353 0.03529411 0.3019608 0.4705882 0.1921569 0.4 0.4901961 0.1098039 0.2941176 0.5372549 0.1686274 0.03921568 0.3098039 0.4705882 0.1803922 0.04313725 0.3137255 0.4705882 0.172549 0.04313725 0.3215686 0.4745098 0.1607843 0.09019607 0.3921568 0.4784314 0.03921568 0.2431373 0.4666666 0.2901961 0.2509804 0.4705882 0.2784314 0.2352941 0.4627451 0.3019608 0.2352941 0.4627451 0.3019608 0.1764706 0.4431372 0.3803921 0.1843137 0.4470588 0.3686274 0.2509804 0.4666666 0.2823529 0.2509804 0.4705882 0.2784314 0.2470588 0.4666666 0.2862745 0.04313725 0.317647 0.4705882 0.1686275 0.1686275 0.4392157 0.3921568 0.1647059 0.4392157 0.3960784 0.1568627 0.4392157 0.4039216 0.1647059 0.4392157 0.3960784 0.1294118 0.372549 0.4980392 0.1686275 0.4392157 0.3921568 0.1607843 0.4392157 0.4 0.1568627 0.4392157 0.4039216 0.04313725 0.3058823 0.4666666 0.1843137 0.2313725 0.4627451 0.3058823 0.1411765 0.4 0.4588235 0.1019608 0.2941176 0.6039216 0.1411765 0.4039216 0.4549019 0.1294118 0.3686274 0.5019608 0.1411765 0.4078431 0.4509804 0.1254902 0.3529412 0.5215687 0.09019607 0.254902 0.654902 0.0980392 0.2823529 0.6196079 0.1058824 0.3058823 0.5882353 0.1137255 0.317647 0.5686275 0.1098039 0.317647 0.5725491 0.1019608 0.2901961 0.6078432 0.07450979 0.2117647 0.7137255 0.07450979 0.2156863 0.7098039 0.03529411 0.09411764 0.8705883 0.09019607 0.254902 0.654902 0.09019607 0.2627451 0.6470589 0.0862745 0.2470588 0.6666667 0.06666666 0.1960784 0.7372549 0.01960784 0.05490195 0.9254902 0.02352941 0.07450979 0.9019608 1 1 1 1 1 1 1 1 1 1 0.01568627 0.04313725 0.9411765 0.02745097 0.08235293 0.8901961 1 1 1 1 0.0862745 0.2392157 0.6745098 0.0862745 0.2431373 0.6705883 0.02352941 0.06274509 0.9137255 0.09019607 0.254902 0.654902 1 1 1 1 0.1568627 0.4352941 0.4078431 0.1568627 0.4392157 0.4039216 0.3647059 0.5921568 0.04313725 0.3686274 0.5882353 0.04313725 0.3568627 0.5960785 0.04705882 0.9490196 0.05098038 0.2392157 0.6784314 0.08235293 1 0.6862745 0.3137255 0.5450981 0.4549019 0.3843137 0.5764706 0.03921568 0.2313725 0.6705883 0.0980392 0.2705882 0.6588236 0.07058823 0.227451 0.6705883 0.1019608 0.2901961 0.6470589 0.06274509 0.2705882 0.6588236 0.07058823 0.227451 0.6705883 0.1019608 0.1568627 0.6509804 0.1921569 0.5411765 0.4588235 0.3803921 0.5803922 0.03921568 0.2313725 0.6705883 0.0980392 0.1333333 0.6392157 0.227451 0.1254902 0.6392157 0.2352941 0.2235294 0.6705883 0.1058824 0.2470588 0.6745098 0.07843136 0.1764706 0.654902 0.1686275 0.1254902 0.6392157 0.2352941 0.3647059 0.5921568 0.04313725 0.2313725 0.6705883 0.0980392 0.145098 0.6431373 0.2117647 0.06274509 0.5921569 0.345098 0.07058823 0.6 0.3294118 0.06274509 0.5921569 0.345098 0.2196078 0.6705883 0.1098039 0.1921569 0.6627451 0.145098 0.06666666 0.6039216 0.3294118 0.1137255 0.6392157 0.2470588 0.1490196 0.6470589 0.2039216 0.1843137 0.6588236 0.1568627 0.2313725 0.6705883 0.0980392 0.1529412 0.6509804 0.1960784 0.07450979 0.6156863 0.3098039 0.2156863 0.6666667 0.1176471 0.02352941 0.4980392 0.4156863 0.06274509 0.02352941 0.4980391 0.4196078 0.05882352 0.1647059 0.654902 0.1803922 0.1921569 0.6588236 0.1490196 0.05882352 0.5882353 0.3529412 0.1254902 0.6431373 0.2313725 0.3843137 0.4941176 0.1215686 0.2196078 0.6705883 0.1098039 0.2196078 0.6705883 0.1098039 0.2470588 0.6784314 0.07450979 0.06666666 0.6039216 0.3294118 0.01568627 0.4862745 0.427451 0.07058823 0.2470588 0.6784314 0.07450979 0.01568627 0.4784314 0.4352941 0.07058823 0.3647059 0.5019608 0.1333333 0.3411765 0.509804 0.1490196 0.0117647 0.4745098 0.4431372 0.07058823 0.3686274 0.4980392 0.1333333 0.2627451 0.5411765 0.1960784 0.254902 0.545098 0.1999999 0.2392157 0.5529412 0.2078431 0.0117647 0.4745098 0.4431372 0.07058823 0.3686274 0.4980392 0.1333333 0.2627451 0.5411765 0.1960784 0.1882353 0.5450981 0.2666667 0.1882353 0.5450981 0.2666667 0.1843137 0.5411765 0.2745098 0.1686275 0.5215687 0.3098039 0.01568627 0.4823529 0.4352941 0.06666666 0.372549 0.4980392 0.1294118 0.254902 0.5490196 0.1960784 0.1960784 0.5568628 0.2470588 0.1372549 0.4862745 0.3764706 0.1490196 0.5019608 0.3490196 0.1372549 0.4823529 0.3803921 0.1333333 0.4823529 0.3843137 0.1215686 0.4627451 0.4156863 0.3882353 0.4941176 0.1176471 0.2941176 0.5333334 0.172549 0.2196078 0.5647059 0.2156863 0.1843137 0.5490196 0.2666667 0.0980392 0.4235294 0.4784314 0.09411764 0.4235294 0.4823529 0.09411764 0.4235294 0.4823529 0.09411764 0.4156862 0.4784313 0.0117647 0.09019607 0.4039216 0.4784314 0.02745097 0.06666666 0.3490196 0.4705882 0.1137255 0.06274509 0.3490196 0.4705882 0.1176471 0.06666666 0.3568627 0.4705882 0.1058824 0.06274509 0.3568627 0.4745098 0.1058824 0.04313725 0.3058823 0.4666666 0.1843137 0.2666667 0.5450981 0.1882353 0.05882352 0.3529412 0.4745098 0.1137255 0.03529411 0.2823529 0.4627451 0.2196078 0.03529411 0.2784314 0.4627451 0.2235294 0.03529411 0.2745098 0.4509804 0.2392157 0.02352941 0.2784314 0.4666666 0.2313725 0.01960784 0.2470588 0.4588235 0.2745098 0.2039216 0.4509804 0.345098 0.03529411 0.2784314 0.4666666 0.2196078 0.2117647 0.4588235 0.3294118 0.02352941 0.254902 0.4588235 0.2627451 0.2431373 0.4627451 0.2941176 0.2 0.4509804 0.3490196 0.2235294 0.4588235 0.317647 0.2117647 0.4588235 0.3294118 0.2039216 0.4549019 0.3411765 0.227451 0.4627451 0.3098039 0.2039216 0.4549019 0.3411765 0.2039216 0.4509804 0.345098 0.1294118 0.3647059 0.5058824 0.1333333 0.3803921 0.4862745 0.2078431 0.4549019 0.3372549 0.1647059 0.4431372 0.3921568 0.1843137 0.4470588 0.3686274 0.172549 0.4431372 0.3843137 0.1803922 0.4470588 0.372549 0.145098 0.4039216 0.4509804 0.1607843 0.4392157 0.4 0.04705882 0.1372549 0.8156863 0.1137255 0.3137255 0.5725491 0.05490195 0.1607843 0.7843137 0.1215686 0.3411765 0.5372549 0.03921568 0.1058824 0.854902 1 1 0.02745097 0.08235293 0.8901961 0.1137255 0.3215686 0.5647059 1 1 1 1 0.03137254 0.0862745 0.882353 1 0.2039216 0.4509804 0.345098 0.1137255 0.3254902 0.5607843 0.2 0.4549019 0.345098 0.03529411 0.2784314 0.4627451 0.2235294 1 1 1 1 1 0.03921568 0.1098039 0.8509804 0.1333333 0.3764706 0.4901961 0.1647059 0.4392157 0.3960784 0.2352941 0.4588235 0.3058823 0.2313725 0.4588235 0.3098039 0.2352941 0.4627451 0.3019608 0.3058823 0.4823529 0.2117647 0.3058823 0.4823529 0.2117647 0.02352941 0.3058823 0.4745098 0.1960784 0.3294118 0.4470588 0.1137255 0.1098039 0.4392157 0.5607843 0.3843137 0.427451 0.1882353 0.3647059 0.4509804 0.1843137 0.2627451 0.3294118 0.4078431 0.3098039 0.4352941 0.1294118 0.1254902 0.2117647 0.2666667 0.5215687 0.2078431 0.2392157 0.5529412 0.1411765 0.1568627 0.7019608 0.4235294 0.3647059 0.2117647 0.2862745 0.254902 0.4588235 0.2196078 0.2 0.5803922 0.07450979 0.4235294 0.3490196 0.1529412 0.06666666 0.3882353 0.345098 0.2 0.145098 0.1568627 0.6980392 0.2078431 0.2627451 0.5294118 0.2078431 0.1803922 0.6117647 0.05882352 0.3803921 0.3411765 0.2196078 0.1058824 0.5137255 0.3803921 0.227451 0.2823529 0.09019607 0.4 0.1607843 0.1647059 0.08235293 0.5921569 0.05882352 0.4039216 0.3254902 0.2117647 0.2392157 0.1843137 0.09019607 0.4862745 0.04313725 0.545098 0.3764705 0.03529411 0.1490196 0.145098 0.3921568 0.3137255 0.2039216 0.2431373 0.3098039 0.2431373 0.317647 0.4392157 0.1176471 0.1254902 0.3372549 0.4470588 0.09411764 0.1215686 0.02352941 0.4941176 0.4156862 0.06666666 0.2705882 0.2039216 0.2666667 0.2588235 0.04313725 0.5490196 0.372549 0.03529411 0.04313725 0.5725491 0.3843137 0.1960784 0.2078431 0.4901961 0.1058824 0.1411765 0.1254902 0.6 0.1333333 0.3490196 0.4392157 0.2117647 0.3921568 0.5098039 0.0980392 0.3568627 0.4980392 0.145098 0.03529411 0.5411765 0.4235294 0.01960784 0.4745098 0.3607843 0.145098 0.2784314 0.1843137 0.4392156 0.0980392 0.05490195 0.6117647 0.3333333 0.05098038 0.6078432 0.3411765 0.04313725 0.5764706 0.3803921 0.3294118 0.3882353 0.2823529 0.1960784 0.1843137 0.6196079 0.1647059 0.1254902 0.7098039 0.4313725 0.5215687 0.04705882 0.372549 0.5058823 0.1215686 0.2980392 0.1843137 0.5176471 0.06274509 0.6392157 0.2980392 0.05098038 0.6078432 0.3411765 0.3411765 0.3607843 0.2980392 0.4627451 0.5372549 0.2156863 0.1803922 0.04705882 0.5568628 0.2 0.1137255 0.05098038 0.6352941 0.4274509 0.5215686 0.05098038 0.4549019 0.4980392 0.04705882 0.3607843 0.3490196 0.1176471 0.172549 0.05882352 0.6352941 0.3058823 0.06274509 0.6627451 0.2745098 0.2431373 0.1921569 0.2 0.3647059 0.06666666 0.6705883 0.2627451 0.4274509 0.5215686 0.05098038 0.4431372 0.4627451 0.09411764 0.4039216 0.3686274 0.227451 0.06274509 0.6588236 0.2784314 0.06274509 0.6745098 0.2627451 0.2509804 0.1294118 0.2196078 0.4 0.2470588 0.1803922 0.4 0.172549 0.06274509 0.6745098 0.2627451 0.06274509 0.6745098 0.2627451 0.427451 0.4392157 0.1333333 0.4313725 0.5215687 0.04705882 0.3529412 0.317647 0.3294118 0.06274509 0.6627451 0.2745098 0.06274509 0.6627451 0.2745098 0.06274509 0.6627451 0.2745098 0.4196078 0.4352941 0.145098 0.2313725 0.1333333 0.4980392 0.1372549 0.2078431 0.1490196 0.6431373 0.3333333 0.2941176 0.372549 0.1882353 0.1333333 0.6784314 0.172549 0.0980392 0.7294118 0.06274509 0.6509804 0.2862745 0.06274509 0.6470589 0.2901961 0.06274509 0.6509804 0.2862745 0.2039216 0.1490196 0.05098038 0.5960785 0.3529412 0.3215686 0.3254902 0.172549 0.09411764 0.7333334 0.172549 0.0980392 0.04705882 0.682353 0.3647059 0.1960784 0.3529412 0.0862745 0.2862745 0.145098 0.5686275 0.2862745 0.1490196 0.5647059 0.3411765 0.172549 0.03529411 0.4509804 0.06274509 0.6352941 0.3019608 0.2078431 0.1294118 0.2745098 0.3882353 0.227451 0.1764706 0.2156863 0.3803921 0.3803921 0.2039216 0.1764706 0.2392157 0.07058823 0.4627451 0.2235294 0.2431373 0.06274509 0.4745098 0.2313725 0.2313725 0.07843136 0.4784314 0.2313725 0.2117647 0.03137254 0.6 0.2666667 0.1019608 0.1058824 0.5843138 0.254902 0.05490195 0.1803921 0.1058823 0.5686274 0.145098 0.3215686 0.1803921 0.3686274 0.1294117 0.02352941 0.5960785 0.3803921 0.08235293 0.6470589 0.2705882 0.03529411 0.6509804 0.3137255 0.04705882 0.6627451 0.2901961 0.1098039 0.627451 0.2627451 0.1372549 0.6313726 0.2313725 0.07450979 0.6784314 0.2470588 0.01960784 0.5215686 0.3137255 0.145098 0.03529411 0.6313726 0.3333333 0.2980392 0.1843137 0.5176471 0.01960784 0.4980392 0.3254902 0.1568627 0.04705882 0.654902 0.2980392 0.06274509 0.6666667 0.2705882 0.05098038 0.6509804 0.2980392 0.04313725 0.6352941 0.3215686 0.05882352 0.6666667 0.2745098 0.03137254 0.6117647 0.3568627 0.03137254 0.5882353 0.3803921 0.04313725 0.6196079 0.3372549 0.01960784 0.4823529 0.3490196 0.1490196 0.03529411 0.5725491 0.3921568 0.05882352 0.6627451 0.2784314 0.05490195 0.6431373 0.3019608 0.05098038 0.627451 0.3215686 0.07058823 0.6705883 0.2588235 0.04313725 0.5921569 0.3647059 0.04313725 0.5725491 0.3843137 0.04313725 0.5607843 0.3960784 0.05098038 0.6117647 0.3372549 0.05490195 0.6196079 0.3254902 0.04705882 0.5490196 0.4039216 0.03921568 0.5960785 0.3647059 0.05098038 0.5882353 0.3607843 0.2156863 0.4549019 0.3294118 1 0.03529411 0.2901961 0.4627451 0.2117647 0.06274509 0.3529412 0.4705882 0.1137255 1 0.05882352 0.1647059 0.7764706 1 1 1 0.06666666 0.3647059 0.4745098 0.09411764 0.0980392 0.4235294 0.4784314 1 1 0.1019608 0.427451 0.4705882 0.1372549 0.4705882 0.3921568 1 1 1 1 0.1490196 0.5137255 0.3372549 0.1647059 0.5137255 0.3215686 0.1686275 0.5137255 0.317647 0.1607843 0.5058824 0.3333333 0.1764706 0.5333334 0.2901961 0.1764706 0.5254902 0.2980392 1 0.1882353 0.5529412 0.2588235 0.1960784 0.5450981 0.2588235 0.1764706 0.5372549 0.2862745 0.2 0.5568628 0.2431373 0.1882353 0.5568628 0.254902 0.2039216 0.5647059 0.2313725 0.1921569 0.5490196 0.2588235 1 0.2078431 0.5686275 0.2235294 0.227451 0.5607843 0.2117647 0.2078431 0.5725491 0.2196078 0.2352941 0.5607843 0.2039216 1 1 1 1 1 1 1 1 1 1 1 1 1 1 1 1 1 1 1 1 1 1 1 1 1 1 1 1 1 1 1 1 1 1 1 1 1 1 1 1 1 1 1 1 1 1 1 1 1 1 1 1 1 1 1 1 0.9686275 0.03137254 0.9803922 0.01960784 0.9882353 0.0117647 1 1 1 1 1 0.9882353 0.0117647 0.9607843 0.03921568 0.9529412 0.04705882 0.9803922 0.01960784 1 1 1 1 1 1 1 1 1 1 1 1 1 1 1 1 1 1 1 1 1 1 1 1 1 1 1 1 1 1 1 1 1 1 1 1 0.04313725 0.9568628 0.04313725 0.9568628 1 0.04313725 0.9568628 1 1 1 0.2235294 0.7764706 0.2235294 0.7764706 1 0.2235294 0.7764706 0.04313725 0.9568628 1 1 1 0.5058824 0.4941176 0.4980392 0.5019608 0.4980392 0.5019608 0.2235294 0.7764706 0.04705882 0.9529412 1 1 1 0.8196079 0.1803922 0.05882352 0.654902 0.2862745 0.06666666 0.6705883 0.2627451 0.05490195 0.6078432 0.3372549 0.04705882 0.5647059 0.3882353 0.05098038 0.5529412 0.3960784 0.05098038 0.5450981 0.4039216 0.05098038 0.5882353 0.3607843 0.05098038 0.5764706 0.372549 0.04705882 0.6156863 0.3372549 0.05490195 0.6156863 0.3294118 0.05098038 0.5529412 0.3960784 0.05098038 0.5647059 0.3843137 0.05490195 0.5411765 0.4039216 0.05490195 0.5686275 0.3764706 0.05882352 0.5960785 0.345098 0.05882352 0.6039216 0.3372549 0.05882352 0.6352941 0.3058823 0.05490195 0.5607843 0.3843137 0.06274509 0.6196079 0.317647 0.06274509 0.6117647 0.3254902 0.06274509 0.6039216 0.3333333 0.06274509 0.5843138 0.3529412 0.06666666 0.6313726 0.3019608 0.06666666 0.6196079 0.3137255 0.06274509 0.6431373 0.2941176 0.06666666 0.6431373 0.2901961 0.05490195 0.6431373 0.3019608 0.06666666 0.6470589 0.2862745 0.06666666 0.6352941 0.2980392 0.06666666 0.6588236 0.2745098 0.06666666 0.6509804 0.2823529 0.06666666 0.6627451 0.2705882 0.06666666 0.6470589 0.2862745 0.06666666 0.6666667 0.2666667 0.06666666 0.654902 0.2784314 0.07058823 0.6666667 0.2627451 0.07450979 0.6627451 0.2627451 0.07058823 0.6627451 0.2666667 0.07843136 0.6666667 0.254902 0.06666666 0.6431373 0.2901961 0.06666666 0.6509804 0.2823529 0.07058823 0.6705883 0.2588235 0.06274509 0.6666667 0.2705882 0.07450979 0.6705883 0.254902 0.08235293 0.6705883 0.2470588 0.09411764 0.6666667 0.2392157 0.0980392 0.6745098 0.227451 0.06274509 0.6392157 0.2980392 0.06274509 0.6470589 0.2901961 0.07450979 0.6705883 0.254902 0.08235293 0.6705883 0.2470588 0.09411764 0.6862745 0.2196078 0.1960784 0.7333334 0.07058823 0.2117647 0.7215687 0.06666666 0.05882352 0.6235294 0.317647 0.05882352 0.6313726 0.3098039 0.07450979 0.6705883 0.254902 0.0862745 0.6862745 0.227451 0.1843137 0.7450981 0.07058823 0.2078431 0.6392157 0.03921568 0.1137255 0.2117647 0.6196079 0.1686275 0.1803922 0.7215687 0.0980392 0.2196078 0.5882353 0.1921569 0.227451 0.4745098 0.1215686 0.1764706 0.2313725 0.4784314 0.003921568 0.2862745 0.2078431 0.7137255 0.07843136 0.2196078 0.5764706 0.2039216 0.227451 0.4470588 0.3254902 0.2235294 0.3333333 0.09411764 0.3490196 0.1647059 0.627451 0.2078431 0.2196078 0.6862745 0.09411764 0.2196078 0.4392157 0.3411765 0.2156863 0.5725491 0.2117647 0.2117647 0.3411765 0.4470588 0.05490195 0.6470589 0.2980392 0.2 0.3333333 0.4666666 0.2235294 0.4431372 0.3333333 0.172549 0.2588235 0.007843136 0.5607843 0.03137254 0.5490196 0.2666667 0.1529411 0.05098038 0.6470589 0.3019608 0.03137254 0.6 0.3058823 0.06274509 0.06666666 0.6666667 0.2666667 0.05098038 0.6470589 0.3019608 0.03921568 0.6235294 0.3372549 0.06666666 0.6705883 0.2627451 0.06274509 0.6666667 0.2705882 0.05490195 0.6392157 0.3058823 0.05882352 0.6705883 0.2705882 0.04705882 0.6156863 0.3372549 0.05490195 0.6352941 0.3098039 0.05882352 0.6235294 0.317647 0.05098038 0.6117647 0.3372549 0.05490195 0.6039216 0.3411765 0.04705882 0.5960785 0.3568627 0.03921568 0.6078432 0.3529412 0.05882352 0.6117647 0.3294118 0.05882352 0.5921569 0.3490196 0.05098038 0.5843138 0.3647059 0.172549 0.254902 0.1215686 0.4509804 0.05098038 0.5647059 0.3843137 0.04313725 0.5803922 0.3764706 0.03529411 0.5882353 0.3764706 0.02352941 0.5803922 0.3333333 0.06274509 0.05490195 0.5725491 0.372549 0.05098038 0.5529412 0.3960784 0.04313725 0.5647059 0.3921568 0.03137254 0.5725491 0.3960784 0.01960784 0.5137255 0.3215686 0.145098 0.4039216 0.2392157 0.1254902 0.2313725 0.04705882 0.5568628 0.3960784 0.05098038 0.5450981 0.4039216 0.04313725 0.5529412 0.4039216 0.03529411 0.5568628 0.4078431 0.01960784 0.4823529 0.345098 0.1529411 0.3372549 0.1960784 0.4666666 0.05098038 0.5411765 0.4078431 0.04705882 0.5450981 0.4078431 0.05098038 0.5450981 0.4039216 0.04705882 0.5411765 0.4117647 0.05098038 0.5450981 0.4039216 0.04705882 0.5764706 0.3764706 0.05098038 0.5725491 0.3764706 0.05490195 0.5647059 0.3803921 0.05490195 0.6 0.345098 0.05490195 0.6039216 0.3411765 0.05490195 0.5921569 0.3529412 0.05882352 0.6235294 0.317647 0.05882352 0.6156863 0.3254902 0.7843137 0.2156863 0.4980392 0.5019608 0.7843137 0.2156863 0.227451 0.772549 0.04705882 0.9529412 1 1 0.5137255 0.4862745 0.7921569 0.2078431 0.227451 0.772549 0.04705882 0.9529412 1 1 1 0.8588235 0.1411765 0.5137255 0.4862745 0.227451 0.772549 0.04313725 0.9568628 0.04313725 0.9568628 1 0.5176471 0.4823529 0.8470588 0.1529412 0.2235294 0.7764706 0.2235294 0.7764706 0.509804 0.4901961 0.8666667 0.1333333 0.04313725 0.9568628 0.2235294 0.7764706 0.5019608 0.4980392 0.509804 0.4901961 0.8352941 0.1647059 0.509804 0.4901961 0.2235294 0.7764706 0.8313726 0.1686275 0.7960785 0.2039216 0.8352941 0.1647059 0.509804 0.4901961 0.8313726 0.1686275 0.2235294 0.7764706 0.04313725 0.9568628 0.7921569 0.2078431 0.5019608 0.4980392 1 1 1 0.2235294 0.7764706 0.04313725 0.9568628 0.5058824 0.4941176 0.8196079 0.1803922 1 1 1 1 0.04313725 0.9568628 0.2235294 0.7764706 0.4980392 0.5019608 0.7843137 0.2156863 1 1 0.04313725 0.9568628 0.04313725 0.9568628 0.2235294 0.7764706 0.7843137 0.2156863 0.4980392 0.5019608 1 1 0.2235294 0.7764706 1 1 1 1 0.04313725 0.9568628 1 1 1 1 1 1 1 1 1 1 1 1 1 1 1 1 1 1 1 1 1 1 1 1 1 1 1 1 1 1 1 1 1 1 1 1 1 1 1 1 1 1 1 1 1 1 1 1 1 1 1 1 1 1 1 1 1 1 1 1 1 1 1 1 1 1 1 1 1 1 1 1 1 1 1 1 1 1 1 1 1 0.05882352 0.1568627 0.7843137 0.06666666 0.1764706 0.7568628 1 1 1 1 0.06274509 0.1764706 0.7607843 0.1372549 0.3686274 0.4941176 0.1372549 0.3803921 0.4823529 1 1 1 1 0.05882352 0.1686275 0.772549 0.05882352 0.6313726 0.3098039 0.06274509 0.654902 0.2823529 0.06274509 0.6431373 0.2941176 0.3019608 0.03529411 0.6627451 0.2823529 0.0117647 0.7058824 0.3568627 0.06274509 0.5529412 0.02745097 0.3764706 0.0862745 0.5058824 0.03137254 0.2627451 0.7372549 0.3372549 0.03529411 0.6156862 0.0117647 0.4549019 0.1098039 0.3411765 0.09411764 0.4627451 0.08235293 0.3843137 0.07058823 0.4509804 0.1333333 0.3137255 0.1019608 0.2509804 0.7490196 0.317647 0.682353 0.227451 0.07058823 0.7019608 0.2313725 0.08235293 0.6862745 0.4705882 0.1529412 0.1411765 0.2352941 0.4941176 0.1607843 0.1372549 0.2078431 0.5058824 0.4705882 0.02352941 0.4509804 0.145098 0.1372549 0.2666667 0.3058823 0.1098039 0.08235293 0.5019608 0.2196078 0.06666666 0.6470588 0.06666666 0.2392157 0.7294118 0.03137254 0.2823529 0.007843136 0.7058823 0.003921568 0.2078431 0.2941176 0.4156862 0.08235293 0.2117647 0.3058823 0.4823529 0.317647 0.0862745 0.0862745 0.509804 0.5215687 0.1843137 0.1333333 0.1607843 0.3333333 0.1372549 0.08235293 0.4470588 0.4509803 0.09411764 0.435294 0.01960784 0.254902 0.145098 0.03137254 0.5686275 0.2784314 0.3686274 0.3529412 0.2509804 0.1686275 0.2431373 0.3372549 0.3019608 0.4078431 0.2901961 0.3137255 0.3607843 0.1843137 0.1411765 0.1921569 0.5568628 0.1803922 0.07058823 0.2470588 0.3333333 0.1254902 0.2941176 0.4352941 0.1764706 0.04313725 0.345098 0.5333334 0.1803922 0.1568627 0.1294118 0.2470588 0.1490196 0.03137254 0.5725491 0.372549 0.2470588 0.09411764 0.2862745 0.2431373 0.1882353 0.3215686 0.2470588 0.1960784 0.1529412 0.1647059 0.4862745 0.2470588 0.2 0.4784314 0.07450979 0.227451 0.227451 0.5450981 0.2078431 0.2352941 0.5254902 0.03137254 0.2627451 0.1647059 0.5725491 0.4156863 0.1803922 0.03137254 0.372549 0.4392157 0.1137255 0.4470588 0.2313725 0.1568627 0.003921568 0.04705882 0.5607843 0.2196078 0.172549 0.3490196 0.2588235 0.1843137 0.1490196 0.2156863 0.4509804 0.2156863 0.1411765 0.09019607 0.5529412 0.2235294 0.1882353 0.509804 0.07843136 0.2078431 0.2117647 0.5803922 0.3215686 0.1803922 0.003921568 0.4941176 0.2470588 0.1607843 0.0117647 0.003921568 0.5764706 0.2352941 0.1490196 0.02352941 0.5921569 0.1960784 0.1647059 0.3960784 0.2431373 0.1803922 0.1490196 0.254902 0.4156863 0.2078431 0.1411765 0.1215686 0.5294118 0.2431373 0.1411765 0.03137254 0.5843138 0.2 0.1843137 0.5294118 0.0862745 0.2509804 0.1490196 0.04313725 0.5568628 0.2039216 0.1529412 0.1254902 0.5176471 0.1803922 0.1647059 0.2588235 0.3960784 0.1921569 0.1803922 0.4 0.227451 0.2784314 0.145098 0.03137254 0.5450981 0.2509804 0.1647059 0.04705882 0.5372549 0.2 0.1764706 0.1254902 0.4980392 0.1803922 0.2039216 0.2392157 0.3764706 0.1960784 0.1999999 0.5294117 0.07450979 0.2 0.2196078 0.3686274 0.2117647 0.3254902 0.0862745 0.08235293 0.5058824 0.2941176 0.1490196 0.03137254 0.5254902 0.2588235 0.1607843 0.03137254 0.5490196 0.2431373 0.2235294 0.0980392 0.4352941 0.2313725 0.254902 0.1882353 0.3254902 0.3019608 0.2862745 0.04705882 0.3647059 0.2980392 0.2156863 0.0117647 0.4745098 0.2156863 0.2392157 0.4862745 0.05882352 0.2392156 0.2823529 0.2941176 0.1843137 0.2980392 0.3490196 0.1254902 0.227451 0.3607843 0.3647059 0.01960784 0.254902 0.2470588 0.3058823 0.4039215 0.04313725 0.2941176 0.3921568 0.1960784 0.1176471 0.3529412 0.5294118 0.09019607 0.02745097 0.3647059 0.4549019 0.04705882 0.1333333 0.4 0.4549019 0.04705882 0.0980392 0.3058823 0.5686275 0.1254902 0.2784314 0.4392157 0.2823529 0.2392157 0.3215686 0.4392157 0.2117647 0.254902 0.5333334 0.2980392 0.627451 0.07450979 0.3568627 0.6 0.04313725 0.3803921 0.5803922 0.03921568 0.2431373 0.6196079 0.1372549 0.2509804 0.4431372 0.3058823 0.3137255 0.5215687 0.1647059 0.3764706 0.4941176 0.1294118 0.2313725 0.3333333 0.4196078 0.01568627 0.2039215 0.2627451 0.490196 0.04313725 0.2313725 0.4431372 0.3254902 0.2862745 0.5294117 0.1843137 0.3058823 0.5254902 0.1686274 0.2352941 0.5647059 0.2 0.2823529 0.5294118 0.1882353 0.2941176 0.5294117 0.1764705 0.2313725 0.5529412 0.2156863 0.3647059 0.4980392 0.1372549 0.4470588 0.4627451 0.09019607 0.1960784 0.2666667 0.3882353 0.1490196 0.2313725 0.3411765 0.3254902 0.1019608 0.2666667 0.5372549 0.1960784 0.2352941 0.5568628 0.2078431 0.2823529 0.5333333 0.1843137 0.2705882 0.5372549 0.1921568 0.2862745 0.5333334 0.1803922 0.2235294 0.5568628 0.2196078 0.372549 0.4980392 0.1294118 0.4196078 0.4784314 0.1019608 0.2470588 0.5450981 0.2078431 0.2431373 0.5490196 0.2078431 0.2862745 0.5333334 0.1803922 0.2117647 0.5529412 0.2352941 0.2196078 0.5568628 0.2235294 0.2 0.5568628 0.2431373 0.2470588 0.5490196 0.2039216 0.2235294 0.5568628 0.2196078 0.2117647 0.5607843 0.227451 0.1960784 0.5529412 0.2509804 0.2392157 0.5529412 0.2078431 0.2039216 0.5607843 0.2352941 0.1686275 0.5215687 0.3098039 0.1647059 0.5254902 0.3098039 0.1294118 0.3686274 0.5019608 0.227451 0.4509804 0.3215686 0.2235294 0.4549019 0.3215686 1 1 1 0.05098038 0.1490196 0.8 0.1294118 0.372549 0.4980392 0.2117647 0.4549019 0.3333333 1 1 0.04313725 0.2901961 0.4588235 0.2078431 0.04313725 0.2941176 0.4627451 0.2 0.05490195 0.1607843 0.7843137 0.05098038 0.1490196 0.8 0.1254902 0.3568627 0.5176471 0.2156863 0.4588235 0.3254902 0.04313725 0.2862745 0.4627451 0.2078431 0.1294118 0.3647059 0.5058824 0.2117647 0.4588235 0.3294118 0.03921568 0.2862745 0.4627451 0.2117647 0.07058823 0.3647059 0.4745098 0.09019607 0.07058823 0.3568627 0.4705882 0.1019608 0.07058823 0.3607843 0.4745098 0.09411764 0.1294118 0.3647059 0.5058824 0.2117647 0.4588235 0.3294118 0.03921568 0.2745098 0.4627451 0.2235294 0.06274509 0.345098 0.4745098 0.1176471 0.06666666 0.3568627 0.4745098 0.1019608 0.1019608 0.4235294 0.4745098 0.1019608 0.427451 0.4705882 0.1019608 0.4235294 0.4745098 0.03921568 0.2745098 0.4627451 0.2235294 0.2117647 0.4588235 0.3294118 0.09019607 0.4117647 0.4823529 0.01568627 0.0980392 0.4235294 0.4784314 0.06274509 0.345098 0.4745098 0.1176471 0.09019607 0.4078431 0.4823529 0.01960784 0.03529411 0.2784314 0.4666666 0.2196078 0.145098 0.4901961 0.3647059 0.145098 0.4901961 0.3647059 0.1372549 0.4823529 0.3803921 0.1411765 0.4862745 0.372549 0.1294118 0.4666666 0.4039216 0.1215686 0.4627451 0.4156863 0.05882352 0.3529412 0.4745098 0.1137255 0.09019607 0.4039216 0.4784314 0.02745097 0.1843137 0.5333334 0.2823529 0.172549 0.5215687 0.3058823 0.1882353 0.5450981 0.2666667 0.1607843 0.509804 0.3294118 0.1921569 0.5529412 0.254902 0.1960784 0.5529412 0.2509804 0.1215686 0.4627451 0.4156863 0.2509804 0.5450981 0.2039216 0.2352941 0.5490196 0.2156863 0.1921569 0.5490196 0.2588235 0.2627451 0.5411765 0.1960784 0.2705882 0.5411765 0.1882353 0.1686275 0.5215687 0.3098039 0.1803922 0.5294118 0.2901961 0.1882353 0.5490196 0.2627451 0.3490196 0.5019608 0.1490196 0.3607843 0.4980392 0.1411765 0.2705882 0.5411765 0.1882353 0.2352941 0.5490196 0.2156863 0.1960784 0.5529412 0.2509804 0.2078431 0.5607843 0.2313725 0.2 0.5568628 0.2431373 0.372549 0.4941176 0.1333333 0.3764706 0.4941176 0.1294118 0.2392157 0.5529412 0.2078431 0.2235294 0.5568628 0.2196078 0.227451 0.5568628 0.2156863 0.2392157 0.5490196 0.2117647 0.2509804 0.5490196 0.1999999 0.227451 0.5568628 0.2156863 0.2509804 0.5490196 0.1999999 0.2705882 0.5411765 0.1882353 0.2588235 0.5450981 0.1960784 0.3411765 0.509804 0.1490196 0.2745098 0.5450981 0.1803922 0.3254902 0.5254902 0.1490196 0.3411765 0.509804 0.1490196 0.01568627 0.4862745 0.427451 0.07058823 0.01568627 0.4823529 0.4313725 0.07058823 0.01568627 0.4862745 0.427451 0.07058823 0.06666666 0.6039216 0.3294118 0.06666666 0.6039216 0.3294118 0.01960784 0.4862745 0.4235294 0.07058823 0.06666666 0.6117647 0.3215686 0.1490196 0.654902 0.1960784 0.1568627 0.6509804 0.1921569 0.01960784 0.4941176 0.4196078 0.06666666 0.07058823 0.6196079 0.3098039 0.1568627 0.654902 0.1882353 0.2352941 0.6784314 0.0862745 0.2392157 0.6784314 0.08235293 0.1686275 0.6627451 0.1686275 0.07843136 0.6313726 0.2901961 0.2352941 0.6784314 0.0862745 0.01568627 0.490196 0.4274509 0.06666666 0.06666666 0.6117647 0.3215686 0.3921568 0.572549 0.03529411 0.3333333 0.6156862 0.05098038 0.3764706 0.5843138 0.03921568 0.2470588 0.6784314 0.07450979 0.1882353 0.6627451 0.1490196 0.1490196 0.6509804 0.2 0.02352941 0.5019608 0.4117647 0.06274509 0.4039216 0.5647059 0.03137254 0.3803921 0.5803922 0.03921568 0.2627451 0.6666667 0.07058823 0.2 0.6666667 0.1333333 0.4862745 0.4980392 0.01568627 0.4156862 0.5568627 0.02745097 0.462745 0.517647 0.01960784 0.435294 0.545098 0.01960784 0.4745097 0.5137255 0.0117647 0.4078431 0.5607843 0.03137254 0.5019608 0.4862744 0.0117647 0.2431373 0.6784314 0.07843136 0.5254902 0.4745098 0.4823529 0.5058823 0.0117647 0.5372549 0.4627451 0.5372549 0.4627451 0.2470588 0.6784314 0.07450979 0.2235294 0.6745098 0.1019608 0.227451 0.6745098 0.0980392 0.2392157 0.6784314 0.08235293 0.2196078 0.6705883 0.1098039 0.1960784 0.6666667 0.1372549 0.1960784 0.6666667 0.1372549 0.1764706 0.6627451 0.1607843 0.1647059 0.654902 0.1803922 0.1960784 0.6666667 0.1372549 0.1960784 0.6666667 0.1372549 0.172549 0.6588236 0.1686275 0.1254902 0.6470589 0.227451 0.1803922 0.5137255 0.3058823 0.1921569 0.5882353 0.2196078 0.1254902 0.4784314 0.3960784 0.1098039 0.4901961 0.4 0.06666666 0.5137255 0.4196078 0.1215686 0.5411765 0.3372549 0.1686275 0.5215687 0.3098039 0.1294118 0.4745098 0.3960784 0.2078431 0.6901961 0.1019608 0.145098 0.6235294 0.2313725 0.09411764 0.4235294 0.4823529 0.0862745 0.4313725 0.4823529 0.06274509 0.4509804 0.4862745 0.4862745 0.5137255 0.03921568 0.4941176 0.4156862 0.05098038 0.4823529 0.4196078 0.0980392 0.08235293 0.5686275 0.3490196 0.1254902 0.4666666 0.4078431 0.0980392 0.4235294 0.4784314 0.03921568 0.3882353 0.4980392 0.07450979 0.05490195 0.372549 0.4862745 0.0862745 0.06666666 0.3647059 0.4784314 0.09019607 0.07058823 0.372549 0.4784314 0.07843136 0.4156863 0.5215687 0.06274509 0.4235294 0.4509804 0.1254902 0.3882353 0.3490196 0.2627451 0.03921568 0.4352941 0.3686274 0.1568627 0.02745097 0.317647 0.4784314 0.1764706 0.3215686 0.4901961 0.1882353 0.03529411 0.3058823 0.4705882 0.1882353 0.04313725 0.3019608 0.4627451 0.1921569 0.03921568 0.2980392 0.4666666 0.1960784 0.08235293 0.3960784 0.4784314 0.04313725 0.06666666 0.345098 0.4705882 0.1176471 0.3803921 0.5058823 0.1019607 0.0117647 0.4039216 0.4980392 0.0980392 0.317647 0.3490196 0.3333333 0.317647 0.254902 0.427451 0.2392157 0.4627451 0.2980392 0.2352941 0.4627451 0.3019608 0.3098039 0.4901961 0.2 0.2313725 0.4627451 0.3058823 0.345098 0.4352941 0.2196078 0.3333333 0.4627451 0.1137255 0.09019607 0.2156863 0.2470588 0.5372549 0.2705882 0.345098 0.3843137 0.1529412 0.4352941 0.4117647 0.1568627 0.4392157 0.4039216 0.2313725 0.4627451 0.3058823 0.2156863 0.2784314 0.5058824 0.3098039 0.4862745 0.2039216 0.3137255 0.4392157 0.1215686 0.1254902 0.2313725 0.4627451 0.3058823 0.1568627 0.4392157 0.4039216 0.0862745 0.2352941 0.6784314 0.07843136 0.2196078 0.7019608 0.2392157 0.4666666 0.2941176 0.3058823 0.4862745 0.2078431 0.317647 0.4392157 0.1137255 0.1294118 0.01960784 0.05882352 0.9215686 0.07450979 0.2078431 0.7176471 0.01568627 0.04705882 0.9372549 0.2470588 0.4666666 0.2862745 0.3215686 0.4941176 0.1843137 0.1607843 0.4392157 0.4 0.1607843 0.4392157 0.4 1 0.0117647 0.9882353 1 0.1607843 0.4392157 0.4 0.2588235 0.4705882 0.2705882 0.08235293 0.2352941 0.682353 0.08235293 0.2352941 0.682353 1 1 1 0.2470588 0.4666666 0.2862745 0.1607843 0.4392157 0.4 0.08235293 0.2313725 0.6862745 0.0117647 0.03529411 0.9529412 0.0117647 0.03137254 0.9568628 1 1 1 0.1568627 0.4392157 0.4039216 0.2392157 0.4627451 0.2980392 0.0117647 0.03137254 0.9568628 0.07843136 0.227451 0.6941177 1 1 0.1529412 0.4313725 0.4156863 1 0.0117647 0.02745097 0.9607843 1 0.07843136 0.2235294 0.6980392 1 1 1 1 1 0.08235293 0.2235294 0.6941177 1 1 0.02352941 0.9764706 1 1 1 1 1 1 1 1 1 0.0117647 0.03137254 0.9568628 0.01960784 0.05098038 0.9294118 0.0862745 0.2352941 0.6784314 0.08235293 0.2352941 0.682353 1 0.02352941 0.06274509 0.9137255 0.0862745 0.2431373 0.6705883 0.1529412 0.4392157 0.4078431 0.1568627 0.4392157 0.4039216 0.1529412 0.4392157 0.4078431 0.09019607 0.254902 0.654902 0.1529412 0.4392157 0.4078431 0.2431373 0.4666666 0.2901961 0.2352941 0.4627451 0.3019608 0.2352941 0.4627451 0.3019608 0.254902 0.4705882 0.2745098 0.2313725 0.4588235 0.3098039 0.1568627 0.4392157 0.4039216 0.3058823 0.4862745 0.2078431 0.3019608 0.4823529 0.2156863 0.3019608 0.4823529 0.2156863 0.3098039 0.4862745 0.2039216 0.3254902 0.4901961 0.1843137 0.317647 0.4901961 0.1921569 0.3058823 0.4823529 0.2117647 0.2313725 0.4588235 0.3098039 0.3647059 0.5058823 0.1294117 0.3647059 0.5019608 0.1333333 0.3647059 0.5019608 0.1333333 0.3058823 0.4862745 0.2078431 0.3686274 0.5058824 0.1254902 0.3098039 0.4392157 0.1294118 0.1215686 0.4313725 0.5254902 0.04313725 0.4313725 0.5254902 0.04313725 0.145098 0.6509804 0.2039216 0.1764706 0.6588236 0.1647059 0.07843136 0.627451 0.2941176 0.02745097 0.5058823 0.4078431 0.05882352 0.3882353 0.4901961 0.1215686 0.2862745 0.5333334 0.1803922 0.3921568 0.4901961 0.1176471 0.2039216 0.5529412 0.2431373 0.4549019 0.4588235 0.0862745 0.02352941 0.5098039 0.4156862 0.05098038 0.1490196 0.4941176 0.3568627 0.1529412 0.5058824 0.3411765 0.02352941 0.5058823 0.4117646 0.05882352 0.01568627 0.4745098 0.4352941 0.07450979 0.4196078 0.4784314 0.1019608 0.4588235 0.4588235 0.08235293 0.02352941 0.4941176 0.4196078 0.06274509 0.03137254 0.5294118 0.4 0.03921568 0.4588235 0.4549019 0.0862745 0.1176471 0.4509804 0.4313725 0.03529411 0.5333333 0.3882352 0.04313725 0.0117647 0.4745098 0.4392157 0.07450979 0.03529411 0.5294118 0.3960784 0.03921568 0.01960784 0.5137255 0.4078431 0.05882352 0.01568627 0.4941176 0.4235293 0.06666666 0.5019608 0.427451 0.07058823 0.1137255 0.4509804 0.4352941 0.09411764 0.427451 0.4784314 0.09411764 0.4313725 0.4745098 0.08235293 0.3843137 0.4784314 0.05490195 0.07058823 0.3607843 0.4705882 0.0980392 0.08235293 0.3960784 0.4784314 0.04313725 0.1176471 0.4352941 0.4470588 0.0980392 0.4235294 0.4784314 0.1019608 0.427451 0.4705882 0.04313725 0.2941176 0.4588235 0.2039216 0.04313725 0.3019608 0.4627451 0.1921569 0.227451 0.4509804 0.3215686 0.227451 0.4509804 0.3215686 0.2313725 0.4549019 0.3137255 0.1372549 0.3686274 0.4941176 0.1411765 0.3803921 0.4784314 0.145098 0.3921568 0.4627451 0.2313725 0.4588235 0.3098039 0.05882352 0.1568627 0.7843137 0.05882352 0.1529412 0.7882353 0.05882352 0.1607843 0.7803922 0.1411765 0.3960784 0.4627451 0.227451 0.4588235 0.3137255 0.1411765 0.4 0.4588235 0.05882352 0.1686275 0.772549 1 1 1 0.05882352 0.172549 0.7686275 1 0.145098 0.4156863 0.4392157 0.06666666 0.1921569 0.7411765 1 1 1 1 1 1 1 1 1 1 1 1 1 1 1 1 1 1 1 1 0.172549 0.6039216 0.1333333 0.09019607 0.1490196 0.6117647 0.1686275 0.07058823 0.1490196 0.6 0.172549 0.07843136 0.1411765 0.6 0.1764706 0.08235293 0.1529412 0.5921569 0.1568627 0.0980392 1 1 1 1 1 1 1 1 1 1 1 1 1 1 1 1 1 1 1 1 1 1 1 1 1 1 1 1 1 1 1 1 1 1 1 1 1 1 1 1 1 1 0.4313725 0.4470588 0.1215686 0.3882353 0.372549 0.05098038 0.1882353 0.4470588 0.4784314 0.07450979 0.2196078 0.1882353 0.4156863 0.1764706 0.4039216 0.4235294 0.1411765 0.03137254 0.427451 0.5254902 0.04705882 0.4627451 0.5215687 0.01568627 0.2196078 0.2196078 0.5607843 0.1607843 0.1294118 0.7098039 0.3764706 0.4431372 0.1803922 0.4509804 0.5490196 0.372549 0.5058823 0.1215686 0.2313725 0.2666667 0.07450979 0.427451 0.1764706 0.1607843 0.1019608 0.5607843 0.3019608 0.2352941 0.06274509 0.4 0.3803921 0.4784314 0.1411765 0.3882352 0.5137255 0.0980392 0.317647 0.4901961 0.1921569 0.3490196 0.5019608 0.1490196 0.2941176 0.2235293 0.2509804 0.2313725 0.1372549 0.145098 0.3333333 0.3843137 0.2117646 0.2588235 0.2666667 0.2627451 0.3529412 0.4705882 0.1019608 0.07450979 0.02352941 0.5607843 0.3647059 0.05098038 0.2745098 0.2313725 0.4235294 0.07058823 0.1372549 0.1529412 0.6392157 0.07058823 0.2156862 0.2705882 0.462745 0.05098038 0.2745098 0.1921569 0.5333334 0.05098038 0.4627451 0.3058823 0.1803922 0.1411765 0.1647059 0.6941177 0.03921568 0.6392157 0.3215686 0.04313725 0.627451 0.3294118 0.03921568 0.4352941 0.3137255 0.2117647 0.03921568 0.6392157 0.3215686 0.05490195 0.6509804 0.2941176 0.05882352 0.6509804 0.2901961 0.08235293 0.6627451 0.254902 0.2 0.7176471 0.08235293 0.2196078 0.654902 0.1254902 0.2156863 0.682353 0.08235293 0.01960784 0.227451 0.4745098 0.2196078 0.07843136 0.2313725 0.3411765 0.2039216 0.2235294 0.1843137 0.2666667 0.254902 0.2941176 0.145098 0.2196078 0.2823529 0.3529412 0.1607843 0.227451 0.427451 0.1843137 0.1333333 0.2156863 0.2941176 0.3568627 0.1529412 0.2156863 0.4470588 0.1843137 0.172549 0.2196078 0.5450981 0.06274509 0.1529412 0.2392157 0.145098 0.4627451 0.145098 0.2431373 0.3137255 0.2980392 0.172549 0.2313725 0.4509804 0.145098 0.1686274 0.2039215 0.5686274 0.05882352 0.1882353 0.2117647 0.6 0.1529411 0.2705882 0.2901961 0.2862745 0.1686275 0.2588235 0.1333333 0.4392157 0.1843137 0.2509804 0.4313725 0.1333333 0.1882352 0.2156862 0.5607843 0.03529411 0.1882353 0.2 0.6117647 0.2352941 0.4313725 0.1764706 0.1568627 0.2431373 0.4901961 0.2666667 0.1960784 0.7058824 0.07058823 0.02745097 0.2 0.7843137 0.01568627 0.1960784 0.7607843 0.04313725 0.1960784 0.8039216 0.1921569 0.8078432 0.1960784 0.7372549 0.06666666 0.1568627 0.4392157 0.4039216 0.0862745 0.2431373 0.6705883 0.0862745 0.2352941 0.6784314 0.02745097 0.07058823 0.9019608 0.01960784 0.05882352 0.9215686 1 0.01568627 0.04705882 0.9372549 1 1 1 1 1 1 1 1 1 1 1 1 1 1 0.2941176 0.02352941 0.0980392 0.5843138 0.2823529 0.1058824 0.03137254 0.5803922 0.2666667 0.07843136 0.1019608 0.5529412 0.2862745 0.09411764 0.02745097 0.5921569 0.3607843 0.0980392 0.5411765 0.254902 0.1372549 0.1019608 0.5058824 0.3058823 0.1294118 0.2039216 0.3607843 0.3607843 0.03921568 0.6 0.2745098 0.1333333 0.04705882 0.5450981 0.2156863 0.1333333 0.2627451 0.3882353 0.2627451 0.2274509 0.3098039 0.1999999 0.1019608 0.2941176 0.6039216 0.09019607 0.254902 0.654902 0.03529411 0.09411764 0.8705883 0.01568627 0.04705882 0.9372549 0.07843136 0.2235294 0.6980392 0.145098 0.4117647 0.4431372 0.02745097 0.972549 0.06666666 0.1921569 0.7411765 1 1 1 1 0.227451 0.4588235 0.3137255 0.1372549 0.3882353 0.4745098 1 1 1 1 1 1 1 1 1 1 1 1 1 1 1 1 1 1 1 1 1 1 1 1 1 1 1 1 1 1 1 1 1 1 1 1 1 1 1 1 1 1 1 1 1 1 1 1 1 1 1 1 1 1 1 1 1 1 1 1 1 1 1 1 1 1 1 1 1 1 1 1 1 1 1 1 1 1 1 1 1 1 1 1 1 1 1 1 1 1 1 1 1 1 1 1 1 1 1 1 1 1 1 1 1 1 1 1 1 1 1 1 1 1 1 1 1 1 1 1 1 1 1 1 1 1 1 1 1 1 1 1 1 0.05882352 0.1686275 0.772549 1 1 1 1 1 1 1 1 1 0.2196078 0.4549019 0.3254902 0.1294118 0.3607843 0.509804 0.05098038 0.1490196 0.8 1 1 1 1 1 0.1333333 0.3764706 0.4901961 0.2156863 0.4549019 0.3294118 0.05882352 0.1647059 0.7764706 1 1 1 1 1 1 1 0.03529411 0.2901961 0.4627451 0.2117647 0.03921568 0.2941176 0.4627451 0.2039216 0.07058823 0.3647059 0.4705882 0.09411764 0.03921568 0.3019608 0.4666666 0.1921569 0.06666666 0.3647059 0.4745098 0.09411764 0.07450979 0.372549 0.4745098 0.07843136 0.1019608 0.4313725 0.4666666 0.1019608 0.427451 0.4705882 0.07450979 0.3764706 0.4784314 0.07058823 0.1058824 0.4392157 0.4549019 0.1490196 0.4980392 0.3529412 0.1490196 0.5137255 0.3372549 0.08235293 0.3843137 0.4784314 0.05490195 0.1098039 0.4431372 0.4470588 0.1490196 0.5058824 0.345098 0.1921569 0.5568628 0.2509804 0.1137255 0.4470588 0.4392157 0.1529412 0.5058824 0.3411765 0.1960784 0.5607843 0.2431373 0.2 0.5568628 0.2431373 0.2666667 0.5450981 0.1882353 0.2705882 0.5411765 0.1882353 0.1254902 0.4627451 0.4117647 0.1607843 0.509804 0.3294118 0.2 0.5686275 0.2313725 0.2745098 0.5411764 0.1843137 0.1137255 0.427451 0.4588235 0.3843137 0.4941176 0.1215686 0.3803921 0.4980392 0.1215686 0.2039216 0.5725491 0.2235294 0.2823529 0.5411764 0.1764705 0.3843137 0.4980392 0.1176471 0.1490196 0.509804 0.3411765 0.1254902 0.4705882 0.4039216 0.02352941 0.4980391 0.4196078 0.05882352 0.02352941 0.4941176 0.4235293 0.05882352 0.3882353 0.4941176 0.1176471 0.02745097 0.4980391 0.4156862 0.05882352 0.06666666 0.6039216 0.3294118 0.07450979 0.6156863 0.3098039 0.02352941 0.4980391 0.4196078 0.05882352 0.07450979 0.6117647 0.3137255 0.07843136 0.6235294 0.2980392 0.02745097 0.5058824 0.4117647 0.05490195 0.1215686 0.6392157 0.2392157 0.1215686 0.6392157 0.2392157 0.1019608 0.6352941 0.2627451 0.1607843 0.6509804 0.1882353 0.07450979 0.6117647 0.3137255 0.1607843 0.654902 0.1843137 0.03137254 0.5137255 0.4039215 0.05098038 0.145098 0.6470589 0.2078431 0.1333333 0.6470589 0.2196078 0.1490196 0.6470589 0.2039216 0.1686275 0.654902 0.1764706 0.2509804 0.6745098 0.07450979 0.2431373 0.6784314 0.07843136 0.1647059 0.654902 0.1803922 0.07450979 0.6196079 0.3058823 0.1686275 0.654902 0.1764706 0.1686275 0.654902 0.1764706 0.1882353 0.6588236 0.1529412 0.2156863 0.6705883 0.1137255 0.2509804 0.6745098 0.07450979 0.1647059 0.6588236 0.1764706 0.09411764 0.6313726 0.2745098 0.2313725 0.6745098 0.09411764 0.2 0.6627451 0.1372549 0.2392157 0.682353 0.07843136 0.372549 0.5882353 0.03921568 0.2352941 0.6784314 0.0862745 0.1607843 0.6470589 0.1803922 0.0117647 0.372549 0.5882353 0.03921568 0.1019608 0.6235294 0.2588235 0.01568627 0.1529412 0.6392157 0.1803922 0.02745097 0.2431373 0.6392157 0.07058823 0.04705882 0.3647059 0.5921568 0.04313725 0.3607843 0.572549 0.03921568 0.02745097 0.5254902 0.462745 0.0117647 0.1098039 0.6235294 0.2431373 0.02352941 0.1529412 0.627451 0.1764706 0.04313725 0.172549 0.6196079 0.1411765 0.06666666 0.2352941 0.6 0.06274509 0.1019608 0.3568627 0.5254902 0.03137254 0.0862745 0.5333334 0.4666666 0.6705883 0.3294118 0.1176471 0.6196079 0.227451 0.03529411 0.1372549 0.6156863 0.1960784 0.05098038 0.2392157 0.5529412 0.05490195 0.1529412 0.345098 0.4862745 0.02745097 0.1411765 0.5019608 0.4352941 0.06274509 0.6705883 0.3294118 0.2313725 0.5215687 0.05098038 0.1960784 1 1 1 1 1 1 1 1 1 1 1 1 1 1 1 1 1 1 1 1 1 1 1 1 1 1 1 1 1 1 1 1 1 1 1 1 1 1 1 1 1 1 1 1 1 1 1 1 1 1 1 1 1 1 1 1 1 1 1 1 1 1 1 1 1 1 1 1 1 1 1 1 1 1 1 1 1 1 1 1 1 1 1 1 1 1 1 1 1 1 1 1 1 1 1 1 1 1 1 1 1 1 1 1 1 1 1 1 1 1 1 1 1 1 1 1 1 1 1 1 1 1 1 1 1 1 1 1 1 1 1 1 1 1 1 1 1 1 1 1 1 1 1 1 1 1 1 1 1 0.3254902 0.4549019 0.02352941 0.1960784 0.4784314 0.4 0.1215686 0.6470589 0.3137255 0.03921568 0.7882353 0.1921569 0.01960784 0.6156862 0.2941176 0.09019607 0.4588235 0.3764706 0.1647059 0.2784314 0.4745098 0.02352941 0.2235294 0.345098 0.427451 0.227451 0.227451 0.5058824 0.04705882 0.2196078 0.7568628 0.1843137 0.05882352 0.5921569 0.2745098 0.1333333 0.7294118 0.1764706 0.09411764 0.4509804 0.3490196 0.2 0.2901961 0.4627451 0.2470588 0.2588235 0.4941176 0.2470588 0.5803921 0.2588235 0.1607843 0.4392157 0.3333333 0.227451 0.8509804 0.09411764 0.05490195 0.7176471 0.1647059 0.1176471 0.2627451 0.4901961 0.2470588 0.5725491 0.2431373 0.1843137 0.254902 0.4862745 0.2588235 0.427451 0.3137255 0.2588235 0.8431373 0.0862745 0.07058823 0.7098039 0.1529412 0.1372549 0.5607843 0.2313725 0.2078431 0.9450981 0.03529411 0.01960784 0.4117647 0.2980392 0.2901961 0.9411765 0.03137254 0.02745097 0.8352941 0.08235293 0.08235293 0.7019608 0.145098 0.1529412 0.5490196 0.2196078 0.2313725 0.9411765 0.02745097 0.03137254 1 0.8313726 0.07843136 0.09019607 0.6901961 0.1411765 0.1686275 0.5333334 0.2117647 0.254902 1 0.9372549 0.02745097 0.03529411 1 0.8235294 0.07450979 0.1019608 0.6784314 0.1372549 0.1843137 0.9372549 0.02745097 0.03529411 0.8117647 0.07450979 0.1137255 0.6666667 0.1333333 0.2 1 0.9254902 0.02745097 0.04705882 0.8 0.07450979 0.1254902 1 0.9176471 0.02745097 0.05490195 1 0.9019608 0.02745097 0.07058823 0.7843137 0.07450979 0.1411765 0.9803922 0.01960784 0.8941177 0.02745097 0.07843136 0.772549 0.07450979 0.1529412 0.9882353 0.0117647 0.8862745 0.02745097 0.0862745 0.9803922 0.01960784 0.7647059 0.07450979 0.1607843 0.8784314 0.02745097 0.09411764 0.9529412 0.04705882 0.7568628 0.07450979 0.1686275 0.6235294 0.1333333 0.2431373 0.7607843 0.07450979 0.1647059 0.882353 0.02745097 0.09019607 0.9686275 0.03137254 0.6196079 0.1333333 0.2470588 0.6196079 0.1333333 0.2470588 0.4745098 0.2039216 0.3215686 0.4666666 0.2039216 0.3294118 0.8862745 0.02352941 0.09019607 0.7647059 0.07450979 0.1607843 0.9607843 0.03921568 0.6235294 0.1294118 0.2470588 0.4666666 0.2039216 0.3294118 0.772549 0.07450979 0.1529412 0.8980392 0.02352941 0.07843136 0.3294118 0.2666667 0.4039216 0.3254902 0.2666667 0.4078431 0.3254902 0.2627451 0.4117647 0.4705882 0.2 0.3294118 1 0.627451 0.1294118 0.2431373 0.4745098 0.2 0.3254902 0.9019608 0.02745097 0.07058823 0.7764706 0.07450979 0.1490196 0.9882353 0.0117647 0.6352941 0.1294118 0.2352941 0.3294118 0.2588235 0.4117647 0.3333333 0.2588235 0.4078431 0.9176471 0.02352941 0.05882352 0.3411765 0.254902 0.4039216 0.4823529 0.1960784 0.3215686 0.7882353 0.07450979 0.1372549 0.6470589 0.1254902 0.227451 0.4901961 0.1960784 0.3137255 0.3490196 0.254902 0.3960784 0.8 0.07450979 0.1254902 0.6509804 0.1294118 0.2196078 0.4980392 0.2 0.3019608 0.3607843 0.2666667 0.372549 0.8117647 0.07450979 0.1137255 0.6627451 0.1333333 0.2039216 0.5137255 0.2078431 0.2784314 0.3803921 0.2823529 0.3372549 0.6745098 0.1372549 0.1882353 0.5333334 0.2156863 0.2509804 0.4 0.3019608 0.2980392 0.8117647 0.07843136 0.1098039 0.6862745 0.145098 0.1686275 1 1 1 1 1 1 1 1 1 1 1 1 1 1 1 1 1 1 1 1 1 1 1 1 1 1 1 1 1 1 1 1 1 1 1 1 1 1 1 1 1 1 1 1 1 1 1 1 1 1 1 1 1 1 1 1 1 1</float_array>
          <technique_common>
            <accessor source="#Reference_Body_Default_M-skin-weights-array" count="7033" stride="1">
              <param name="WEIGHT" type="float"/>
            </accessor>
          </technique_common>
        </source>
        <joints>
          <input semantic="JOINT" source="#Reference_Body_Default_M-skin-joints"/>
          <input semantic="INV_BIND_MATRIX" source="#Reference_Body_Default_M-skin-bind_poses"/>
        </joints>
        <vertex_weights count="2767">
          <input semantic="JOINT" source="#Reference_Body_Default_M-skin-joints" offset="0"/>
          <input semantic="WEIGHT" source="#Reference_Body_Default_M-skin-weights" offset="1"/>
          <vcount>1 1 2 2 1 2 2 2 2 2 2 2 2 1 2 2 2 2 2 2 2 2 2 1 2 2 2 2 2 2 2 2 2 2 2 1 2 2 2 2 2 2 2 2 1 2 3 3 3 4 2 2 1 2 3 3 2 1 4 3 3 3 4 2 3 3 1 3 3 4 4 4 2 3 3 3 3 1 4 4 4 4 3 3 3 3 4 4 4 3 3 3 4 4 3 4 4 4 4 3 3 3 3 4 4 3 3 3 3 3 3 3 4 3 4 4 3 3 3 4 4 3 3 4 4 3 3 4 4 4 3 3 3 4 3 3 4 4 4 3 3 3 3 4 4 3 3 4 3 3 4 3 4 4 4 3 3 3 3 3 1 1 3 3 3 1 1 1 2 3 1 1 3 2 2 2 2 2 2 1 2 2 2 1 1 1 2 2 2 1 1 2 1 2 2 1 2 2 2 1 2 2 2 2 2 2 2 1 2 2 2 2 2 2 2 2 2 1 2 2 2 3 2 3 2 3 3 3 3 3 3 3 3 3 3 4 3 4 3 4 3 3 3 4 3 4 3 4 3 4 4 4 4 4 3 4 4 4 4 4 4 4 4 4 4 3 4 4 4 4 4 3 4 4 4 4 3 4 4 3 4 3 4 4 4 4 4 4 4 4 3 3 4 3 4 4 4 4 4 3 3 4 4 4 4 4 4 4 4 4 3 2 4 4 4 2 2 3 3 4 4 4 4 3 3 3 3 3 4 4 4 3 4 4 4 4 3 4 4 4 4 3 3 4 4 4 4 4 3 3 3 4 4 3 4 3 3 3 3 4 3 3 4 3 3 3 2 3 3 4 3 2 2 4 3 3 3 3 4 2 3 2 3 3 3 3 3 4 3 3 2 3 2 2 3 3 3 3 3 3 3 3 3 2 3 3 3 3 3 3 3 3 3 3 2 3 3 3 3 4 2 3 3 3 4 4 4 4 4 4 3 3 4 4 3 4 3 3 3 4 4 4 4 3 3 4 3 3 4 4 4 4 4 3 3 4 4 4 4 4 4 4 4 4 4 3 3 4 4 4 4 4 4 4 4 4 3 4 4 3 4 4 4 4 4 4 4 4 3 4 3 3 3 3 3 3 4 4 4 4 4 4 3 3 3 4 4 4 4 3 3 3 3 3 3 3 4 4 4 4 3 3 3 3 3 4 3 4 3 3 3 3 3 3 3 3 3 4 3 3 3 4 3 3 4 4 3 3 3 3 3 3 3 3 3 3 3 3 3 3 3 3 3 3 3 3 3 3 3 3 3 4 4 4 4 3 4 4 4 3 4 3 3 3 4 4 3 3 4 4 4 4 4 4 3 3 3 4 1 2 1 2 2 2 1 2 2 2 2 2 1 2 2 2 2 2 2 2 1 2 2 2 2 2 2 2 2 1 2 2 2 2 2 2 2 2 3 1 2 2 2 2 3 4 4 4 4 4 4 3 3 3 4 3 3 3 3 3 3 3 3 3 3 3 3 3 3 3 3 3 3 3 3 3 3 3 3 3 3 4 3 3 3 3 4 3 3 3 3 3 3 3 3 3 3 3 3 3 3 3 3 3 4 4 3 3 3 4 4 4 4 4 3 3 4 4 4 4 3 3 3 3 3 3 3 3 3 4 3 3 3 3 3 3 3 3 4 3 3 3 3 3 3 3 3 3 3 3 3 3 3 3 3 3 3 3 3 3 3 1 1 1 1 1 1 1 1 1 1 3 3 1 1 1 1 3 3 3 3 1 1 1 1 3 3 3 3 3 2 3 1 2 2 3 3 3 3 3 3 3 3 2 3 3 3 3 3 3 3 3 3 3 3 3 3 3 3 3 3 3 3 3 3 3 3 3 4 4 3 3 3 3 3 3 3 3 3 4 3 4 3 3 4 3 3 3 3 4 3 3 3 3 3 3 4 3 3 3 3 3 3 3 3 3 3 3 3 3 3 3 4 4 4 4 4 4 4 3 4 4 4 4 4 4 3 4 3 4 3 3 3 3 3 3 3 3 3 3 3 3 3 3 3 3 3 3 3 3 3 3 1 1 3 3 1 1 1 1 3 1 3 3 3 4 1 1 1 1 1 3 3 3 3 3 3 3 3 4 4 2 3 3 3 4 3 3 3 3 3 3 4 4 3 3 3 4 3 4 4 4 4 4 4 4 4 4 4 4 4 3 4 4 3 3 3 3 4 4 3 3 3 3 3 3 3 3 3 3 3 3 2 4 4 3 3 4 3 3 4 3 3 3 3 3 3 4 4 3 3 3 3 3 3 3 3 3 4 3 3 3 3 3 3 3 4 3 3 4 4 3 3 4 3 4 4 4 4 4 4 4 4 4 4 3 3 3 3 3 3 3 4 3 3 4 3 3 3 3 3 3 3 3 4 3 3 3 3 3 3 3 3 3 3 3 3 3 3 1 4 4 1 3 1 1 1 4 3 1 1 3 3 1 1 1 1 3 3 3 3 3 3 1 3 3 3 3 3 3 3 1 3 3 3 3 1 1 1 1 1 1 1 1 1 1 1 1 1 1 1 1 1 1 1 1 1 1 1 1 1 1 1 1 1 1 1 1 1 1 1 1 1 1 1 1 1 1 1 1 1 1 1 1 1 1 1 1 1 1 1 1 2 2 2 1 1 1 1 1 2 2 2 2 1 1 1 1 1 1 1 1 1 1 1 1 1 1 1 1 1 1 1 1 1 1 1 1 1 1 1 1 1 1 1 1 1 1 1 1 2 2 1 2 1 1 1 2 2 1 2 2 1 1 1 2 2 2 2 2 1 1 1 2 3 3 3 3 3 3 3 3 3 3 3 3 3 3 3 3 3 3 3 3 3 3 3 3 3 3 3 3 3 3 3 3 3 3 3 3 3 3 3 3 3 3 3 3 3 3 3 3 3 3 3 3 3 3 3 3 3 3 3 4 3 3 3 4 4 3 3 3 4 3 3 3 3 3 3 3 3 4 4 3 4 3 3 3 3 3 3 3 3 3 3 3 3 3 3 3 3 3 4 3 3 3 4 3 3 3 3 4 4 3 3 3 3 4 3 3 3 3 3 3 3 3 3 3 3 3 3 3 2 2 2 2 2 1 1 2 2 2 2 1 1 1 2 2 2 2 2 1 2 2 2 2 2 2 2 2 2 2 2 2 2 2 2 2 2 2 2 2 2 2 1 1 1 2 2 2 2 1 1 1 1 2 2 2 2 1 1 2 2 2 2 2 1 1 2 1 1 1 1 2 1 1 1 1 1 1 1 1 1 1 1 1 1 1 1 1 1 1 1 1 1 1 1 1 1 1 1 1 1 1 1 1 1 1 1 1 1 1 1 1 1 1 1 1 1 1 1 1 1 1 1 1 1 1 1 1 1 1 1 1 1 1 1 1 1 1 1 1 1 1 1 1 1 1 1 1 1 1 1 1 1 3 3 1 1 1 1 3 3 3 1 1 1 1 3 3 3 3 3 3 4 4 2 4 4 4 4 2 2 3 3 4 4 3 4 4 4 3 4 4 3 4 4 4 4 4 3 4 3 4 4 4 4 4 4 4 4 4 4 3 4 3 4 3 5 4 4 4 4 3 4 5 4 4 4 4 4 4 4 4 4 4 4 4 4 4 4 4 4 4 4 4 4 4 4 4 4 4 4 4 4 4 4 4 3 3 3 3 3 3 3 3 3 3 3 4 4 3 3 3 3 3 3 3 3 3 4 4 3 3 3 3 3 3 3 3 3 3 3 3 3 3 3 3 3 3 3 3 3 3 3 3 3 1 1 1 3 3 3 1 1 4 4 3 3 3 3 4 3 3 4 4 4 4 3 3 4 4 4 3 3 3 4 3 4 3 4 4 4 3 3 3 3 3 3 4 4 3 3 3 3 3 3 3 3 3 3 3 3 3 3 3 3 3 3 3 3 3 3 3 3 3 3 3 3 3 3 3 3 3 3 3 3 3 4 4 4 3 3 4 3 3 3 4 3 3 3 3 3 3 3 4 3 3 3 3 3 3 3 4 3 3 3 3 3 3 3 3 3 3 3 3 2 3 2 2 3 3 3 3 3 3 3 3 3 3 3 3 3 3 3 3 3 3 3 3 3 3 3 3 3 3 2 4 3 3 3 3 4 4 4 4 3 3 3 4 4 3 4 4 4 4 4 4 3 3 3 3 3 3 3 3 4 3 3 3 3 3 3 3 4 3 3 3 3 3 3 4 3 3 3 3 3 3 3 1 2 1 3 3 3 3 1 1 1 3 3 3 3 3 1 1 1 3 3 3 3 1 1 3 1 3 1 3 1 1 1 1 1 3 1 1 2 1 1 1 1 1 1 1 1 1 3 3 3 3 1 3 3 3 3 3 3 3 3 3 3 3 3 3 3 3 3 3 3 3 3 3 3 3 3 3 3 4 3 3 3 3 3 4 3 3 3 3 3 4 3 3 4 4 3 3 4 4 3 3 4 4 4 4 4 3 3 3 3 4 4 4 3 3 3 4 4 3 3 3 3 3 3 3 3 3 3 3 3 3 3 1 1 1 3 1 3 3 1 1 1 1 1 1 1 1 1 1 1 1 1 1 1 1 1 1 1 1 4 4 4 4 4 1 1 1 1 1 1 1 1 1 1 1 1 1 1 1 1 1 1 1 1 1 1 1 1 1 1 1 1 1 1 1 1 1 1 1 1 1 1 1 1 1 1 3 4 3 4 4 3 3 3 3 3 2 3 4 4 4 3 3 3 3 4 4 4 4 4 4 4 4 3 4 3 3 3 4 3 3 3 3 3 3 4 4 4 4 4 4 4 4 4 4 4 4 4 3 4 4 4 4 3 4 3 4 3 3 2 2 3 3 3 3 3 3 1 3 1 1 1 1 1 1 1 1 1 1 1 1 1 1 4 4 4 4 3 4 4 3 4 4 4 3 3 3 3 3 3 2 3 1 1 1 1 3 3 1 1 1 1 1 1 1 1 1 1 1 1 1 1 1 1 1 1 1 1 1 1 1 1 1 1 1 1 1 1 1 1 1 1 1 1 1 1 1 1 1 1 1 1 1 1 1 1 1 1 1 1 1 1 1 1 1 1 1 1 1 1 1 1 1 1 1 1 1 1 1 1 1 1 1 1 1 1 1 1 1 1 1 1 1 1 1 1 1 1 1 1 1 1 1 1 1 1 1 1 1 1 1 1 1 1 1 1 1 1 1 1 1 1 1 1 1 1 1 1 1 1 1 1 1 1 1 1 1 1 1 1 1 3 1 1 1 1 1 1 1 1 1 3 3 3 1 1 1 1 1 3 3 3 1 1 1 1 1 1 1 4 4 4 4 4 4 3 3 4 3 3 3 4 3 3 3 3 3 3 3 3 3 3 3 3 3 3 3 3 3 3 3 3 3 4 4 3 4 3 3 4 3 3 4 3 3 3 3 3 3 4 3 3 3 3 3 3 3 3 3 3 3 3 3 3 3 3 3 3 3 3 4 3 4 4 4 3 4 3 4 4 4 4 4 2 2 4 4 4 4 3 2 4 1 1 1 1 1 1 1 1 1 1 1 1 1 1 1 1 1 1 1 1 1 1 1 1 1 1 1 1 1 1 1 1 1 1 1 1 1 1 1 1 1 1 1 1 1 1 1 1 1 1 1 1 1 1 1 1 1 1 1 1 1 1 1 1 1 1 1 1 1 1 1 1 1 1 1 1 1 1 1 1 1 1 1 1 1 1 1 1 1 1 1 1 1 1 1 1 1 1 1 1 1 1 1 1 1 1 1 1 1 1 1 1 1 1 1 1 1 1 1 1 1 1 1 1 1 1 1 1 1 1 1 1 1 1 1 1 1 1 1 1 1 1 1 1 1 1 1 1 1 4 3 3 3 3 3 4 3 4 3 3 3 3 3 3 3 3 3 3 3 3 3 3 3 3 3 3 3 3 3 3 3 3 1 3 3 3 1 3 1 3 3 3 3 3 1 3 3 1 3 1 3 3 2 3 3 2 3 2 3 3 2 3 3 3 3 2 3 3 3 3 3 3 2 3 3 3 3 3 3 3 3 1 3 3 3 3 2 3 3 3 3 3 3 3 3 3 3 3 3 3 3 3 3 3 3 3 3 3 3 3 1 1 1 1 1 1 1 1 1 1 1 1 1 1 1 1 1 1 1 1 1 1 1 1 1 1 1 1 1 1 1 1 1 1 1 1 1 1 1 1 1 1 1 1 1 1 1 1 1 1 1 1 1 1 1 1 1 1 </vcount>
          <v>0 0 0 1 0 2 1 3 0 4 1 5 0 6 0 7 1 8 0 9 1 10 0 11 1 12 0 13 1 14 0 15 1 16 0 17 1 18 0 19 1 20 0 21 1 22 0 23 0 24 1 25 0 26 1 27 0 28 1 29 0 30 1 31 0 32 1 33 0 34 1 35 0 36 1 37 0 38 1 39 0 40 1 41 0 42 0 43 1 44 0 45 1 46 0 47 1 48 0 49 1 50 0 51 1 52 0 53 1 54 0 55 1 56 0 57 1 58 0 59 1 60 0 61 1 62 0 63 1 64 0 65 0 66 1 67 0 68 1 69 0 70 1 71 0 72 1 73 0 74 1 75 0 76 1 77 0 78 1 79 0 80 1 81 0 82 0 83 1 84 0 85 1 86 13 87 0 88 1 89 2 90 0 91 1 92 2 93 0 94 1 95 2 96 13 97 0 98 1 99 0 100 1 101 0 102 0 103 1 104 0 105 1 106 13 107 0 108 1 109 13 110 0 111 1 112 0 113 0 114 1 115 2 116 13 117 0 118 1 119 2 120 0 121 1 122 2 123 0 124 1 125 13 126 0 127 1 128 2 129 13 130 0 131 1 132 0 133 1 134 13 135 0 136 1 137 13 138 0 139 0 140 1 141 13 142 0 143 1 144 13 145 0 146 1 147 2 148 13 149 0 150 1 151 2 152 13 153 0 154 1 155 2 156 13 157 0 158 1 159 0 160 1 161 13 162 0 163 1 164 13 165 0 166 1 167 13 168 0 169 1 170 13 171 0 172 0 173 1 174 2 175 13 176 0 177 1 178 2 179 13 180 0 181 1 182 2 183 13 184 0 185 1 186 2 187 13 188 0 189 1 190 13 191 0 192 1 193 13 194 0 195 1 196 13 197 0 198 1 199 13 200 0 201 1 202 2 203 13 204 0 205 1 206 2 207 13 208 0 209 1 210 2 211 13 212 0 213 1 214 13 215 0 216 1 217 13 218 0 219 1 220 13 221 0 222 1 223 2 224 13 225 0 226 1 227 2 228 13 229 0 230 1 231 13 232 0 233 1 234 2 235 13 236 0 237 1 238 2 239 13 240 0 241 1 242 2 243 13 244 0 245 1 246 2 247 13 248 0 249 1 250 13 251 0 252 1 253 13 254 0 255 1 256 13 257 0 258 1 259 2 260 0 261 1 262 2 263 3 264 0 265 1 266 2 267 13 268 0 269 1 270 13 271 1 272 2 273 13 274 0 275 1 276 13 277 0 278 1 279 13 280 0 281 1 282 2 283 0 284 1 285 2 286 1 287 2 288 3 289 1 290 2 291 13 292 21 293 0 294 1 295 13 296 1 297 13 298 15 299 21 300 1 301 2 302 13 303 21 304 1 305 2 306 3 307 0 308 1 309 13 310 0 311 1 312 13 313 1 314 2 315 13 316 21 317 1 318 13 319 15 320 21 321 1 322 13 323 15 324 0 325 1 326 13 327 1 328 2 329 13 330 21 331 1 332 2 333 3 334 21 335 0 336 1 337 13 338 0 339 1 340 13 341 1 342 2 343 13 344 21 345 1 346 13 347 15 348 21 349 1 350 13 351 15 352 21 353 1 354 13 355 15 356 0 357 1 358 13 359 1 360 2 361 21 362 1 363 2 364 13 365 21 366 0 367 1 368 13 369 0 370 1 371 13 372 1 373 13 374 15 375 21 376 1 377 13 378 15 379 21 380 1 381 13 382 15 383 21 384 1 385 13 386 15 387 0 388 1 389 13 390 0 391 1 392 13 393 0 394 1 395 13 396 1 397 13 398 15 399 21 400 1 401 13 402 15 403 21 404 1 405 13 406 15 407 1 408 13 409 15 410 0 411 1 412 13 413 14 414 0 415 1 416 13 417 0 418 1 419 13 420 1 421 13 422 15 423 21 424 1 425 13 426 15 427 1 428 13 429 14 430 15 431 1 432 13 433 14 434 15 435 0 436 1 437 13 438 14 439 0 440 1 441 13 442 0 443 1 444 13 445 0 446 1 447 13 448 0 449 1 450 13 451 0 452 1 453 13 454 0 455 0 456 0 457 1 458 13 459 0 460 1 461 13 462 0 463 1 464 13 465 0 466 0 467 0 468 0 469 1 470 0 471 1 472 13 473 0 474 0 475 0 476 1 477 13 478 0 479 1 480 0 481 1 482 0 483 1 484 0 485 1 486 0 487 1 488 0 489 1 490 0 491 0 492 1 493 0 494 1 495 0 496 1 497 0 498 0 499 0 500 0 501 1 502 0 503 1 504 0 505 1 506 0 507 0 508 0 509 1 510 0 511 0 512 1 513 0 514 1 515 0 516 0 517 1 518 0 519 1 520 0 521 1 522 0 523 0 524 1 525 0 526 1 527 0 528 1 529 0 530 1 531 0 532 1 533 0 534 1 535 0 536 1 537 0 538 0 539 1 540 0 541 1 542 0 543 1 544 0 545 1 546 0 547 1 548 0 549 1 550 0 551 1 552 0 553 1 554 0 555 1 556 0 557 0 558 1 559 0 560 1 561 0 562 1 563 0 564 1 565 2 566 0 567 1 568 0 569 1 570 2 571 0 572 1 573 0 574 1 575 2 576 0 577 1 578 2 579 0 580 1 581 2 582 0 583 1 584 2 585 0 586 1 587 2 588 0 589 1 590 2 591 0 592 1 593 2 594 0 595 1 596 2 597 0 598 1 599 2 600 1 601 2 602 3 603 0 604 1 605 2 606 3 607 1 608 2 609 3 610 0 611 1 612 2 613 3 614 1 615 2 616 3 617 0 618 1 619 2 620 3 621 0 622 1 623 2 624 0 625 1 626 2 627 1 628 2 629 3 630 0 631 1 632 2 633 13 634 0 635 1 636 2 637 0 638 1 639 2 640 13 641 1 642 2 643 19 644 0 645 1 646 2 647 13 648 1 649 2 650 19 651 0 652 1 653 2 654 13 655 0 656 1 657 2 658 13 659 0 660 1 661 2 662 13 663 0 664 1 665 2 666 13 667 0 668 1 669 2 670 13 671 1 672 2 673 19 674 1 675 2 676 13 677 19 678 1 679 2 680 13 681 19 682 1 683 2 684 13 685 19 686 0 687 1 688 2 689 13 690 0 691 1 692 2 693 13 694 0 695 1 696 2 697 13 698 1 699 2 700 13 701 19 702 0 703 1 704 2 705 13 706 0 707 1 708 2 709 13 710 0 711 1 712 2 713 13 714 1 715 2 716 19 717 1 718 2 719 13 720 19 721 0 722 1 723 2 724 13 725 1 726 2 727 13 728 16 729 1 730 13 731 16 732 19 733 1 734 13 735 16 736 19 737 1 738 13 739 16 740 1 741 13 742 16 743 19 744 0 745 1 746 2 747 13 748 1 749 13 750 16 751 19 752 1 753 13 754 16 755 19 756 1 757 2 758 19 759 1 760 2 761 13 762 19 763 1 764 2 765 18 766 19 767 1 768 13 769 16 770 0 771 1 772 13 773 16 774 1 775 13 776 16 777 1 778 2 779 18 780 19 781 1 782 2 783 13 784 19 785 1 786 13 787 16 788 19 789 1 790 13 791 16 792 19 793 1 794 13 795 16 796 19 797 1 798 2 799 18 800 19 801 1 802 2 803 18 804 19 805 1 806 2 807 13 808 19 809 1 810 13 811 16 812 1 813 13 814 16 815 0 816 1 817 13 818 16 819 1 820 13 821 16 822 1 823 13 824 16 825 19 826 1 827 13 828 16 829 19 830 1 831 13 832 16 833 19 834 1 835 2 836 13 837 19 838 1 839 13 840 16 841 19 842 1 843 13 844 16 845 1 846 13 847 16 848 1 849 13 850 16 851 19 852 1 853 13 854 16 855 19 856 1 857 13 858 16 859 19 860 1 861 13 862 16 863 19 864 1 865 13 866 16 867 19 868 1 869 13 870 16 871 19 872 1 873 2 874 13 875 19 876 1 877 13 878 16 879 19 880 1 881 13 882 16 883 19 884 1 885 13 886 16 887 1 888 16 889 1 890 16 891 18 892 19 893 1 894 16 895 18 896 19 897 1 898 2 899 16 900 19 901 1 902 16 903 1 904 16 905 1 906 14 907 16 908 1 909 14 910 16 911 1 912 16 913 18 914 19 915 1 916 16 917 18 918 19 919 1 920 16 921 18 922 19 923 1 924 16 925 18 926 19 927 1 928 14 929 16 930 1 931 14 932 16 933 1 934 14 935 16 936 1 937 14 938 16 939 1 940 16 941 18 942 1 943 2 944 18 945 19 946 1 947 2 948 18 949 19 950 1 951 2 952 18 953 19 954 1 955 14 956 16 957 1 958 2 959 18 960 19 961 1 962 2 963 18 964 19 965 1 966 2 967 18 968 19 969 1 970 2 971 18 972 19 973 1 974 13 975 15 976 1 977 13 978 14 979 15 980 1 981 13 982 14 983 15 984 1 985 13 986 14 987 15 988 0 989 1 990 13 991 14 992 0 993 1 994 13 995 0 996 1 997 13 998 1 999 13 1000 14 1001 15 1002 1 1003 13 1004 14 1005 15 1006 1 1007 13 1008 14 1009 15 1010 1 1011 13 1012 14 1013 15 1014 0 1015 1 1016 13 1017 14 1018 0 1019 1 1020 13 1021 0 1022 1 1023 13 1024 1 1025 14 1026 15 1027 1 1028 13 1029 14 1030 15 1031 1 1032 13 1033 14 1034 15 1035 1 1036 13 1037 14 1038 0 1039 1 1040 13 1041 14 1042 0 1043 1 1044 13 1045 0 1046 1 1047 13 1048 1 1049 14 1050 15 1051 1 1052 14 1053 15 1054 1 1055 13 1056 14 1057 15 1058 1 1059 14 1060 15 1061 1 1062 13 1063 14 1064 0 1065 1 1066 13 1067 14 1068 0 1069 1 1070 13 1071 1 1072 14 1073 15 1074 1 1075 13 1076 14 1077 1 1078 14 1079 1 1080 14 1081 15 1082 1 1083 13 1084 14 1085 0 1086 1 1087 13 1088 14 1089 1 1090 13 1091 14 1092 1 1093 14 1094 1 1095 14 1096 1 1097 13 1098 14 1099 16 1100 1 1101 14 1102 15 1103 1 1104 14 1105 15 1106 1 1107 14 1108 15 1109 1 1110 14 1111 16 1112 1 1113 13 1114 14 1115 16 1116 1 1117 14 1118 1 1119 14 1120 16 1121 1 1122 14 1123 1 1124 14 1125 15 1126 1 1127 14 1128 15 1129 1 1130 14 1131 15 1132 1 1133 14 1134 15 1135 1 1136 14 1137 15 1138 1 1139 13 1140 14 1141 16 1142 1 1143 14 1144 16 1145 1 1146 14 1147 16 1148 1 1149 14 1150 1 1151 14 1152 16 1153 1 1154 14 1155 1 1156 14 1157 1 1158 14 1159 15 1160 1 1161 14 1162 15 1163 1 1164 14 1165 15 1166 1 1167 14 1168 15 1169 1 1170 14 1171 15 1172 1 1173 14 1174 16 1175 1 1176 14 1177 16 1178 1 1179 14 1180 16 1181 1 1182 14 1183 16 1184 1 1185 14 1186 1 1187 14 1188 16 1189 1 1190 14 1191 15 1192 1 1193 14 1194 15 1195 1 1196 14 1197 16 1198 1 1199 14 1200 16 1201 1 1202 14 1203 16 1204 1 1205 14 1206 16 1207 1 1208 14 1209 16 1210 1 1211 14 1212 16 1213 1 1214 14 1215 16 1216 1 1217 14 1218 1 1219 14 1220 16 1221 1 1222 14 1223 16 1224 1 1225 14 1226 16 1227 1 1228 14 1229 20 1230 1 1231 14 1232 16 1233 20 1234 1 1235 14 1236 1 1237 14 1238 20 1239 1 1240 14 1241 16 1242 1 1243 14 1244 16 1245 1 1246 14 1247 16 1248 18 1249 1 1250 14 1251 16 1252 18 1253 1 1254 2 1255 18 1256 20 1257 1 1258 2 1259 18 1260 20 1261 1 1262 2 1263 18 1264 20 1265 1 1266 2 1267 18 1268 20 1269 1 1270 2 1271 20 1272 1 1273 14 1274 20 1275 1 1276 2 1277 18 1278 20 1279 1 1280 2 1281 18 1282 20 1283 1 1284 2 1285 20 1286 1 1287 2 1288 18 1289 20 1290 1 1291 2 1292 18 1293 1 1294 2 1295 20 1296 1 1297 2 1298 20 1299 1 1300 2 1301 18 1302 20 1303 1 1304 2 1305 18 1306 20 1307 1 1308 2 1309 18 1310 20 1311 1 1312 2 1313 18 1314 20 1315 1 1316 2 1317 20 1318 1 1319 2 1320 20 1321 1 1322 2 1323 18 1324 19 1325 1 1326 2 1327 20 1328 1 1329 2 1330 20 1331 1 1332 2 1333 18 1334 20 1335 1 1336 2 1337 18 1338 20 1339 1 1340 2 1341 18 1342 20 1343 1 1344 2 1345 18 1346 20 1347 1 1348 2 1349 18 1350 19 1351 1 1352 2 1353 20 1354 1 1355 2 1356 20 1357 1 1358 2 1359 17 1360 20 1361 1 1362 2 1363 18 1364 19 1365 1 1366 2 1367 17 1368 20 1369 1 1370 2 1371 17 1372 20 1373 1 1374 2 1375 18 1376 20 1377 1 1378 2 1379 18 1380 20 1381 1 1382 2 1383 18 1384 20 1385 1 1386 2 1387 18 1388 20 1389 1 1390 2 1391 18 1392 19 1393 1 1394 2 1395 18 1396 19 1397 1 1398 2 1399 20 1400 1 1401 2 1402 20 1403 1 1404 2 1405 18 1406 19 1407 1 1408 2 1409 18 1410 19 1411 1 1412 2 1413 18 1414 20 1415 1 1416 2 1417 18 1418 20 1419 1 1420 2 1421 18 1422 20 1423 1 1424 2 1425 18 1426 19 1427 1 1428 2 1429 18 1430 20 1431 1 1432 2 1433 18 1434 19 1435 1 1436 2 1437 18 1438 19 1439 1 1440 2 1441 20 1442 1 1443 2 1444 18 1445 20 1446 1 1447 2 1448 18 1449 20 1450 1 1451 2 1452 18 1453 1 1454 2 1455 18 1456 19 1457 1 1458 2 1459 18 1460 19 1461 1 1462 2 1463 18 1464 19 1465 1 1466 2 1467 18 1468 19 1469 1 1470 2 1471 18 1472 19 1473 1 1474 2 1475 18 1476 19 1477 1 1478 2 1479 18 1480 19 1481 1 1482 2 1483 18 1484 19 1485 1 1486 2 1487 19 1488 1 1489 2 1490 18 1491 19 1492 1 1493 18 1494 19 1495 1 1496 18 1497 19 1498 0 1499 1 1500 13 1501 0 1502 1 1503 13 1504 0 1505 1 1506 13 1507 0 1508 1 1509 13 1510 0 1511 1 1512 13 1513 14 1514 0 1515 1 1516 13 1517 16 1518 1 1519 13 1520 14 1521 16 1522 1 1523 13 1524 14 1525 16 1526 0 1527 1 1528 13 1529 16 1530 1 1531 13 1532 14 1533 16 1534 0 1535 1 1536 13 1537 0 1538 1 1539 13 1540 0 1541 1 1542 13 1543 1 1544 13 1545 14 1546 16 1547 1 1548 13 1549 14 1550 16 1551 1 1552 13 1553 14 1554 16 1555 0 1556 1 1557 13 1558 16 1559 1 1560 13 1561 16 1562 1 1563 13 1564 16 1565 1 1566 13 1567 16 1568 0 1569 1 1570 13 1571 0 1572 1 1573 13 1574 0 1575 1 1576 13 1577 0 1578 1 1579 13 1580 1 1581 13 1582 14 1583 16 1584 1 1585 13 1586 14 1587 16 1588 1 1589 13 1590 14 1591 16 1592 0 1593 1 1594 13 1595 16 1596 0 1597 1 1598 13 1599 0 1600 1 1601 13 1602 0 1603 1 1604 13 1605 0 1606 1 1607 13 1608 0 1609 1 1610 13 1611 1 1612 13 1613 14 1614 16 1615 1 1616 14 1617 16 1618 1 1619 13 1620 14 1621 16 1622 0 1623 1 1624 13 1625 0 1626 1 1627 13 1628 0 1629 1 1630 13 1631 0 1632 1 1633 13 1634 0 1635 1 1636 13 1637 0 1638 1 1639 13 1640 0 1641 1 1642 13 1643 0 1644 1 1645 13 1646 0 1647 1 1648 13 1649 0 1650 1 1651 13 1652 16 1653 0 1654 1 1655 13 1656 0 1657 1 1658 13 1659 0 1660 1 1661 13 1662 0 1663 1 1664 2 1665 13 1666 0 1667 1 1668 13 1669 0 1670 1 1671 13 1672 0 1673 1 1674 2 1675 13 1676 0 1677 1 1678 2 1679 13 1680 1 1681 13 1682 16 1683 1 1684 13 1685 16 1686 1 1687 13 1688 16 1689 1 1690 13 1691 16 1692 1 1693 13 1694 16 1695 1 1696 13 1697 16 1698 1 1699 13 1700 16 1701 1 1702 13 1703 16 1704 1 1705 13 1706 16 1707 1 1708 13 1709 16 1710 1 1711 13 1712 16 1713 1 1714 13 1715 16 1716 1 1717 13 1718 16 1719 1 1720 2 1721 3 1722 1 1723 2 1724 3 1725 1 1726 2 1727 3 1728 1 1729 2 1730 3 1731 1 1732 2 1733 3 1734 1 1735 2 1736 3 1737 1 1738 2 1739 3 1740 1 1741 2 1742 3 1743 1 1744 2 1745 3 1746 1 1747 2 1748 3 1749 1 1750 2 1751 3 1752 1 1753 2 1754 3 1755 1 1756 2 1757 18 1758 20 1759 1 1760 14 1761 16 1762 20 1763 1 1764 14 1765 16 1766 18 1767 1 1768 2 1769 18 1770 20 1771 1 1772 14 1773 20 1774 1 1775 2 1776 18 1777 20 1778 1 1779 14 1780 16 1781 18 1782 1 1783 2 1784 18 1785 20 1786 1 1787 14 1788 20 1789 1 1790 2 1791 18 1792 19 1793 1 1794 16 1795 18 1796 1 1797 2 1798 20 1799 1 1800 14 1801 20 1802 1 1803 2 1804 18 1805 19 1806 1 1807 16 1808 18 1809 19 1810 1 1811 2 1812 20 1813 1 1814 14 1815 20 1816 1 1817 2 1818 17 1819 20 1820 1 1821 14 1822 17 1823 20 1824 1 1825 2 1826 17 1827 20 1828 1 1829 14 1830 15 1831 17 1832 1 1833 2 1834 17 1835 20 1836 1 1837 14 1838 15 1839 17 1840 1 1841 2 1842 17 1843 1 1844 15 1845 17 1846 1 1847 15 1848 17 1849 1 1850 2 1851 17 1852 21 1853 0 1854 0 1855 1 1856 0 1857 0 1858 1 1859 0 1860 1 1861 0 1862 1 1863 0 1864 0 1865 1 1866 0 1867 1 1868 0 1869 1 1870 0 1871 1 1872 0 1873 1 1874 0 1875 0 1876 1 1877 0 1878 1 1879 0 1880 1 1881 0 1882 1 1883 0 1884 1 1885 0 1886 1 1887 0 1888 1 1889 0 1890 0 1891 1 1892 0 1893 1 1894 0 1895 1 1896 0 1897 1 1898 0 1899 1 1900 0 1901 1 1902 0 1903 1 1904 0 1905 1 1906 0 1907 0 1908 1 1909 0 1910 1 1911 0 1912 1 1913 0 1914 1 1915 0 1916 1 1917 0 1918 1 1919 0 1920 1 1921 0 1922 1 1923 0 1924 1 1925 2 1926 0 1927 0 1928 1 1929 0 1930 1 1931 0 1932 1 1933 0 1934 1 1935 0 1936 1 1937 2 1938 1 1939 2 1940 18 1941 19 1942 1 1943 2 1944 18 1945 20 1946 1 1947 2 1948 18 1949 19 1950 1 1951 2 1952 18 1953 20 1954 1 1955 2 1956 18 1957 20 1958 1 1959 2 1960 18 1961 19 1962 1 1963 2 1964 18 1965 1 1966 2 1967 18 1968 1 1969 2 1970 18 1971 1 1972 2 1973 18 1974 19 1975 1 1976 2 1977 3 1978 1 1979 2 1980 3 1981 1 1982 2 1983 20 1984 1 1985 2 1986 3 1987 1 1988 2 1989 3 1990 1 1991 2 1992 3 1993 1 1994 2 1995 3 1996 1 1997 2 1998 3 1999 1 2000 2 2001 3 2002 1 2003 2 2004 3 2005 1 2006 2 2007 3 2008 1 2009 2 2010 3 2011 1 2012 2 2013 3 2014 1 2015 2 2016 3 2017 1 2018 2 2019 3 2020 1 2021 2 2022 3 2023 1 2024 2 2025 3 2026 1 2027 2 2028 3 2029 1 2030 2 2031 3 2032 1 2033 2 2034 3 2035 1 2036 2 2037 3 2038 1 2039 2 2040 3 2041 1 2042 2 2043 3 2044 1 2045 2 2046 3 2047 1 2048 2 2049 3 2050 1 2051 2 2052 3 2053 1 2054 2 2055 3 2056 10 2057 1 2058 2 2059 3 2060 1 2061 2 2062 3 2063 1 2064 2 2065 3 2066 1 2067 2 2068 3 2069 1 2070 2 2071 3 2072 10 2073 1 2074 2 2075 3 2076 1 2077 2 2078 3 2079 1 2080 2 2081 3 2082 1 2083 2 2084 3 2085 1 2086 2 2087 3 2088 1 2089 2 2090 3 2091 1 2092 2 2093 3 2094 1 2095 2 2096 3 2097 2 2098 3 2099 10 2100 1 2101 2 2102 3 2103 1 2104 2 2105 3 2106 1 2107 2 2108 3 2109 1 2110 2 2111 3 2112 1 2113 2 2114 3 2115 1 2116 2 2117 3 2118 1 2119 2 2120 3 2121 1 2122 2 2123 3 2124 1 2125 2 2126 3 2127 4 2128 1 2129 2 2130 3 2131 4 2132 1 2133 2 2134 3 2135 1 2136 2 2137 3 2138 1 2139 2 2140 3 2141 1 2142 2 2143 3 2144 4 2145 1 2146 2 2147 3 2148 4 2149 1 2150 2 2151 3 2152 4 2153 1 2154 2 2155 3 2156 4 2157 1 2158 2 2159 3 2160 4 2161 1 2162 2 2163 3 2164 1 2165 2 2166 3 2167 1 2168 2 2169 3 2170 4 2171 1 2172 2 2173 3 2174 4 2175 1 2176 2 2177 3 2178 4 2179 1 2180 2 2181 3 2182 4 2183 2 2184 3 2185 4 2186 2 2187 3 2188 4 2189 2 2190 3 2191 4 2192 2 2193 3 2194 4 2195 2 2196 3 2197 4 2198 2 2199 3 2200 4 2201 2 2202 3 2203 4 2204 2 2205 3 2206 4 2207 2 2208 3 2209 4 2210 1 2211 2 2212 3 2213 4 2214 2 2215 3 2216 4 2217 2 2218 3 2219 4 2220 2 2221 3 2222 4 2223 2 2224 3 2225 4 2226 2 2227 3 2228 4 2229 2 2230 3 2231 4 2232 2 2233 3 2234 4 2235 2 2236 3 2237 4 2238 1 2239 2 2240 3 2241 4 2242 2 2243 3 2244 4 2245 2 2246 3 2247 4 2248 2 2249 3 2250 4 2251 2 2252 3 2253 4 2254 2 2255 3 2256 4 2257 2 2258 3 2259 4 2260 2 2261 3 2262 4 2263 2 2264 3 2265 4 2266 2 2267 3 2268 4 2269 2 2270 3 2271 4 2272 2 2273 3 2274 4 2275 2 2276 3 2277 4 2278 2 2279 3 2280 4 2281 2 2282 3 2283 4 2284 2 2285 3 2286 4 2287 2 2288 3 2289 4 2290 2 2291 3 2292 4 2293 2 2294 3 2295 4 2296 2 2297 3 2298 4 2299 2 2300 3 2301 4 2302 2 2303 3 2304 4 2305 2 2306 3 2307 4 2308 4 2309 4 2310 4 2311 4 2312 4 2313 4 2314 4 2315 4 2316 4 2317 4 2318 2 2319 3 2320 4 2321 2 2322 3 2323 4 2324 4 2325 4 2326 4 2327 4 2328 2 2329 3 2330 4 2331 2 2332 3 2333 4 2334 2 2335 3 2336 4 2337 2 2338 3 2339 4 2340 4 2341 4 2342 4 2343 4 2344 2 2345 3 2346 4 2347 2 2348 3 2349 4 2350 0 2351 1 2352 2 2353 0 2354 1 2355 2 2356 0 2357 1 2358 2 2359 0 2360 1 2361 0 2362 1 2363 2 2364 0 2365 0 2366 1 2367 0 2368 1 2369 0 2370 1 2371 2 2372 0 2373 1 2374 2 2375 0 2376 1 2377 2 2378 0 2379 1 2380 2 2381 0 2382 1 2383 2 2384 0 2385 1 2386 2 2387 0 2388 1 2389 2 2390 0 2391 1 2392 2 2393 0 2394 1 2395 0 2396 1 2397 2 2398 0 2399 1 2400 2 2401 0 2402 1 2403 2 2404 0 2405 1 2406 2 2407 0 2408 1 2409 2 2410 0 2411 1 2412 2 2413 0 2414 1 2415 2 2416 0 2417 1 2418 2 2419 0 2420 1 2421 2 2422 0 2423 1 2424 2 2425 0 2426 1 2427 2 2428 0 2429 1 2430 2 2431 0 2432 1 2433 2 2434 0 2435 1 2436 2 2437 0 2438 1 2439 2 2440 0 2441 1 2442 2 2443 0 2444 1 2445 2 2446 0 2447 1 2448 2 2449 0 2450 1 2451 2 2452 0 2453 1 2454 2 2455 0 2456 1 2457 2 2458 0 2459 1 2460 2 2461 0 2462 1 2463 2 2464 0 2465 1 2466 2 2467 0 2468 1 2469 2 2470 3 2471 0 2472 1 2473 2 2474 3 2475 0 2476 1 2477 2 2478 0 2479 1 2480 2 2481 0 2482 1 2483 2 2484 0 2485 1 2486 2 2487 1 2488 2 2489 3 2490 0 2491 1 2492 2 2493 0 2494 1 2495 2 2496 0 2497 1 2498 2 2499 0 2500 1 2501 2 2502 0 2503 1 2504 2 2505 3 2506 0 2507 1 2508 2 2509 0 2510 1 2511 2 2512 3 2513 1 2514 2 2515 3 2516 1 2517 2 2518 3 2519 0 2520 1 2521 2 2522 3 2523 1 2524 2 2525 3 2526 1 2527 2 2528 3 2529 1 2530 2 2531 3 2532 1 2533 2 2534 3 2535 0 2536 1 2537 2 2538 3 2539 1 2540 2 2541 3 2542 1 2543 2 2544 3 2545 1 2546 2 2547 3 2548 1 2549 2 2550 3 2551 1 2552 2 2553 3 2554 1 2555 2 2556 3 2557 0 2558 1 2559 2 2560 3 2561 1 2562 2 2563 3 2564 1 2565 2 2566 3 2567 1 2568 2 2569 3 2570 1 2571 2 2572 3 2573 1 2574 2 2575 3 2576 1 2577 2 2578 3 2579 1 2580 2 2581 3 2582 1 2583 2 2584 3 2585 1 2586 2 2587 3 2588 1 2589 2 2590 3 2591 1 2592 2 2593 3 2594 1 2595 2 2596 3 2597 1 2598 2 2599 3 2600 1 2601 2 2602 3 2603 1 2604 2 2605 3 2606 1 2607 2 2608 3 2609 4 2610 1 2611 2 2612 3 2613 4 2614 1 2615 2 2616 3 2617 4 2618 1 2619 2 2620 3 2621 4 2622 1 2623 2 2624 3 2625 4 2626 1 2627 2 2628 3 2629 4 2630 1 2631 2 2632 3 2633 4 2634 1 2635 2 2636 3 2637 1 2638 2 2639 3 2640 4 2641 1 2642 2 2643 3 2644 4 2645 1 2646 2 2647 3 2648 4 2649 1 2650 2 2651 3 2652 4 2653 1 2654 2 2655 3 2656 4 2657 1 2658 2 2659 3 2660 4 2661 2 2662 3 2663 4 2664 1 2665 2 2666 3 2667 4 2668 2 2669 3 2670 4 2671 1 2672 2 2673 3 2674 4 2675 2 2676 3 2677 4 2678 2 2679 3 2680 4 2681 2 2682 3 2683 4 2684 2 2685 3 2686 4 2687 2 2688 3 2689 4 2690 2 2691 3 2692 4 2693 2 2694 3 2695 4 2696 2 2697 3 2698 4 2699 2 2700 3 2701 4 2702 2 2703 3 2704 4 2705 2 2706 3 2707 4 2708 2 2709 3 2710 4 2711 2 2712 3 2713 4 2714 2 2715 3 2716 4 2717 2 2718 3 2719 4 2720 2 2721 3 2722 4 2723 2 2724 3 2725 4 2726 2 2727 3 2728 4 2729 2 2730 3 2731 4 2732 2 2733 3 2734 4 2735 2 2736 3 2737 4 2738 2 2739 3 2740 4 2741 4 2742 4 2743 2 2744 3 2745 4 2746 2 2747 3 2748 4 2749 4 2750 4 2751 4 2752 4 2753 2 2754 3 2755 4 2756 4 2757 2 2758 3 2759 4 2760 2 2761 3 2762 4 2763 2 2764 3 2765 4 2766 1 2767 2 2768 3 2769 4 2770 4 2771 4 2772 4 2773 4 2774 4 2775 2 2776 3 2777 4 2778 2 2779 3 2780 4 2781 2 2782 3 2783 4 2784 2 2785 3 2786 4 2787 2 2788 3 2789 4 2790 2 2791 3 2792 4 2793 2 2794 3 2795 4 2796 2 2797 3 2798 4 2799 1 2800 2 2801 3 2802 4 2803 2 2804 3 2805 4 2806 10 2807 2 2808 3 2809 2 2810 3 2811 10 2812 2 2813 3 2814 10 2815 2 2816 3 2817 10 2818 2 2819 3 2820 4 2821 10 2822 2 2823 3 2824 10 2825 2 2826 3 2827 10 2828 2 2829 3 2830 10 2831 2 2832 3 2833 10 2834 2 2835 3 2836 10 2837 2 2838 3 2839 10 2840 1 2841 2 2842 3 2843 10 2844 1 2845 2 2846 3 2847 10 2848 2 2849 3 2850 10 2851 2 2852 3 2853 10 2854 2 2855 3 2856 10 2857 1 2858 2 2859 3 2860 10 2861 1 2862 2 2863 3 2864 2 2865 3 2866 9 2867 10 2868 2 2869 3 2870 9 2871 10 2872 1 2873 2 2874 3 2875 10 2876 2 2877 3 2878 9 2879 10 2880 1 2881 2 2882 3 2883 10 2884 2 2885 3 2886 9 2887 10 2888 2 2889 3 2890 9 2891 10 2892 2 2893 3 2894 4 2895 10 2896 2 2897 3 2898 4 2899 9 2900 1 2901 2 2902 3 2903 9 2904 2 2905 3 2906 9 2907 10 2908 1 2909 2 2910 3 2911 10 2912 1 2913 2 2914 3 2915 2 2916 3 2917 9 2918 10 2919 2 2920 3 2921 9 2922 10 2923 2 2924 3 2925 9 2926 2 2927 3 2928 4 2929 2 2930 3 2931 4 2932 1 2933 2 2934 3 2935 1 2936 2 2937 3 2938 9 2939 2 2940 3 2941 9 2942 10 2943 1 2944 2 2945 3 2946 1 2947 2 2948 3 2949 1 2950 2 2951 3 2952 2 2953 3 2954 9 2955 2 2956 3 2957 9 2958 2 2959 3 2960 9 2961 2 2962 3 2963 9 2964 2 2965 3 2966 4 2967 2 2968 3 2969 9 2970 1 2971 2 2972 3 2973 1 2974 2 2975 3 2976 2 2977 3 2978 9 2979 2 2980 3 2981 2 2982 3 2983 8 2984 9 2985 2 2986 3 2987 8 2988 9 2989 2 2990 3 2991 4 2992 2 2993 3 2994 8 2995 2 2996 3 2997 8 2998 9 2999 1 3000 2 3001 3 3002 1 3003 2 3004 3 3005 2 3006 3 3007 8 3008 9 3009 1 3010 2 3011 3 3012 2 3013 3 3014 4 3015 2 3016 3 3017 8 3018 2 3019 3 3020 8 3021 1 3022 2 3023 3 3024 1 3025 2 3026 3 3027 2 3028 3 3029 8 3030 9 3031 2 3032 3 3033 8 3034 9 3035 1 3036 2 3037 3 3038 1 3039 2 3040 3 3041 2 3042 3 3043 8 3044 2 3045 3 3046 4 3047 2 3048 3 3049 8 3050 1 3051 2 3052 3 3053 1 3054 2 3055 3 3056 1 3057 2 3058 3 3059 2 3060 3 3061 8 3062 2 3063 3 3064 8 3065 9 3066 2 3067 3 3068 8 3069 2 3070 3 3071 8 3072 2 3073 3 3074 8 3075 2 3076 3 3077 8 3078 1 3079 2 3080 3 3081 1 3082 2 3083 3 3084 1 3085 2 3086 3 3087 2 3088 3 3089 7 3090 8 3091 2 3092 3 3093 8 3094 2 3095 3 3096 8 3097 2 3098 3 3099 7 3100 8 3101 2 3102 3 3103 8 3104 9 3105 2 3106 3 3107 8 3108 2 3109 3 3110 8 3111 2 3112 3 3113 7 3114 8 3115 1 3116 2 3117 3 3118 2 3119 3 3120 7 3121 8 3122 2 3123 3 3124 7 3125 8 3126 2 3127 3 3128 7 3129 8 3130 1 3131 2 3132 3 3133 8 3134 1 3135 2 3136 3 3137 8 3138 1 3139 2 3140 3 3141 8 3142 1 3143 2 3144 3 3145 8 3146 1 3147 2 3148 3 3149 8 3150 2 3151 3 3152 7 3153 8 3154 2 3155 3 3156 7 3157 8 3158 1 3159 2 3160 3 3161 1 3162 2 3163 3 3164 1 3165 2 3166 3 3167 1 3168 2 3169 3 3170 1 3171 2 3172 3 3173 1 3174 2 3175 3 3176 1 3177 2 3178 3 3179 1 3180 2 3181 3 3182 7 3183 1 3184 2 3185 3 3186 2 3187 3 3188 7 3189 1 3190 2 3191 3 3192 7 3193 1 3194 2 3195 3 3196 1 3197 2 3198 3 3199 1 3200 2 3201 3 3202 1 3203 2 3204 3 3205 1 3206 2 3207 3 3208 1 3209 2 3210 3 3211 1 3212 2 3213 3 3214 1 3215 2 3216 3 3217 1 3218 2 3219 3 3220 7 3221 1 3222 2 3223 3 3224 1 3225 2 3226 3 3227 1 3228 2 3229 3 3230 1 3231 2 3232 3 3233 1 3234 2 3235 3 3236 1 3237 2 3238 3 3239 1 3240 2 3241 3 3242 1 3243 2 3244 3 3245 1 3246 2 3247 3 3248 1 3249 2 3250 3 3251 1 3252 2 3253 3 3254 1 3255 2 3256 3 3257 1 3258 2 3259 3 3260 2 3261 3 3262 4 3263 4 3264 1 3265 2 3266 3 3267 4 3268 1 3269 2 3270 3 3271 4 3272 4 3273 2 3274 3 3275 4 3276 4 3277 4 3278 4 3279 1 3280 2 3281 3 3282 4 3283 1 3284 2 3285 3 3286 4 3287 4 3288 1 3289 2 3290 3 3291 1 3292 2 3293 3 3294 4 3295 4 3296 4 3297 4 3298 1 3299 2 3300 3 3301 1 3302 2 3303 3 3304 1 3305 2 3306 3 3307 1 3308 2 3309 3 3310 1 3311 2 3312 3 3313 1 3314 2 3315 3 3316 4 3317 1 3318 2 3319 3 3320 1 3321 2 3322 3 3323 1 3324 2 3325 3 3326 1 3327 2 3328 3 3329 1 3330 2 3331 3 3332 1 3333 2 3334 3 3335 1 3336 2 3337 3 3338 4 3339 1 3340 2 3341 3 3342 1 3343 2 3344 3 3345 1 3346 2 3347 3 3348 1 3349 2 3350 3 3351 4 3352 4 3353 4 3354 0 3355 0 3356 0 3357 0 3358 0 3359 0 3360 0 3361 0 3362 0 3363 0 3364 0 3365 0 3366 0 3367 0 3368 0 3369 0 3370 0 3371 0 3372 0 3373 0 3374 0 3375 0 3376 0 3377 0 3378 0 3379 0 3380 0 3381 0 3382 0 3383 0 3384 0 3385 0 3386 0 3387 0 3388 0 3389 0 3390 0 3391 0 3392 0 3393 0 3394 0 3395 0 3396 0 3397 0 3398 0 3399 0 3400 0 3401 0 3402 0 3403 0 3404 0 3405 0 3406 0 3407 0 3408 13 3409 0 3410 13 3411 0 3412 13 3413 0 3414 0 3415 0 3416 0 3417 0 3418 0 3419 13 3420 0 3421 13 3422 0 3423 13 3424 0 3425 13 3426 0 3427 0 3428 0 3429 0 3430 0 3431 0 3432 0 3433 0 3434 0 3435 0 3436 0 3437 0 3438 0 3439 0 3440 0 3441 0 3442 0 3443 0 3444 0 3445 5 3446 5 3447 5 3448 5 3449 5 3450 5 3451 5 3452 5 3453 5 3454 5 3455 5 3456 5 3457 5 3458 5 3459 5 3460 5 3461 5 3462 4 3463 5 3464 4 3465 5 3466 5 3467 4 3468 5 3469 5 3470 5 3471 5 3472 4 3473 5 3474 4 3475 5 3476 5 3477 4 3478 5 3479 4 3480 5 3481 5 3482 5 3483 5 3484 4 3485 5 3486 4 3487 5 3488 4 3489 5 3490 4 3491 5 3492 4 3493 5 3494 5 3495 5 3496 5 3497 4 3498 5 3499 1 3500 2 3501 3 3502 1 3503 2 3504 3 3505 1 3506 2 3507 3 3508 1 3509 2 3510 3 3511 1 3512 2 3513 3 3514 1 3515 2 3516 3 3517 1 3518 2 3519 3 3520 1 3521 2 3522 3 3523 1 3524 2 3525 3 3526 1 3527 2 3528 3 3529 1 3530 2 3531 3 3532 1 3533 2 3534 3 3535 1 3536 2 3537 3 3538 1 3539 2 3540 3 3541 1 3542 2 3543 3 3544 1 3545 2 3546 3 3547 1 3548 2 3549 3 3550 1 3551 2 3552 3 3553 1 3554 2 3555 3 3556 1 3557 2 3558 3 3559 1 3560 2 3561 3 3562 1 3563 2 3564 3 3565 1 3566 2 3567 3 3568 1 3569 2 3570 3 3571 1 3572 2 3573 3 3574 1 3575 2 3576 3 3577 1 3578 2 3579 3 3580 1 3581 2 3582 3 3583 1 3584 2 3585 3 3586 1 3587 2 3588 3 3589 1 3590 2 3591 3 3592 1 3593 2 3594 3 3595 1 3596 2 3597 3 3598 1 3599 2 3600 3 3601 1 3602 2 3603 3 3604 1 3605 2 3606 3 3607 1 3608 2 3609 3 3610 1 3611 2 3612 3 3613 1 3614 2 3615 3 3616 1 3617 2 3618 3 3619 1 3620 2 3621 3 3622 1 3623 2 3624 3 3625 1 3626 2 3627 3 3628 1 3629 2 3630 3 3631 1 3632 2 3633 3 3634 1 3635 2 3636 3 3637 1 3638 2 3639 3 3640 1 3641 2 3642 3 3643 1 3644 2 3645 3 3646 1 3647 2 3648 3 3649 1 3650 2 3651 3 3652 1 3653 2 3654 3 3655 1 3656 2 3657 3 3658 1 3659 2 3660 3 3661 1 3662 2 3663 3 3664 1 3665 2 3666 3 3667 1 3668 2 3669 3 3670 1 3671 2 3672 3 3673 1 3674 2 3675 3 3676 1 3677 2 3678 17 3679 20 3680 1 3681 2 3682 20 3683 1 3684 2 3685 3 3686 1 3687 2 3688 20 3689 1 3690 2 3691 17 3692 20 3693 1 3694 2 3695 17 3696 20 3697 1 3698 2 3699 3 3700 1 3701 2 3702 20 3703 1 3704 2 3705 20 3706 1 3707 2 3708 17 3709 20 3710 1 3711 2 3712 3 3713 1 3714 2 3715 3 3716 1 3717 2 3718 20 3719 1 3720 2 3721 20 3722 1 3723 2 3724 20 3725 1 3726 2 3727 3 3728 1 3729 2 3730 20 3731 1 3732 2 3733 20 3734 1 3735 2 3736 17 3737 20 3738 1 3739 2 3740 3 3741 8 3742 1 3743 2 3744 3 3745 1 3746 2 3747 3 3748 9 3749 1 3750 2 3751 3 3752 1 3753 2 3754 3 3755 1 3756 2 3757 3 3758 1 3759 2 3760 3 3761 1 3762 2 3763 3 3764 1 3765 2 3766 3 3767 1 3768 2 3769 3 3770 1 3771 2 3772 3 3773 1 3774 2 3775 3 3776 1 3777 2 3778 3 3779 1 3780 2 3781 3 3782 1 3783 2 3784 3 3785 1 3786 2 3787 3 3788 1 3789 2 3790 3 3791 1 3792 2 3793 3 3794 1 3795 2 3796 3 3797 1 3798 2 3799 3 3800 1 3801 2 3802 17 3803 20 3804 1 3805 2 3806 3 3807 1 3808 2 3809 3 3810 1 3811 2 3812 3 3813 1 3814 2 3815 3 3816 9 3817 1 3818 2 3819 3 3820 1 3821 2 3822 3 3823 1 3824 2 3825 3 3826 1 3827 2 3828 3 3829 1 3830 2 3831 3 3832 9 3833 2 3834 3 3835 8 3836 9 3837 1 3838 2 3839 3 3840 1 3841 2 3842 3 3843 1 3844 2 3845 3 3846 1 3847 2 3848 3 3849 1 3850 2 3851 3 3852 9 3853 2 3854 3 3855 9 3856 1 3857 2 3858 3 3859 1 3860 2 3861 3 3862 1 3863 2 3864 3 3865 1 3866 2 3867 3 3868 1 3869 2 3870 3 3871 1 3872 2 3873 3 3874 1 3875 2 3876 3 3877 1 3878 2 3879 3 3880 1 3881 2 3882 3 3883 1 3884 2 3885 3 3886 1 3887 2 3888 3 3889 1 3890 2 3891 3 3892 1 3893 2 3894 3 3895 4 3896 5 3897 4 3898 5 3899 4 3900 5 3901 4 3902 5 3903 4 3904 5 3905 5 3906 5 3907 4 3908 5 3909 4 3910 5 3911 4 3912 5 3913 4 3914 5 3915 5 3916 4 3917 4 3918 4 3919 5 3920 4 3921 5 3922 4 3923 5 3924 4 3925 5 3926 4 3927 5 3928 5 3929 4 3930 5 3931 4 3932 5 3933 4 3934 5 3935 4 3936 5 3937 4 3938 5 3939 4 3940 5 3941 4 3942 5 3943 4 3944 5 3945 4 3946 5 3947 4 3948 5 3949 4 3950 5 3951 4 3952 5 3953 4 3954 5 3955 4 3956 5 3957 4 3958 5 3959 4 3960 5 3961 4 3962 5 3963 4 3964 5 3965 4 3966 5 3967 4 3968 5 3969 4 3970 5 3971 4 3972 5 3973 4 3974 4 3975 4 3976 4 3977 5 3978 4 3979 5 3980 4 3981 5 3982 4 3983 5 3984 4 3985 4 3986 4 3987 4 3988 4 3989 5 3990 4 3991 5 3992 4 3993 5 3994 4 3995 5 3996 4 3997 4 3998 4 3999 5 4000 4 4001 5 4002 4 4003 5 4004 4 4005 5 4006 4 4007 5 4008 4 4009 4 4010 4 4011 5 4012 5 4013 5 4014 5 4015 5 4016 4 4017 5 4018 5 4019 5 4020 5 4021 5 4022 5 4023 5 4024 5 4025 5 4026 5 4027 5 4028 5 4029 5 4030 5 4031 5 4032 5 4033 5 4034 5 4035 5 4036 5 4037 5 4038 5 4039 5 4040 5 4041 5 4042 5 4043 5 4044 5 4045 5 4046 5 4047 5 4048 5 4049 5 4050 5 4051 5 4052 5 4053 4 4054 4 4055 4 4056 4 4057 4 4058 4 4059 4 4060 4 4061 4 4062 4 4063 4 4064 4 4065 4 4066 4 4067 4 4068 4 4069 4 4070 4 4071 4 4072 4 4073 4 4074 4 4075 4 4076 4 4077 5 4078 5 4079 5 4080 5 4081 5 4082 5 4083 5 4084 4 4085 4 4086 4 4087 4 4088 4 4089 4 4090 4 4091 4 4092 4 4093 4 4094 4 4095 4 4096 4 4097 4 4098 4 4099 2 4100 3 4101 4 4102 2 4103 3 4104 4 4105 4 4106 4 4107 4 4108 4 4109 2 4110 3 4111 4 4112 2 4113 3 4114 4 4115 2 4116 3 4117 4 4118 4 4119 4 4120 4 4121 4 4122 2 4123 3 4124 4 4125 1 4126 2 4127 3 4128 1 4129 2 4130 3 4131 1 4132 2 4133 3 4134 1 4135 13 4136 15 4137 1 4138 13 4139 15 4140 1 4141 13 4142 15 4143 21 4144 1 4145 13 4146 15 4147 21 4148 1 4149 15 4150 1 4151 13 4152 15 4153 21 4154 1 4155 13 4156 15 4157 21 4158 1 4159 13 4160 15 4161 21 4162 1 4163 13 4164 15 4165 21 4166 1 4167 15 4168 1 4169 15 4170 1 4171 14 4172 15 4173 1 4174 14 4175 15 4176 1 4177 13 4178 15 4179 21 4180 1 4181 13 4182 15 4183 21 4184 1 4185 15 4186 21 4187 1 4188 13 4189 15 4190 21 4191 1 4192 2 4193 13 4194 21 4195 1 4196 14 4197 15 4198 17 4199 1 4200 15 4201 17 4202 1 4203 13 4204 15 4205 17 4206 1 4207 14 4208 15 4209 17 4210 1 4211 14 4212 15 4213 1 4214 2 4215 13 4216 21 4217 1 4218 13 4219 15 4220 21 4221 1 4222 2 4223 13 4224 21 4225 1 4226 13 4227 15 4228 21 4229 1 4230 2 4231 13 4232 21 4233 1 4234 15 4235 17 4236 1 4237 14 4238 15 4239 17 4240 1 4241 15 4242 17 4243 1 4244 15 4245 17 4246 21 4247 1 4248 14 4249 15 4250 17 4251 1 4252 14 4253 15 4254 17 4255 1 4256 2 4257 13 4258 21 4259 1 4260 13 4261 15 4262 21 4263 1 4264 2 4265 13 4266 21 4267 1 4268 15 4269 17 4270 21 4271 1 4272 2 4273 17 4274 21 4275 1 4276 2 4277 17 4278 21 4279 1 4280 2 4281 17 4282 21 4283 1 4284 2 4285 17 4286 1 4287 2 4288 17 4289 20 4290 1 4291 2 4292 21 4293 1 4294 2 4295 13 4296 21 4297 1 4298 15 4299 21 4300 1 4301 2 4302 13 4303 17 4304 21 4305 1 4306 2 4307 17 4308 21 4309 1 4310 2 4311 17 4312 21 4313 1 4314 2 4315 17 4316 21 4317 1 4318 2 4319 17 4320 21 4321 1 4322 2 4323 17 4324 1 4325 2 4326 13 4327 21 4328 1 4329 2 4330 13 4331 17 4332 21 4333 1 4334 2 4335 13 4336 21 4337 1 4338 2 4339 17 4340 21 4341 1 4342 2 4343 17 4344 21 4345 1 4346 2 4347 17 4348 21 4349 1 4350 2 4351 17 4352 21 4353 1 4354 2 4355 17 4356 21 4357 1 4358 2 4359 17 4360 21 4361 1 4362 2 4363 17 4364 21 4365 1 4366 2 4367 17 4368 21 4369 1 4370 2 4371 17 4372 21 4373 1 4374 2 4375 13 4376 21 4377 1 4378 2 4379 17 4380 21 4381 1 4382 2 4383 17 4384 21 4385 1 4386 2 4387 17 4388 21 4389 1 4390 2 4391 17 4392 21 4393 1 4394 2 4395 17 4396 21 4397 1 4398 2 4399 13 4400 21 4401 1 4402 2 4403 13 4404 21 4405 1 4406 2 4407 17 4408 21 4409 1 4410 2 4411 17 4412 21 4413 1 4414 2 4415 17 4416 21 4417 1 4418 2 4419 17 4420 21 4421 1 4422 2 4423 17 4424 21 4425 1 4426 2 4427 17 4428 21 4429 1 4430 2 4431 17 4432 21 4433 1 4434 2 4435 17 4436 21 4437 1 4438 2 4439 17 4440 21 4441 1 4442 2 4443 17 4444 21 4445 1 4446 2 4447 17 4448 21 4449 1 4450 2 4451 17 4452 21 4453 1 4454 2 4455 17 4456 21 4457 1 4458 2 4459 3 4460 21 4461 1 4462 2 4463 17 4464 1 4465 2 4466 17 4467 1 4468 2 4469 17 4470 1 4471 2 4472 17 4473 1 4474 2 4475 3 4476 1 4477 2 4478 3 4479 1 4480 2 4481 3 4482 1 4483 2 4484 17 4485 1 4486 2 4487 17 4488 1 4489 2 4490 3 4491 1 4492 2 4493 3 4494 1 4495 2 4496 17 4497 20 4498 1 4499 2 4500 17 4501 20 4502 1 4503 2 4504 17 4505 1 4506 2 4507 3 4508 1 4509 2 4510 3 4511 1 4512 2 4513 3 4514 1 4515 2 4516 3 4517 1 4518 2 4519 3 4520 1 4521 2 4522 3 4523 1 4524 2 4525 3 4526 1 4527 2 4528 3 4529 1 4530 2 4531 17 4532 20 4533 1 4534 2 4535 17 4536 20 4537 1 4538 2 4539 3 4540 1 4541 2 4542 3 4543 1 4544 2 4545 3 4546 1 4547 2 4548 3 4549 1 4550 2 4551 3 4552 1 4553 2 4554 3 4555 1 4556 2 4557 3 4558 1 4559 2 4560 3 4561 1 4562 2 4563 3 4564 1 4565 2 4566 3 4567 1 4568 2 4569 3 4570 1 4571 2 4572 3 4573 1 4574 2 4575 3 4576 1 4577 2 4578 3 4579 1 4580 2 4581 3 4582 1 4583 2 4584 3 4585 1 4586 2 4587 3 4588 1 4589 2 4590 3 4591 1 4592 2 4593 3 4594 1 4595 2 4596 3 4597 1 4598 2 4599 3 4600 1 4601 2 4602 3 4603 2 4604 3 4605 4 4606 2 4607 3 4608 4 4609 2 4610 3 4611 4 4612 4 4613 4 4614 4 4615 2 4616 3 4617 4 4618 2 4619 3 4620 4 4621 2 4622 3 4623 4 4624 4 4625 4 4626 1 4627 2 4628 3 4629 4 4630 1 4631 2 4632 3 4633 4 4634 2 4635 3 4636 4 4637 2 4638 3 4639 4 4640 2 4641 3 4642 4 4643 2 4644 3 4645 4 4646 1 4647 2 4648 3 4649 4 4650 2 4651 3 4652 4 4653 2 4654 3 4655 4 4656 1 4657 2 4658 3 4659 4 4660 1 4661 2 4662 3 4663 4 4664 1 4665 2 4666 3 4667 4 4668 1 4669 2 4670 3 4671 4 4672 2 4673 3 4674 4 4675 2 4676 3 4677 4 4678 1 4679 2 4680 3 4681 4 4682 1 4683 2 4684 3 4685 4 4686 1 4687 2 4688 3 4689 4 4690 1 4691 2 4692 3 4693 1 4694 2 4695 3 4696 1 4697 2 4698 3 4699 1 4700 2 4701 3 4702 4 4703 2 4704 3 4705 4 4706 1 4707 2 4708 3 4709 4 4710 1 4711 2 4712 3 4713 1 4714 2 4715 3 4716 4 4717 1 4718 2 4719 3 4720 4 4721 1 4722 2 4723 3 4724 4 4725 1 4726 2 4727 3 4728 1 4729 2 4730 3 4731 1 4732 2 4733 3 4734 1 4735 2 4736 3 4737 1 4738 2 4739 3 4740 1 4741 2 4742 3 4743 1 4744 2 4745 3 4746 4 4747 1 4748 2 4749 3 4750 4 4751 1 4752 2 4753 3 4754 1 4755 2 4756 3 4757 1 4758 2 4759 3 4760 1 4761 2 4762 3 4763 1 4764 2 4765 3 4766 1 4767 2 4768 3 4769 1 4770 2 4771 3 4772 1 4773 2 4774 3 4775 1 4776 2 4777 3 4778 1 4779 2 4780 3 4781 1 4782 2 4783 3 4784 1 4785 2 4786 3 4787 1 4788 2 4789 3 4790 1 4791 2 4792 3 4793 1 4794 2 4795 3 4796 1 4797 2 4798 3 4799 1 4800 2 4801 3 4802 1 4803 2 4804 3 4805 1 4806 2 4807 3 4808 1 4809 2 4810 3 4811 1 4812 2 4813 3 4814 1 4815 2 4816 3 4817 1 4818 2 4819 3 4820 1 4821 2 4822 3 4823 1 4824 2 4825 3 4826 1 4827 2 4828 3 4829 1 4830 2 4831 3 4832 1 4833 2 4834 3 4835 1 4836 2 4837 3 4838 1 4839 2 4840 3 4841 1 4842 2 4843 3 4844 1 4845 2 4846 3 4847 1 4848 2 4849 3 4850 1 4851 2 4852 3 4853 1 4854 2 4855 3 4856 1 4857 2 4858 3 4859 1 4860 2 4861 3 4862 0 4863 1 4864 2 4865 3 4866 0 4867 1 4868 2 4869 3 4870 0 4871 1 4872 2 4873 3 4874 0 4875 1 4876 2 4877 0 4878 1 4879 2 4880 0 4881 1 4882 2 4883 3 4884 0 4885 1 4886 2 4887 0 4888 1 4889 2 4890 0 4891 1 4892 2 4893 0 4894 1 4895 2 4896 3 4897 0 4898 1 4899 2 4900 0 4901 1 4902 2 4903 0 4904 1 4905 2 4906 0 4907 1 4908 2 4909 0 4910 1 4911 2 4912 0 4913 1 4914 2 4915 0 4916 1 4917 2 4918 0 4919 1 4920 2 4921 3 4922 0 4923 1 4924 2 4925 0 4926 1 4927 2 4928 0 4929 1 4930 2 4931 0 4932 1 4933 2 4934 0 4935 1 4936 2 4937 0 4938 1 4939 2 4940 0 4941 1 4942 2 4943 0 4944 1 4945 2 4946 3 4947 0 4948 1 4949 2 4950 0 4951 1 4952 2 4953 0 4954 1 4955 2 4956 0 4957 1 4958 2 4959 0 4960 1 4961 2 4962 0 4963 1 4964 2 4965 0 4966 1 4967 2 4968 0 4969 1 4970 2 4971 0 4972 1 4973 2 4974 0 4975 1 4976 2 4977 0 4978 1 4979 2 4980 0 4981 1 4982 2 4983 0 4984 1 4985 0 4986 1 4987 2 4988 0 4989 1 4990 0 4991 1 4992 0 4993 1 4994 2 4995 0 4996 1 4997 2 4998 0 4999 1 5000 2 5001 0 5002 1 5003 2 5004 0 5005 1 5006 2 5007 0 5008 1 5009 2 5010 0 5011 1 5012 2 5013 0 5014 1 5015 2 5016 0 5017 1 5018 2 5019 0 5020 1 5021 2 5022 0 5023 1 5024 2 5025 0 5026 1 5027 2 5028 0 5029 1 5030 2 5031 1 5032 2 5033 3 5034 1 5035 2 5036 3 5037 1 5038 2 5039 3 5040 1 5041 2 5042 3 5043 1 5044 2 5045 3 5046 1 5047 2 5048 3 5049 1 5050 2 5051 3 5052 1 5053 2 5054 3 5055 1 5056 2 5057 3 5058 1 5059 2 5060 3 5061 1 5062 2 5063 3 5064 1 5065 2 5066 3 5067 1 5068 2 5069 3 5070 2 5071 3 5072 1 5073 2 5074 3 5075 6 5076 2 5077 3 5078 6 5079 1 5080 2 5081 3 5082 1 5083 2 5084 3 5085 1 5086 2 5087 3 5088 1 5089 2 5090 3 5091 4 5092 1 5093 2 5094 3 5095 4 5096 1 5097 2 5098 3 5099 4 5100 1 5101 2 5102 3 5103 4 5104 2 5105 3 5106 4 5107 2 5108 3 5109 6 5110 2 5111 3 5112 6 5113 1 5114 2 5115 3 5116 6 5117 1 5118 2 5119 3 5120 4 5121 2 5122 3 5123 4 5124 1 5125 2 5126 3 5127 4 5128 1 5129 2 5130 3 5131 4 5132 1 5133 2 5134 3 5135 4 5136 1 5137 2 5138 3 5139 4 5140 1 5141 2 5142 3 5143 4 5144 2 5145 3 5146 4 5147 6 5148 2 5149 3 5150 6 5151 2 5152 3 5153 6 5154 2 5155 3 5156 6 5157 2 5158 3 5159 4 5160 2 5161 3 5162 4 5163 2 5164 3 5165 4 5166 2 5167 3 5168 4 5169 2 5170 3 5171 6 5172 2 5173 3 5174 4 5175 6 5176 2 5177 3 5178 6 5179 2 5180 3 5181 6 5182 2 5183 3 5184 4 5185 2 5186 3 5187 4 5188 2 5189 3 5190 4 5191 2 5192 3 5193 6 5194 2 5195 3 5196 4 5197 2 5198 3 5199 4 5200 6 5201 2 5202 3 5203 4 5204 2 5205 3 5206 4 5207 2 5208 3 5209 4 5210 2 5211 3 5212 4 5213 2 5214 3 5215 4 5216 2 5217 3 5218 4 5219 2 5220 3 5221 4 5222 6 5223 2 5224 3 5225 4 5226 2 5227 3 5228 4 5229 2 5230 3 5231 4 5232 2 5233 3 5234 4 5235 2 5236 3 5237 4 5238 2 5239 3 5240 4 5241 2 5242 3 5243 4 5244 4 5245 3 5246 4 5247 4 5248 2 5249 3 5250 4 5251 2 5252 3 5253 4 5254 2 5255 3 5256 4 5257 2 5258 3 5259 4 5260 4 5261 4 5262 4 5263 2 5264 3 5265 4 5266 2 5267 3 5268 4 5269 2 5270 3 5271 4 5272 2 5273 3 5274 4 5275 2 5276 3 5277 4 5278 4 5279 4 5280 4 5281 2 5282 3 5283 4 5284 2 5285 3 5286 4 5287 2 5288 3 5289 4 5290 2 5291 3 5292 4 5293 4 5294 4 5295 2 5296 3 5297 4 5298 4 5299 2 5300 3 5301 4 5302 4 5303 2 5304 3 5305 4 5306 4 5307 4 5308 4 5309 4 5310 4 5311 2 5312 3 5313 4 5314 4 5315 4 5316 3 5317 4 5318 4 5319 4 5320 4 5321 4 5322 4 5323 4 5324 4 5325 4 5326 4 5327 2 5328 3 5329 4 5330 2 5331 3 5332 4 5333 2 5334 3 5335 4 5336 2 5337 3 5338 4 5339 4 5340 2 5341 3 5342 4 5343 2 5344 3 5345 4 5346 2 5347 3 5348 4 5349 2 5350 3 5351 4 5352 2 5353 3 5354 4 5355 2 5356 3 5357 4 5358 2 5359 3 5360 4 5361 2 5362 3 5363 4 5364 2 5365 3 5366 4 5367 2 5368 3 5369 4 5370 2 5371 3 5372 4 5373 2 5374 3 5375 4 5376 2 5377 3 5378 4 5379 2 5380 3 5381 4 5382 2 5383 3 5384 4 5385 2 5386 3 5387 4 5388 2 5389 3 5390 4 5391 2 5392 3 5393 4 5394 2 5395 3 5396 4 5397 2 5398 3 5399 4 5400 2 5401 3 5402 4 5403 2 5404 3 5405 4 5406 2 5407 3 5408 4 5409 2 5410 3 5411 4 5412 2 5413 3 5414 4 5415 2 5416 3 5417 4 5418 2 5419 3 5420 4 5421 10 5422 2 5423 3 5424 4 5425 2 5426 3 5427 4 5428 0 5429 1 5430 2 5431 0 5432 1 5433 2 5434 0 5435 1 5436 2 5437 0 5438 1 5439 2 5440 3 5441 1 5442 2 5443 3 5444 1 5445 2 5446 3 5447 1 5448 2 5449 3 5450 1 5451 2 5452 3 5453 1 5454 2 5455 3 5456 0 5457 1 5458 2 5459 3 5460 1 5461 2 5462 3 5463 1 5464 2 5465 3 5466 0 5467 1 5468 2 5469 3 5470 0 5471 1 5472 2 5473 3 5474 1 5475 2 5476 3 5477 1 5478 2 5479 3 5480 0 5481 1 5482 2 5483 3 5484 0 5485 1 5486 2 5487 3 5488 1 5489 2 5490 3 5491 1 5492 2 5493 3 5494 0 5495 1 5496 2 5497 3 5498 0 5499 1 5500 2 5501 3 5502 0 5503 1 5504 2 5505 3 5506 0 5507 1 5508 2 5509 3 5510 0 5511 1 5512 2 5513 3 5514 1 5515 2 5516 3 5517 1 5518 2 5519 3 5520 1 5521 2 5522 3 5523 1 5524 2 5525 3 5526 1 5527 2 5528 3 5529 4 5530 1 5531 2 5532 3 5533 4 5534 1 5535 2 5536 3 5537 4 5538 1 5539 2 5540 3 5541 1 5542 2 5543 3 5544 1 5545 2 5546 3 5547 1 5548 2 5549 3 5550 4 5551 1 5552 2 5553 3 5554 4 5555 2 5556 3 5557 4 5558 2 5559 3 5560 4 5561 2 5562 3 5563 4 5564 2 5565 3 5566 4 5567 2 5568 3 5569 4 5570 2 5571 3 5572 4 5573 2 5574 3 5575 4 5576 2 5577 3 5578 4 5579 2 5580 3 5581 4 5582 2 5583 3 5584 4 5585 2 5586 3 5587 4 5588 2 5589 3 5590 4 5591 2 5592 3 5593 4 5594 2 5595 3 5596 4 5597 4 5598 4 5599 4 5600 2 5601 3 5602 4 5603 4 5604 2 5605 3 5606 4 5607 2 5608 3 5609 4 5610 4 5611 4 5612 4 5613 4 5614 4 5615 4 5616 4 5617 4 5618 4 5619 4 5620 4 5621 4 5622 4 5623 4 5624 4 5625 4 5626 4 5627 4 5628 4 5629 4 5630 0 5631 1 5632 2 5633 13 5634 0 5635 1 5636 2 5637 13 5638 0 5639 1 5640 2 5641 13 5642 0 5643 1 5644 2 5645 13 5646 0 5647 1 5648 2 5649 13 5650 12 5651 12 5652 12 5653 12 5654 12 5655 12 5656 12 5657 12 5658 12 5659 12 5660 12 5661 12 5662 12 5663 12 5664 12 5665 12 5666 12 5667 12 5668 12 5669 12 5670 12 5671 12 5672 12 5673 12 5674 12 5675 12 5676 12 5677 12 5678 12 5679 12 5680 12 5681 12 5682 12 5683 12 5684 12 5685 12 5686 12 5687 12 5688 12 5689 12 5690 12 5691 12 5692 2 5693 3 5694 8 5695 2 5696 3 5697 7 5698 8 5699 2 5700 3 5701 8 5702 2 5703 3 5704 7 5705 8 5706 2 5707 3 5708 7 5709 8 5710 2 5711 3 5712 4 5713 2 5714 3 5715 8 5716 2 5717 3 5718 7 5719 2 5720 3 5721 7 5722 2 5723 3 5724 7 5725 2 5726 3 5727 2 5728 3 5729 4 5730 2 5731 3 5732 6 5733 7 5734 2 5735 3 5736 6 5737 7 5738 2 5739 3 5740 6 5741 7 5742 2 5743 3 5744 7 5745 2 5746 3 5747 4 5748 2 5749 3 5750 4 5751 2 5752 3 5753 4 5754 2 5755 3 5756 6 5757 7 5758 2 5759 3 5760 6 5761 7 5762 2 5763 3 5764 6 5765 7 5766 2 5767 3 5768 4 5769 6 5770 1 5771 2 5772 3 5773 6 5774 2 5775 3 5776 6 5777 7 5778 2 5779 3 5780 6 5781 7 5782 2 5783 3 5784 6 5785 7 5786 2 5787 3 5788 6 5789 1 5790 2 5791 3 5792 6 5793 2 5794 3 5795 6 5796 1 5797 2 5798 3 5799 1 5800 2 5801 3 5802 1 5803 2 5804 3 5805 6 5806 1 5807 2 5808 3 5809 1 5810 2 5811 3 5812 1 5813 2 5814 3 5815 1 5816 2 5817 3 5818 1 5819 2 5820 3 5821 1 5822 2 5823 17 5824 1 5825 2 5826 17 5827 20 5828 1 5829 2 5830 17 5831 20 5832 1 5833 2 5834 17 5835 20 5836 1 5837 2 5838 17 5839 20 5840 1 5841 2 5842 17 5843 20 5844 1 5845 2 5846 17 5847 20 5848 1 5849 2 5850 17 5851 20 5852 1 5853 2 5854 17 5855 20 5856 1 5857 2 5858 17 5859 20 5860 1 5861 2 5862 17 5863 20 5864 1 5865 2 5866 17 5867 20 5868 1 5869 2 5870 17 5871 20 5872 1 5873 2 5874 17 5875 20 5876 1 5877 2 5878 17 5879 1 5880 2 5881 17 5882 20 5883 1 5884 2 5885 17 5886 20 5887 1 5888 2 5889 17 5890 20 5891 1 5892 2 5893 17 5894 20 5895 1 5896 2 5897 17 5898 1 5899 14 5900 17 5901 20 5902 1 5903 14 5904 20 5905 1 5906 14 5907 15 5908 17 5909 1 5910 14 5911 15 5912 1 5913 14 5914 15 5915 1 5916 14 5917 1 5918 14 5919 1 5920 14 5921 15 5922 2 5923 3 5924 4 5925 2 5926 3 5927 4 5928 2 5929 3 5930 4 5931 2 5932 3 5933 4 5934 2 5935 3 5936 4 5937 4 5938 2 5939 3 5940 4 5941 4 5942 4 5943 4 5944 4 5945 4 5946 4 5947 4 5948 4 5949 4 5950 4 5951 4 5952 4 5953 4 5954 4 5955 1 5956 2 5957 13 5958 19 5959 1 5960 2 5961 18 5962 19 5963 1 5964 2 5965 13 5966 19 5967 1 5968 2 5969 18 5970 19 5971 1 5972 18 5973 19 5974 1 5975 2 5976 18 5977 19 5978 1 5979 16 5980 18 5981 19 5982 1 5983 18 5984 19 5985 1 5986 2 5987 18 5988 19 5989 1 5990 2 5991 18 5992 19 5993 1 5994 16 5995 18 5996 19 5997 2 5998 3 5999 4 6000 2 6001 3 6002 4 6003 2 6004 3 6005 4 6006 2 6007 3 6008 4 6009 2 6010 3 6011 4 6012 2 6013 3 6014 4 6015 3 6016 4 6017 2 6018 3 6019 4 6020 4 6021 4 6022 4 6023 4 6024 2 6025 3 6026 4 6027 2 6028 3 6029 4 6030 12 6031 12 6032 12 6033 12 6034 12 6035 12 6036 12 6037 12 6038 12 6039 12 6040 12 6041 12 6042 12 6043 12 6044 12 6045 12 6046 12 6047 12 6048 12 6049 12 6050 12 6051 12 6052 12 6053 12 6054 12 6055 12 6056 12 6057 12 6058 12 6059 12 6060 12 6061 12 6062 12 6063 12 6064 12 6065 12 6066 12 6067 12 6068 12 6069 12 6070 12 6071 12 6072 12 6073 12 6074 12 6075 12 6076 12 6077 12 6078 12 6079 12 6080 12 6081 12 6082 12 6083 12 6084 12 6085 12 6086 12 6087 12 6088 12 6089 12 6090 12 6091 12 6092 12 6093 12 6094 12 6095 12 6096 12 6097 12 6098 12 6099 12 6100 12 6101 12 6102 12 6103 12 6104 12 6105 12 6106 12 6107 12 6108 12 6109 12 6110 12 6111 12 6112 12 6113 12 6114 12 6115 12 6116 12 6117 12 6118 12 6119 12 6120 12 6121 12 6122 12 6123 12 6124 12 6125 12 6126 12 6127 12 6128 12 6129 12 6130 12 6131 12 6132 12 6133 12 6134 12 6135 12 6136 12 6137 12 6138 12 6139 12 6140 12 6141 12 6142 12 6143 12 6144 12 6145 12 6146 12 6147 12 6148 12 6149 12 6150 12 6151 12 6152 12 6153 12 6154 12 6155 12 6156 12 6157 12 6158 12 6159 12 6160 12 6161 12 6162 12 6163 2 6164 3 6165 4 6166 4 6167 4 6168 4 6169 4 6170 4 6171 4 6172 4 6173 4 6174 4 6175 2 6176 3 6177 4 6178 2 6179 3 6180 4 6181 2 6182 3 6183 4 6184 4 6185 4 6186 4 6187 4 6188 4 6189 2 6190 3 6191 4 6192 2 6193 3 6194 4 6195 2 6196 3 6197 4 6198 4 6199 4 6200 4 6201 4 6202 4 6203 4 6204 4 6205 1 6206 2 6207 3 6208 4 6209 1 6210 2 6211 3 6212 4 6213 1 6214 2 6215 3 6216 4 6217 1 6218 2 6219 3 6220 4 6221 1 6222 2 6223 3 6224 4 6225 1 6226 2 6227 3 6228 4 6229 1 6230 2 6231 3 6232 1 6233 2 6234 3 6235 1 6236 2 6237 3 6238 4 6239 1 6240 2 6241 3 6242 1 6243 2 6244 3 6245 1 6246 2 6247 3 6248 1 6249 2 6250 3 6251 4 6252 1 6253 2 6254 3 6255 1 6256 2 6257 3 6258 1 6259 2 6260 3 6261 1 6262 2 6263 3 6264 1 6265 2 6266 3 6267 1 6268 2 6269 3 6270 1 6271 2 6272 3 6273 1 6274 2 6275 3 6276 1 6277 2 6278 3 6279 1 6280 2 6281 3 6282 1 6283 2 6284 3 6285 1 6286 2 6287 3 6288 1 6289 2 6290 3 6291 1 6292 2 6293 3 6294 1 6295 2 6296 3 6297 1 6298 2 6299 3 6300 1 6301 2 6302 3 6303 1 6304 2 6305 3 6306 1 6307 2 6308 3 6309 1 6310 2 6311 3 6312 1 6313 2 6314 3 6315 0 6316 1 6317 2 6318 3 6319 0 6320 1 6321 2 6322 3 6323 1 6324 2 6325 3 6326 0 6327 1 6328 2 6329 3 6330 0 6331 1 6332 2 6333 0 6334 1 6335 2 6336 0 6337 1 6338 2 6339 3 6340 0 6341 1 6342 2 6343 0 6344 1 6345 2 6346 0 6347 1 6348 2 6349 3 6350 0 6351 1 6352 2 6353 0 6354 1 6355 2 6356 0 6357 1 6358 2 6359 0 6360 1 6361 2 6362 0 6363 1 6364 2 6365 0 6366 1 6367 2 6368 0 6369 1 6370 2 6371 3 6372 0 6373 1 6374 2 6375 0 6376 1 6377 2 6378 0 6379 1 6380 2 6381 0 6382 1 6383 2 6384 0 6385 1 6386 2 6387 0 6388 1 6389 2 6390 0 6391 1 6392 2 6393 0 6394 1 6395 2 6396 0 6397 1 6398 2 6399 0 6400 1 6401 2 6402 0 6403 1 6404 2 6405 0 6406 1 6407 2 6408 0 6409 1 6410 2 6411 0 6412 1 6413 2 6414 0 6415 1 6416 2 6417 0 6418 1 6419 2 6420 0 6421 1 6422 2 6423 0 6424 1 6425 2 6426 0 6427 1 6428 2 6429 0 6430 1 6431 2 6432 0 6433 1 6434 2 6435 13 6436 0 6437 1 6438 2 6439 0 6440 1 6441 2 6442 13 6443 0 6444 1 6445 2 6446 13 6447 0 6448 1 6449 2 6450 13 6451 0 6452 1 6453 2 6454 0 6455 1 6456 2 6457 13 6458 0 6459 1 6460 2 6461 0 6462 1 6463 2 6464 13 6465 0 6466 1 6467 2 6468 13 6469 0 6470 1 6471 2 6472 13 6473 0 6474 1 6475 2 6476 13 6477 0 6478 1 6479 2 6480 13 6481 0 6482 1 6483 0 6484 1 6485 0 6486 1 6487 2 6488 13 6489 0 6490 1 6491 2 6492 13 6493 0 6494 1 6495 2 6496 13 6497 0 6498 1 6499 2 6500 13 6501 0 6502 1 6503 13 6504 0 6505 1 6506 0 6507 1 6508 2 6509 13 6510 12 6511 12 6512 12 6513 12 6514 12 6515 12 6516 11 6517 11 6518 11 6519 11 6520 11 6521 11 6522 11 6523 11 6524 11 6525 11 6526 11 6527 11 6528 11 6529 11 6530 11 6531 11 6532 11 6533 11 6534 11 6535 11 6536 11 6537 11 6538 11 6539 11 6540 11 6541 11 6542 11 6543 11 6544 11 6545 11 6546 11 6547 11 6548 11 6549 11 6550 11 6551 11 6552 11 6553 11 6554 11 6555 11 6556 11 6557 11 6558 11 6559 11 6560 11 6561 11 6562 11 6563 11 6564 11 6565 11 6566 11 6567 11 6568 11 6569 11 6570 11 6571 11 6572 11 6573 11 6574 11 6575 11 6576 11 6577 11 6578 11 6579 11 6580 11 6581 11 6582 11 6583 11 6584 11 6585 11 6586 11 6587 11 6588 11 6589 11 6590 11 6591 11 6592 11 6593 11 6594 11 6595 11 6596 11 6597 11 6598 11 6599 11 6600 11 6601 11 6602 11 6603 11 6604 11 6605 11 6606 11 6607 11 6608 11 6609 11 6610 11 6611 11 6612 11 6613 11 6614 11 6615 11 6616 11 6617 11 6618 11 6619 11 6620 11 6621 11 6622 11 6623 11 6624 11 6625 11 6626 11 6627 11 6628 11 6629 11 6630 11 6631 11 6632 11 6633 11 6634 11 6635 11 6636 11 6637 11 6638 11 6639 11 6640 11 6641 11 6642 11 6643 11 6644 11 6645 11 6646 11 6647 11 6648 11 6649 11 6650 11 6651 11 6652 11 6653 11 6654 11 6655 11 6656 11 6657 11 6658 11 6659 0 6660 1 6661 2 6662 13 6663 0 6664 1 6665 13 6666 0 6667 1 6668 13 6669 0 6670 1 6671 13 6672 0 6673 1 6674 13 6675 0 6676 1 6677 13 6678 0 6679 1 6680 2 6681 13 6682 0 6683 1 6684 13 6685 0 6686 1 6687 2 6688 13 6689 0 6690 1 6691 13 6692 0 6693 1 6694 13 6695 0 6696 1 6697 13 6698 0 6699 1 6700 13 6701 0 6702 1 6703 13 6704 0 6705 1 6706 13 6707 0 6708 1 6709 13 6710 0 6711 1 6712 13 6713 0 6714 1 6715 13 6716 0 6717 1 6718 13 6719 0 6720 1 6721 13 6722 0 6723 1 6724 13 6725 0 6726 1 6727 13 6728 0 6729 1 6730 13 6731 0 6732 1 6733 13 6734 0 6735 1 6736 13 6737 0 6738 1 6739 13 6740 0 6741 1 6742 13 6743 0 6744 1 6745 13 6746 0 6747 1 6748 13 6749 0 6750 1 6751 13 6752 0 6753 1 6754 13 6755 0 6756 1 6757 13 6758 0 6759 1 6760 13 6761 0 6762 0 6763 1 6764 13 6765 0 6766 1 6767 13 6768 0 6769 1 6770 13 6771 0 6772 0 6773 1 6774 13 6775 0 6776 0 6777 1 6778 13 6779 0 6780 1 6781 13 6782 0 6783 1 6784 13 6785 0 6786 1 6787 13 6788 0 6789 1 6790 13 6791 0 6792 0 6793 1 6794 13 6795 0 6796 1 6797 13 6798 0 6799 0 6800 1 6801 13 6802 0 6803 0 6804 1 6805 13 6806 0 6807 1 6808 13 6809 0 6810 13 6811 0 6812 1 6813 13 6814 0 6815 1 6816 13 6817 0 6818 13 6819 0 6820 1 6821 13 6822 0 6823 13 6824 0 6825 1 6826 13 6827 0 6828 1 6829 13 6830 0 6831 13 6832 0 6833 1 6834 13 6835 0 6836 1 6837 13 6838 0 6839 1 6840 13 6841 0 6842 1 6843 13 6844 0 6845 13 6846 0 6847 1 6848 13 6849 0 6850 1 6851 13 6852 0 6853 1 6854 13 6855 0 6856 1 6857 13 6858 0 6859 1 6860 13 6861 0 6862 1 6863 13 6864 0 6865 13 6866 0 6867 1 6868 13 6869 0 6870 1 6871 13 6872 0 6873 1 6874 13 6875 0 6876 1 6877 13 6878 0 6879 1 6880 13 6881 0 6882 1 6883 13 6884 0 6885 1 6886 13 6887 0 6888 1 6889 13 6890 0 6891 0 6892 1 6893 13 6894 0 6895 1 6896 13 6897 0 6898 1 6899 13 6900 0 6901 1 6902 13 6903 0 6904 13 6905 0 6906 1 6907 13 6908 0 6909 1 6910 13 6911 0 6912 1 6913 13 6914 0 6915 1 6916 13 6917 0 6918 1 6919 13 6920 0 6921 1 6922 13 6923 0 6924 1 6925 13 6926 0 6927 1 6928 13 6929 0 6930 1 6931 13 6932 0 6933 1 6934 13 6935 0 6936 1 6937 13 6938 0 6939 1 6940 13 6941 0 6942 1 6943 13 6944 0 6945 1 6946 13 6947 0 6948 1 6949 13 6950 0 6951 1 6952 13 6953 0 6954 1 6955 13 6956 0 6957 1 6958 13 6959 0 6960 1 6961 13 6962 0 6963 1 6964 13 6965 0 6966 1 6967 13 6968 0 6969 1 6970 13 6971 0 6972 1 6973 13 6974 11 6975 11 6976 11 6977 11 6978 11 6979 11 6980 11 6981 11 6982 11 6983 11 6984 11 6985 11 6986 11 6987 11 6988 11 6989 11 6990 11 6991 11 6992 11 6993 11 6994 11 6995 11 6996 11 6997 11 6998 11 6999 11 7000 11 7001 11 7002 11 7003 11 7004 11 7005 11 7006 11 7007 11 7008 11 7009 11 7010 11 7011 11 7012 11 7013 11 7014 11 7015 11 7016 11 7017 11 7018 11 7019 11 7020 11 7021 11 7022 11 7023 11 7024 11 7025 11 7026 11 7027 11 7028 11 7029 11 7030 11 7031 11 7032</v>
        </vertex_weights>
      </skin>
    </controller>
  </library_controllers>
  <library_visual_scenes>
    <visual_scene id="Scene" name="Scene">
      <node id="Reference" name="Reference" type="NODE">
        <matrix sid="transform">1 0 0 0 0 -1.62921e-7 -1 0 0 1 -1.62921e-7 0 0 0 0 1</matrix>
        <node id="Reference_AITrajectory" name="AITrajectory" sid="AITrajectory" type="JOINT">
          <matrix sid="transform">1 0 0 0 0 1 0 0 0 0 1 0 0 0 0 1</matrix>
          <node id="Reference_Trajectory" name="Trajectory" sid="Trajectory" type="JOINT">
            <matrix sid="transform">-4.37114e-8 0 -1 0 0 0.9999999 0 0 1 0 -4.37114e-8 0 0 0 0 1</matrix>
            <extra>
              <technique profile="blender">
                <layer sid="layer" type="string">0</layer>
                <roll sid="roll" type="float">-1.570796</roll>
                <tip_x sid="tip_x" type="float">0</tip_x>
                <tip_y sid="tip_y" type="float">0.5776951</tip_y>
                <tip_z sid="tip_z" type="float">0</tip_z>
              </technique>
            </extra>
          </node>
          <node id="Reference_CameraBase" name="CameraBase" sid="CameraBase" type="JOINT">
            <matrix sid="transform">1 0 0 4.95617e-16 0 1 0 2.294708 0 0 1 0 0 0 0 1</matrix>
            <node id="Reference_CameraJoint" name="CameraJoint" sid="CameraJoint" type="JOINT">
              <matrix sid="transform">1 0 0 0 0 0.9999999 0 -2.38419e-7 0 0 1 0.07717529 0 0 0 1</matrix>
              <extra>
                <technique profile="blender">
                  <layer sid="layer" type="string">0</layer>
                  <tip_x sid="tip_x" type="float">0</tip_x>
                  <tip_y sid="tip_y" type="float">0.07717537</tip_y>
                  <tip_z sid="tip_z" type="float">0</tip_z>
                </technique>
              </extra>
            </node>
            <extra>
              <technique profile="blender">
                <layer sid="layer" type="string">0</layer>
                <tip_x sid="tip_x" type="float">0</tip_x>
                <tip_y sid="tip_y" type="float">0.07717537</tip_y>
                <tip_z sid="tip_z" type="float">0</tip_z>
              </technique>
            </extra>
          </node>
          <node id="Reference_Connect" name="Connect" sid="Connect" type="JOINT">
            <matrix sid="transform">-4.37114e-8 0 -1 0 0 0.9999999 0 0 1 0 -4.37114e-8 0 0 0 0 1</matrix>
            <extra>
              <technique profile="blender">
                <layer sid="layer" type="string">0</layer>
                <roll sid="roll" type="float">-1.570796</roll>
                <tip_x sid="tip_x" type="float">0</tip_x>
                <tip_y sid="tip_y" type="float">0.5776951</tip_y>
                <tip_z sid="tip_z" type="float">0</tip_z>
              </technique>
            </extra>
          </node>
          <node id="Reference_Hips" name="Hips" sid="Hips" type="JOINT">
            <matrix sid="transform">-4.37114e-8 0 1 0 1 0 4.37114e-8 0.01607275 0 0.9999999 0 0 0 0 0 1</matrix>
            <node id="Reference_Wep_Root" name="Wep_Root" sid="Wep_Root" type="JOINT">
              <matrix sid="transform">-1.56962e-7 0.9999999 4.96705e-8 0 -4.37114e-8 -4.96705e-8 1 -3.72529e-9 1 8.74228e-8 4.37114e-8 0 0 0 0 1</matrix>
              <node id="Reference_Wep_Mag" name="Wep_Mag" sid="Wep_Mag" type="JOINT">
                <matrix sid="transform">1 -8.48697e-15 -4.37114e-8 -1.5299e-8 7.10543e-15 1 0 -5.96046e-8 4.37114e-8 0 1 0.35 0 0 0 1</matrix>
                <extra>
                  <technique profile="blender">
                    <layer sid="layer" type="string">0</layer>
                    <roll sid="roll" type="float">0</roll>
                    <tip_x sid="tip_x" type="float">0</tip_x>
                    <tip_y sid="tip_y" type="float">0.3</tip_y>
                    <tip_z sid="tip_z" type="float">0</tip_z>
                  </technique>
                </extra>
              </node>
              <node id="Reference_Wep_Aim" name="Wep_Aim" sid="Wep_Aim" type="JOINT">
                <matrix sid="transform">1 -5.72388e-15 -4.37114e-8 -1.09278e-8 0 1 -9.93411e-8 -2.98023e-8 4.37114e-8 9.93411e-8 1 0.25 0 0 0 1</matrix>
                <extra>
                  <technique profile="blender">
                    <layer sid="layer" type="string">0</layer>
                    <roll sid="roll" type="float">0</roll>
                    <tip_x sid="tip_x" type="float">0</tip_x>
                    <tip_y sid="tip_y" type="float">0.3</tip_y>
                    <tip_z sid="tip_z" type="float">0</tip_z>
                  </technique>
                </extra>
              </node>
              <extra>
                <technique profile="blender">
                  <layer sid="layer" type="string">0</layer>
                  <roll sid="roll" type="float">0</roll>
                  <tip_x sid="tip_x" type="float">0</tip_x>
                  <tip_y sid="tip_y" type="float">0.3</tip_y>
                  <tip_z sid="tip_z" type="float">0</tip_z>
                </technique>
              </extra>
            </node>
            <node id="Reference_Spine" name="Spine" sid="Spine" type="JOINT">
              <matrix sid="transform">1 0 3.55271e-15 0.08487402 0 1 0 -3.72529e-9 -3.55271e-15 0 1 3.70996e-9 0 0 0 1</matrix>
              <node id="Reference_Spine1" name="Spine1" sid="Spine1" type="JOINT">
                <matrix sid="transform">1 0 -3.55271e-15 0.8696804 0 1 0 0 3.55271e-15 0 1 3.80149e-8 0 0 0 1</matrix>
                <node id="Reference_Spine2" name="Spine2" sid="Spine2" type="JOINT">
                  <matrix sid="transform">1 0 0 0.8696804 0 1 0 0 0 0 1 3.80149e-8 0 0 0 1</matrix>
                  <node id="Reference_Spine3" name="Spine3" sid="Spine3" type="JOINT">
                    <matrix sid="transform">1 0 3.55271e-15 0.8696805 0 1 0 4.44089e-16 0 0 1 3.80149e-8 0 0 0 1</matrix>
                    <node id="Reference_Spine4" name="Spine4" sid="Spine4" type="JOINT">
                      <matrix sid="transform">1 0 -3.55271e-15 0.8696804 0 1 0 -5.96046e-8 3.55271e-15 0 1 3.80149e-8 0 0 0 1</matrix>
                      <node id="Reference_HeadHandle" name="HeadHandle" sid="HeadHandle" type="JOINT">
                        <matrix sid="transform">0.5206761 -0.8531998 -0.03076161 0.04563403 0.5653868 0.3715844 -0.7363849 0.1084355 0.639714 0.3660259 0.6758631 -0.1788142 0 0 0 1</matrix>
                        <extra>
                          <technique profile="blender">
                            <layer sid="layer" type="string">0</layer>
                            <roll sid="roll" type="float">2.289647</roll>
                            <tip_x sid="tip_x" type="float">0.07834595</tip_x>
                            <tip_y sid="tip_y" type="float">-0.1826231</tip_y>
                            <tip_z sid="tip_z" type="float">0.07953578</tip_z>
                          </technique>
                        </extra>
                      </node>
                      <extra>
                        <technique profile="blender">
                          <layer sid="layer" type="string">0</layer>
                          <roll sid="roll" type="float">1.570796</roll>
                          <tip_x sid="tip_x" type="float">0</tip_x>
                          <tip_y sid="tip_y" type="float">0</tip_y>
                          <tip_z sid="tip_z" type="float">0.214045</tip_z>
                        </technique>
                      </extra>
                    </node>
                    <extra>
                      <technique profile="blender">
                        <layer sid="layer" type="string">0</layer>
                        <roll sid="roll" type="float">1.570796</roll>
                        <tip_x sid="tip_x" type="float">0</tip_x>
                        <tip_y sid="tip_y" type="float">0</tip_y>
                        <tip_z sid="tip_z" type="float">0.8696804</tip_z>
                      </technique>
                    </extra>
                  </node>
                  <node id="Reference_Right_EyeBrow2" name="Right_EyeBrow2" sid="Right_EyeBrow2" type="JOINT">
                    <matrix sid="transform">1 0 0 0.9332725 0 1 0 1.14826 3.55271e-15 0 1 -0.6946547 0 0 0 1</matrix>
                    <extra>
                      <technique profile="blender">
                        <layer sid="layer" type="string">0</layer>
                        <roll sid="roll" type="float">1.570796</roll>
                        <tip_x sid="tip_x" type="float">0</tip_x>
                        <tip_y sid="tip_y" type="float">0</tip_y>
                        <tip_z sid="tip_z" type="float">1.337596</tip_z>
                      </technique>
                    </extra>
                  </node>
                  <node id="Reference_Right_EyeBrow1" name="Right_EyeBrow1" sid="Right_EyeBrow1" type="JOINT">
                    <matrix sid="transform">1 0 3.55271e-15 0.7392017 0 1 0 1.315659 0 0 1 -0.4110755 0 0 0 1</matrix>
                    <extra>
                      <technique profile="blender">
                        <layer sid="layer" type="string">0</layer>
                        <roll sid="roll" type="float">1.570796</roll>
                        <tip_x sid="tip_x" type="float">0</tip_x>
                        <tip_y sid="tip_y" type="float">0</tip_y>
                        <tip_z sid="tip_z" type="float">1.337597</tip_z>
                      </technique>
                    </extra>
                  </node>
                  <node id="Reference_Mid_EyeBrow" name="Mid_EyeBrow" sid="Mid_EyeBrow" type="JOINT">
                    <matrix sid="transform">1 0 0 0.5331351 0 1 0 1.36339 3.55271e-15 0 1 -0.03138169 0 0 0 1</matrix>
                    <extra>
                      <technique profile="blender">
                        <layer sid="layer" type="string">0</layer>
                        <roll sid="roll" type="float">1.570796</roll>
                        <tip_x sid="tip_x" type="float">0</tip_x>
                        <tip_y sid="tip_y" type="float">0</tip_y>
                        <tip_z sid="tip_z" type="float">1.337597</tip_z>
                      </technique>
                    </extra>
                  </node>
                  <node id="Reference_Left_EyeBrow1" name="Left_EyeBrow1" sid="Left_EyeBrow1" type="JOINT">
                    <matrix sid="transform">1 0 0 0.7012171 0 0.9999999 0 1.283623 3.55271e-15 0 1 0.3261568 0 0 0 1</matrix>
                    <extra>
                      <technique profile="blender">
                        <layer sid="layer" type="string">0</layer>
                        <roll sid="roll" type="float">1.570796</roll>
                        <tip_x sid="tip_x" type="float">0</tip_x>
                        <tip_y sid="tip_y" type="float">0</tip_y>
                        <tip_z sid="tip_z" type="float">1.337597</tip_z>
                      </technique>
                    </extra>
                  </node>
                  <node id="Reference_Left_EyeBrow2" name="Left_EyeBrow2" sid="Left_EyeBrow2" type="JOINT">
                    <matrix sid="transform">1 0 3.55271e-15 0.8948082 0 1 0 1.099332 0 0 1 0.5850313 0 0 0 1</matrix>
                    <extra>
                      <technique profile="blender">
                        <layer sid="layer" type="string">0</layer>
                        <roll sid="roll" type="float">1.570796</roll>
                        <tip_x sid="tip_x" type="float">0</tip_x>
                        <tip_y sid="tip_y" type="float">0</tip_y>
                        <tip_z sid="tip_z" type="float">1.337597</tip_z>
                      </technique>
                    </extra>
                  </node>
                  <node id="Reference_Right_Eye" name="Right_Eye" sid="Right_Eye" type="JOINT">
                    <matrix sid="transform">0.2826664 -0.9592183 -3.39784e-8 0.4214839 0.9592183 0.2826663 4.23407e-8 0.9654226 -3.10094e-8 -4.4561e-8 1 -0.3724288 0 0 0 1</matrix>
                    <extra>
                      <technique profile="blender">
                        <layer sid="layer" type="string">0</layer>
                        <roll sid="roll" type="float">1.570796</roll>
                        <tip_x sid="tip_x" type="float">0</tip_x>
                        <tip_y sid="tip_y" type="float">-1.283047</tip_y>
                        <tip_z sid="tip_z" type="float">0.3780935</tip_z>
                      </technique>
                    </extra>
                  </node>
                  <node id="Reference_Left_Eye" name="Left_Eye" sid="Left_Eye" type="JOINT">
                    <matrix sid="transform">0.3170038 -0.9483964 -0.007272612 0.3993317 0.9436956 0.3161789 -0.09731112 0.8856871 0.09458897 0.02398487 0.9952275 0.3065204 0 0 0 1</matrix>
                    <extra>
                      <technique profile="blender">
                        <layer sid="layer" type="string">0</layer>
                        <roll sid="roll" type="float">1.623572</roll>
                        <tip_x sid="tip_x" type="float">0.03208214</tip_x>
                        <tip_y sid="tip_y" type="float">-1.268572</tip_y>
                        <tip_z sid="tip_z" type="float">0.4229198</tip_z>
                      </technique>
                    </extra>
                  </node>
                  <extra>
                    <technique profile="blender">
                      <layer sid="layer" type="string">0</layer>
                      <roll sid="roll" type="float">1.570796</roll>
                      <tip_x sid="tip_x" type="float">0</tip_x>
                      <tip_y sid="tip_y" type="float">0</tip_y>
                      <tip_z sid="tip_z" type="float">1.337597</tip_z>
                    </technique>
                  </extra>
                </node>
                <node id="Reference_Jaw" name="Jaw" sid="Jaw" type="JOINT">
                  <matrix sid="transform">-0.277714 0.9606636 7.35058e-8 1.112122 0.9606639 0.2777141 -1.03064e-7 -0.06944335 -1.19424e-7 4.19919e-8 -1 4.86124e-8 0 0 0 1</matrix>
                  <node id="Reference_Mid_LowerMouth" name="Mid_LowerMouth" sid="Mid_LowerMouth" type="JOINT">
                    <matrix sid="transform">-0.2777142 0.960664 -1.19696e-7 1.723162 0.9606638 0.2777141 4.16298e-8 0.3620304 7.32335e-8 -1.03426e-7 -1 0.106358 0 0 0 1</matrix>
                    <extra>
                      <technique profile="blender">
                        <layer sid="layer" type="string">0</layer>
                        <roll sid="roll" type="float">1.570796</roll>
                        <tip_x sid="tip_x" type="float">0</tip_x>
                        <tip_y sid="tip_y" type="float">0</tip_y>
                        <tip_z sid="tip_z" type="float">1.728901</tip_z>
                      </technique>
                    </extra>
                  </node>
                  <node id="Reference_Right_LowerMouth" name="Right_LowerMouth" sid="Right_LowerMouth" type="JOINT">
                    <matrix sid="transform">-0.277714 0.9606635 -1.19696e-7 1.487176 0.9606637 0.277714 4.16299e-8 0.08731306 7.32335e-8 -1.03426e-7 -1 0.8946874 0 0 0 1</matrix>
                    <extra>
                      <technique profile="blender">
                        <layer sid="layer" type="string">0</layer>
                        <roll sid="roll" type="float">1.570796</roll>
                        <tip_x sid="tip_x" type="float">0</tip_x>
                        <tip_y sid="tip_y" type="float">0</tip_y>
                        <tip_z sid="tip_z" type="float">1.728901</tip_z>
                      </technique>
                    </extra>
                  </node>
                  <node id="Reference_Left_LowerMouth" name="Left_LowerMouth" sid="Left_LowerMouth" type="JOINT">
                    <matrix sid="transform">-0.277714 0.9606636 -1.19696e-7 1.567059 0.9606637 0.277714 4.16298e-8 0.1172124 7.32335e-8 -1.03426e-7 -1 -0.608011 0 0 0 1</matrix>
                    <extra>
                      <technique profile="blender">
                        <layer sid="layer" type="string">0</layer>
                        <roll sid="roll" type="float">1.570796</roll>
                        <tip_x sid="tip_x" type="float">0</tip_x>
                        <tip_y sid="tip_y" type="float">0</tip_y>
                        <tip_z sid="tip_z" type="float">1.728901</tip_z>
                      </technique>
                    </extra>
                  </node>
                  <extra>
                    <technique profile="blender">
                      <layer sid="layer" type="string">0</layer>
                      <roll sid="roll" type="float">-1.570796</roll>
                      <tip_x sid="tip_x" type="float">0</tip_x>
                      <tip_y sid="tip_y" type="float">1.660892</tip_y>
                      <tip_z sid="tip_z" type="float">0.48014</tip_z>
                    </technique>
                  </extra>
                </node>
                <node id="Reference_Right_UpperMouth" name="Right_UpperMouth" sid="Right_UpperMouth" type="JOINT">
                  <matrix sid="transform">1 0 0 0.7905951 0 1 0 1.269902 0 0 1 -0.8557105 0 0 0 1</matrix>
                  <extra>
                    <technique profile="blender">
                      <layer sid="layer" type="string">0</layer>
                      <roll sid="roll" type="float">1.570796</roll>
                      <tip_x sid="tip_x" type="float">0</tip_x>
                      <tip_y sid="tip_y" type="float">0</tip_y>
                      <tip_z sid="tip_z" type="float">1.497742</tip_z>
                    </technique>
                  </extra>
                </node>
                <node id="Reference_Left_UpperMouth" name="Left_UpperMouth" sid="Left_UpperMouth" type="JOINT">
                  <matrix sid="transform">1 0 0 0.7701422 0 1 0 1.302343 0 0 1 0.5896428 0 0 0 1</matrix>
                  <extra>
                    <technique profile="blender">
                      <layer sid="layer" type="string">0</layer>
                      <roll sid="roll" type="float">1.570796</roll>
                      <tip_x sid="tip_x" type="float">0</tip_x>
                      <tip_y sid="tip_y" type="float">0</tip_y>
                      <tip_z sid="tip_z" type="float">1.497742</tip_z>
                    </technique>
                  </extra>
                </node>
                <node id="Reference_Left_MouthCorner" name="Left_MouthCorner" sid="Left_MouthCorner" type="JOINT">
                  <matrix sid="transform">1 0 0 0.5761997 0 1 0 1.144555 0 0 1 1.027941 0 0 0 1</matrix>
                  <extra>
                    <technique profile="blender">
                      <layer sid="layer" type="string">0</layer>
                      <roll sid="roll" type="float">1.570796</roll>
                      <tip_x sid="tip_x" type="float">0</tip_x>
                      <tip_y sid="tip_y" type="float">0</tip_y>
                      <tip_z sid="tip_z" type="float">1.497742</tip_z>
                    </technique>
                  </extra>
                </node>
                <node id="Reference_Mid_UpperMouth" name="Mid_UpperMouth" sid="Mid_UpperMouth" type="JOINT">
                  <matrix sid="transform">1 0 0 0.9432449 0 1 0 1.47501 0 0 1 -0.1017997 0 0 0 1</matrix>
                  <extra>
                    <technique profile="blender">
                      <layer sid="layer" type="string">0</layer>
                      <roll sid="roll" type="float">1.570796</roll>
                      <tip_x sid="tip_x" type="float">0</tip_x>
                      <tip_y sid="tip_y" type="float">0</tip_y>
                      <tip_z sid="tip_z" type="float">1.497742</tip_z>
                    </technique>
                  </extra>
                </node>
                <node id="Reference_Right_MouthCorner" name="Right_MouthCorner" sid="Right_MouthCorner" type="JOINT">
                  <matrix sid="transform">1 0 3.55271e-15 0.5440252 0 1 0 0.9983435 -3.55271e-15 0 1 -1.338877 0 0 0 1</matrix>
                  <extra>
                    <technique profile="blender">
                      <layer sid="layer" type="string">0</layer>
                      <roll sid="roll" type="float">1.570796</roll>
                      <tip_x sid="tip_x" type="float">0</tip_x>
                      <tip_y sid="tip_y" type="float">0</tip_y>
                      <tip_z sid="tip_z" type="float">1.497742</tip_z>
                    </technique>
                  </extra>
                </node>
                <extra>
                  <technique profile="blender">
                    <layer sid="layer" type="string">0</layer>
                    <roll sid="roll" type="float">1.570796</roll>
                    <tip_x sid="tip_x" type="float">0</tip_x>
                    <tip_y sid="tip_y" type="float">0</tip_y>
                    <tip_z sid="tip_z" type="float">1.497742</tip_z>
                  </technique>
                </extra>
              </node>
              <extra>
                <technique profile="blender">
                  <layer sid="layer" type="string">0</layer>
                  <roll sid="roll" type="float">1.570796</roll>
                  <tip_x sid="tip_x" type="float">0</tip_x>
                  <tip_y sid="tip_y" type="float">0</tip_y>
                  <tip_z sid="tip_z" type="float">0.8696804</tip_z>
                </technique>
              </extra>
            </node>
            <extra>
              <technique profile="blender">
                <layer sid="layer" type="string">0</layer>
                <roll sid="roll" type="float">1.570796</roll>
                <tip_x sid="tip_x" type="float">0</tip_x>
                <tip_y sid="tip_y" type="float">0</tip_y>
                <tip_z sid="tip_z" type="float">0.04243695</tip_z>
              </technique>
            </extra>
          </node>
          <extra>
            <technique profile="blender">
              <layer sid="layer" type="string">0</layer>
              <tip_x sid="tip_x" type="float">0</tip_x>
              <tip_y sid="tip_y" type="float">0.5776951</tip_y>
              <tip_z sid="tip_z" type="float">0</tip_z>
            </technique>
          </extra>
        </node>
      </node>
      <node id="Body_Default_M" name="Body_Default_M" type="NODE">
        <translate sid="location">0 0 0</translate>
        <rotate sid="rotationZ">0 0 1 0</rotate>
        <rotate sid="rotationY">0 1 0 0</rotate>
        <rotate sid="rotationX">1 0 0 0</rotate>
        <scale sid="scale">1 1 1</scale>
        <instance_controller url="#Reference_Body_Default_M-skin">
          <skeleton>#Reference_AITrajectory</skeleton>
          <bind_material>
            <technique_common>
              <instance_material symbol="gigasquash_body_default_color-material" target="#gigasquash_body_default_color-material"/>
            </technique_common>
          </bind_material>
        </instance_controller>
      </node>
    </visual_scene>
  </library_visual_scenes>
  <scene>
    <instance_visual_scene url="#Scene"/>
  </scene>
</COLLADA>